Team,xG,xGA,xGD,Open Play xG,Open Play xGA,Open Play xGD,Set Piece xG,Set Piece xGA,Set Piece xGD,npxG,npxGA,npxGD,Goals,Goals Conceded,GD,GD-xGD,Possession,Field Tilt,Avg Pass Height,xT,xT Against,Passes in Opposition Half,Passes into Box,Shots,Shots Faced,Shots per 1.0 xT,Shots Faced per 1.0 xT Against,PPDA,High Recoveries,High Recoveries Against,Crosses,Corners,Fouls,On-Ball Pressure,On-Ball Pressure Share,Off-Ball Pressure,Off-Ball Pressure Share,Game Control,Game Control Share,Throw-Ins into the Box,Match,Date
Erzgebirge Aue,2.97,2.70,0.27,2.16,1.76,0.40,0.05,0.19,-0.14,2.21,1.94,0.27,4,2,2,1.73,50.10,50.64,43.67,1.4,1.13,178,19,11,19,7.86,16.81,22.18,4,3,19,3,4,60.6,41.59,43.53,40.08,84.93,46.41,5,Schweinfurt 2-4 Erzgebirge Aue,2026-05-16
Schweinfurt,2.70,2.97,-0.27,1.76,2.16,-0.40,0.19,0.05,0.14,1.94,2.21,-0.27,2,4,-2,-1.73,49.90,49.36,48.43,1.13,1.4,214,15,19,11,16.81,7.86,16.96,3,4,24,7,10,85.1,58.41,65.07,59.92,98.07,53.59,1,Schweinfurt 2-4 Erzgebirge Aue,2026-05-16
1860 München,1.66,2.06,-0.40,1.62,1.30,0.32,0.04,0.00,0.04,1.66,1.30,0.36,0,3,-3,-2.60,36.50,36.18,40.45,1.14,1.29,124,12,9,11,7.89,8.53,18.72,4,4,17,3,6,51.2,28.51,122.87,86.29,95.83,35.95,0,Verl 3-0 1860 München,2026-05-16
Verl,2.06,1.66,0.40,1.30,1.62,-0.32,0.00,0.04,-0.04,1.30,1.66,-0.36,3,0,3,2.60,63.50,63.82,46.66,1.29,1.14,338,17,11,9,8.53,7.89,15.57,4,4,15,6,11,128.4,71.49,19.53,13.71,170.76,64.05,3,Verl 3-0 1860 München,2026-05-16
Havelse,2.95,2.91,0.04,2.19,2.04,0.15,0.00,0.10,-0.10,2.19,2.15,0.04,1,6,-5,-5.04,44.90,37.63,42.51,0.89,1.95,141,16,11,15,12.36,7.69,11.74,3,6,10,3,15,53.8,30.24,61.53,58.27,68.41,20.46,0,Alemannia Aachen 6-1 Havelse,2026-05-16
Alemannia Aachen,2.91,2.95,-0.04,2.04,2.19,-0.15,0.10,0.00,0.10,2.15,2.19,-0.04,6,1,5,5.04,55.10,62.37,47.62,1.95,0.89,214,29,15,11,7.69,12.36,10.34,6,3,16,7,15,124.1,69.76,44.07,41.73,265.92,79.54,0,Alemannia Aachen 6-1 Havelse,2026-05-16
Viktoria Köln,1.13,2.25,-1.12,1.11,1.23,-0.12,0.02,1.02,-1.00,1.13,2.25,-1.12,1,1,0,1.12,40.90,27.42,39.64,1.1,0.77,117,12,13,18,11.82,23.38,11.94,5,11,11,3,16,43.7,23.26,55.07,47.45,52.83,26.34,3,MSV Duisburg 1-1 Viktoria Köln,2026-05-16
MSV Duisburg,2.25,1.13,1.12,1.23,1.11,0.12,1.02,0.02,1.00,2.25,1.13,1.12,1,1,0,-1.12,59.10,72.58,51.50,0.77,1.1,298,15,18,13,23.38,11.82,7.20,11,5,36,13,11,144.2,76.74,61.0,52.55,147.77,73.66,8,MSV Duisburg 1-1 Viktoria Köln,2026-05-16
Energie Cottbus,1.80,2.48,-0.68,0.93,1.50,-0.57,0.86,0.21,0.65,1.80,1.72,0.08,1,0,1,1.68,44.00,47.97,46.33,1.18,1.23,162,17,10,15,8.47,12.2,10.18,7,5,13,5,17,100.6,41.28,55.73,67.31,107.03,59.26,1,Jahn Regensburg 0-1 Energie Cottbus,2026-05-16
Jahn Regensburg,2.48,1.80,0.68,1.50,0.93,0.57,0.21,0.86,-0.65,1.72,1.80,-0.08,0,1,-1,-1.68,56.00,52.03,48.66,1.23,1.18,222,12,15,10,12.2,8.47,7.68,5,7,25,1,11,143.1,58.72,27.07,32.69,73.57,40.74,1,Jahn Regensburg 0-1 Energie Cottbus,2026-05-16
Hoffenheim II,0.87,3.51,-2.64,0.87,3.01,-2.14,0.00,0.50,-0.50,0.87,3.51,-2.64,0,2,-2,0.64,54.80,48.38,41.17,0.51,0.82,198,10,6,18,11.76,21.95,12.79,2,6,15,3,15,44.7,23.03,21.67,19.22,7.53,3.29,3,Wehen Wiesbaden 2-0 Hoffenheim II,2026-05-16
Wehen Wiesbaden,3.51,0.87,2.64,3.01,0.87,2.14,0.50,0.00,0.50,3.51,0.87,2.64,2,0,2,-0.64,45.20,51.62,44.43,0.82,0.51,176,19,18,6,21.95,11.76,16.57,6,2,20,7,13,149.4,76.97,91.07,80.78,221.63,96.71,1,Wehen Wiesbaden 2-0 Hoffenheim II,2026-05-16
Rot-Weiss Essen,4.21,1.17,3.04,3.25,0.34,2.91,0.96,0.08,0.88,4.21,0.41,3.80,3,2,1,-2.04,69.10,78.53,53.47,2.63,0.16,360,42,40,7,15.21,43.75,7.39,4,1,47,12,15,339.3,97.61,12.67,8.93,253.97,88.81,7,Ulm 2-3 Rot-Weiss Essen,2026-05-16
Ulm,1.17,4.21,-3.04,0.34,3.25,-2.91,0.08,0.96,-0.88,0.41,4.21,-3.80,2,3,-1,2.04,30.90,21.47,38.13,0.16,2.63,83,2,7,40,43.75,15.21,24.39,1,4,15,2,6,8.3,2.39,129.2,91.07,32.0,11.19,0,Ulm 2-3 Rot-Weiss Essen,2026-05-16
Osnabrück,1.38,1.64,-0.26,1.28,1.62,-0.34,0.10,0.02,0.08,1.38,1.64,-0.26,4,3,1,1.26,40.50,39.39,46.04,0.98,1.38,174,20,10,16,10.2,11.59,9.34,16,6,11,3,16,58.6,28.6,124.0,94.08,155.87,86.05,3,Stuttgart II 3-4 Osnabrück,2026-05-16
Stuttgart II,1.64,1.38,0.26,1.62,1.28,0.34,0.02,0.10,-0.08,1.64,1.38,0.26,3,4,-1,-1.26,59.50,60.61,47.41,1.38,0.98,304,12,16,10,11.59,10.2,8.15,6,16,14,6,9,146.3,71.4,7.8,5.92,25.27,13.95,0,Stuttgart II 3-4 Osnabrück,2026-05-16
Waldhof Mannheim,1.06,2.42,-1.36,0.86,2.42,-1.56,0.20,0.00,0.20,1.06,2.42,-1.36,1,5,-4,-2.64,55.50,59.94,49.86,0.43,0.83,301,8,11,12,25.58,14.46,13.07,5,3,16,5,5,121.0,69.98,48.2,39.42,75.06,33.72,0,Ingolstadt 5-1 Waldhof Mannheim,2026-05-16
Ingolstadt,2.42,1.06,1.36,2.42,0.86,1.56,0.00,0.20,-0.20,2.42,1.06,1.36,5,1,4,2.64,44.50,40.06,41.68,0.83,0.43,152,15,12,11,14.46,25.58,16.41,3,5,17,7,11,51.9,30.02,74.07,60.58,147.54,66.28,1,Ingolstadt 5-1 Waldhof Mannheim,2026-05-16
Hansa Rostock,1.50,2.47,-0.97,1.50,2.31,-0.81,0.00,0.15,-0.15,1.50,2.47,-0.97,4,3,1,1.97,46.10,41.47,43.74,0.84,0.92,174,12,9,12,10.71,13.04,20.05,1,7,14,3,11,50.3,32.85,62.67,55.36,66.83,43.99,1,Saarbrücken 3-4 Hansa Rostock,2026-05-16
Saarbrücken,2.47,1.50,0.97,2.31,1.50,0.81,0.15,0.00,0.15,2.47,1.50,0.97,3,4,-1,-1.97,53.90,58.53,47.51,0.92,0.84,245,12,12,9,13.04,10.71,11.52,7,1,25,9,13,102.8,67.15,50.53,44.64,85.1,56.01,0,Saarbrücken 3-4 Hansa Rostock,2026-05-16
Saarbrücken,2.34,2.79,-0.45,2.20,2.32,-0.12,0.14,0.47,-0.33,2.34,2.79,-0.45,2,3,-1,-0.55,53.50,55.85,43.32,1.75,0.99,232,26,23,18,13.14,18.18,21.29,3,6,26,6,4,107.1,54.53,38.87,35.02,51.43,24.65,0,Hoffenheim II 3-2 Saarbrücken,2026-05-10
Hoffenheim II,2.79,2.34,0.45,2.32,2.20,0.12,0.47,0.14,0.33,2.79,2.34,0.45,3,2,1,0.55,46.50,44.15,42.22,0.99,1.75,185,15,18,23,18.18,13.14,21.70,6,3,8,4,11,89.3,45.47,72.13,64.98,157.17,75.35,3,Hoffenheim II 3-2 Saarbrücken,2026-05-10
Alemannia Aachen,3.81,0.47,3.34,3.67,0.41,3.26,0.14,0.06,0.08,3.81,0.47,3.34,3,0,3,-0.34,53.30,62.18,47.19,0.98,0.57,201,20,15,6,15.31,10.53,8.62,10,6,11,4,12,159.2,78.93,61.13,55.67,197.23,91.48,3,Viktoria Köln 0-3 Alemannia Aachen,2026-05-10
Viktoria Köln,0.47,3.81,-3.34,0.41,3.67,-3.26,0.06,0.14,-0.08,0.47,3.81,-3.34,0,3,-3,0.34,46.70,37.82,38.56,0.57,0.98,132,7,6,15,10.53,15.31,9.64,6,10,10,2,19,42.5,21.07,48.67,44.33,18.37,8.52,5,Viktoria Köln 0-3 Alemannia Aachen,2026-05-10
Schweinfurt,4.04,2.84,1.20,2.86,1.98,0.88,0.43,0.85,-0.42,3.28,2.84,0.44,2,3,-1,-2.20,53.60,57.65,49.78,1.86,1.06,225,25,26,14,13.98,13.21,9.42,8,0,23,8,9,184.4,74.72,46.27,52.3,170.47,84.07,4,Havelse 3-2 Schweinfurt,2026-05-10
Havelse,2.84,4.04,-1.20,1.98,2.86,-0.88,0.85,0.43,0.42,2.84,3.28,-0.44,3,2,1,2.20,46.40,42.35,47.53,1.06,1.86,185,16,14,26,13.21,13.98,17.00,0,8,13,6,10,62.4,25.28,42.2,47.7,32.3,15.93,0,Havelse 3-2 Schweinfurt,2026-05-10
Jahn Regensburg,2.23,1.22,1.01,1.69,1.22,0.47,0.54,0.00,0.54,2.23,1.22,1.01,0,1,-1,-2.01,53.70,56.64,47.45,0.98,0.96,241,23,22,10,22.45,10.42,13.19,7,3,29,9,10,109.1,59.98,40.13,44.04,109.4,61.44,2,Waldhof Mannheim 1-0 Jahn Regensburg,2026-05-09
Waldhof Mannheim,1.22,2.23,-1.01,1.22,1.69,-0.47,0.00,0.54,-0.54,1.22,2.23,-1.01,1,0,1,2.01,46.30,43.36,46.62,0.96,0.98,186,12,10,22,10.42,22.45,17.32,3,7,12,5,9,72.8,40.02,51.0,55.96,68.67,38.56,0,Waldhof Mannheim 1-0 Jahn Regensburg,2026-05-09
Ingolstadt,2.72,1.92,0.80,2.60,1.75,0.85,0.12,0.17,-0.05,2.72,1.92,0.80,2,1,1,0.20,40.90,39.44,45.18,0.88,1.54,175,13,14,16,15.91,10.39,15.21,7,6,16,4,8,77.8,29.49,86.2,71.83,91.43,42.95,2,1860 München 1-2 Ingolstadt,2026-05-09
1860 München,1.92,2.72,-0.80,1.75,2.60,-0.85,0.17,0.12,0.05,1.92,2.72,-0.80,1,2,-1,-0.20,59.10,60.56,49.53,1.54,0.88,301,25,16,14,10.39,15.91,11.89,6,7,29,6,11,186.0,70.51,33.8,28.17,121.43,57.05,3,1860 München 1-2 Ingolstadt,2026-05-09
Verl,0.71,0.80,-0.09,0.50,0.78,-0.28,0.20,0.02,0.18,0.71,0.80,-0.09,0,1,-1,-0.91,66.20,50.57,45.71,0.66,0.75,252,11,12,11,18.18,14.67,6.94,2,3,23,7,16,95.1,54.72,0.27,0.17,39.4,17.4,2,Rot-Weiss Essen 1-0 Verl,2026-05-09
Rot-Weiss Essen,0.80,0.71,0.09,0.78,0.50,0.28,0.02,0.20,-0.18,0.80,0.71,0.09,1,0,1,0.91,33.80,49.43,48.15,0.75,0.66,126,13,11,12,14.67,18.18,10.91,3,2,14,4,19,78.7,45.28,156.93,99.83,187.07,82.6,3,Rot-Weiss Essen 1-0 Verl,2026-05-09
Stuttgart II,4.25,2.13,2.12,2.69,1.97,0.72,0.81,0.16,0.65,3.49,2.13,1.36,3,5,-2,-4.12,58.90,67.43,50.20,1.36,0.67,295,18,22,12,16.18,17.91,10.26,5,7,22,7,10,180.5,79.03,18.47,19.85,105.14,54.58,2,Hansa Rostock 5-3 Stuttgart II,2026-05-09
Hansa Rostock,2.13,4.25,-2.12,1.97,2.69,-0.72,0.16,0.81,-0.65,2.13,3.49,-1.36,5,3,2,4.12,41.10,32.57,42.21,0.67,1.36,128,15,12,22,17.91,16.18,10.71,7,5,12,1,15,47.9,20.97,74.6,80.15,87.51,45.42,0,Hansa Rostock 5-3 Stuttgart II,2026-05-09
Wehen Wiesbaden,0.96,1.03,-0.07,0.96,0.88,0.08,0.00,0.15,-0.15,0.96,1.03,-0.07,1,2,-1,-0.93,43.30,50.39,41.87,0.25,0.78,139,7,8,15,32.0,19.23,17.41,3,4,7,2,15,65.9,37.74,83.2,73.24,98.2,52.54,2,Energie Cottbus 2-1 Wehen Wiesbaden,2026-05-09
Energie Cottbus,1.03,0.96,0.07,0.88,0.96,-0.08,0.15,0.00,0.15,1.03,0.96,0.07,2,1,1,0.93,56.70,49.61,40.75,0.78,0.25,177,13,15,8,19.23,32.0,9.94,4,3,14,3,10,108.7,62.26,30.4,26.76,88.7,47.46,1,Energie Cottbus 2-1 Wehen Wiesbaden,2026-05-09
Ulm,1.89,1.28,0.61,1.80,0.95,0.85,0.09,0.33,-0.24,1.89,1.28,0.61,1,1,0,-0.61,53.70,50.63,45.29,0.83,0.69,227,20,14,14,16.87,20.29,13.04,6,8,17,3,11,69.3,51.26,50.47,35.31,49.27,37.43,0,Osnabrück 1-1 Ulm,2026-05-09
Osnabrück,1.28,1.89,-0.61,0.95,1.80,-0.85,0.33,0.09,0.24,1.28,1.89,-0.61,1,1,0,0.61,46.30,49.37,46.57,0.69,0.83,197,10,14,14,20.29,16.87,11.24,8,6,20,5,9,65.9,48.74,92.47,64.69,82.37,62.57,3,Osnabrück 1-1 Ulm,2026-05-09
MSV Duisburg,2.38,0.45,1.93,1.61,0.45,1.16,0.77,0.00,0.77,2.38,0.45,1.93,0,0,0,-1.93,64.70,71.59,50.74,0.74,0.11,330,15,21,6,28.38,54.55,9.26,11,1,22,7,8,226.1,90.19,14.87,13.33,156.2,81.06,2,Erzgebirge Aue 0-0 MSV Duisburg,2026-05-08
Erzgebirge Aue,0.45,2.38,-1.93,0.45,1.61,-1.16,0.00,0.77,-0.77,0.45,2.38,-1.93,0,0,0,1.93,35.30,28.41,42.32,0.11,0.74,113,4,6,21,54.55,28.38,19.75,1,11,7,1,7,24.6,9.81,96.67,86.67,36.5,18.94,3,Erzgebirge Aue 0-0 MSV Duisburg,2026-05-08
Erzgebirge Aue,2.05,2.56,-0.51,2.05,2.34,-0.29,0.00,0.21,-0.21,2.05,2.56,-0.51,5,3,2,2.51,43.30,45.63,43.43,1.05,1.21,159,15,11,19,10.48,15.7,19.65,2,10,20,2,12,69.6,36.98,105.47,68.01,93.1,41.9,8,Ingolstadt 3-5 Erzgebirge Aue,2026-05-03
Ingolstadt,2.56,2.05,0.51,2.34,2.05,0.29,0.21,0.00,0.21,2.56,2.05,0.51,3,5,-2,-2.51,56.70,54.37,43.50,1.21,1.05,196,23,19,11,15.7,10.48,12.37,10,2,10,2,9,118.6,63.02,49.6,31.99,129.07,58.1,4,Ingolstadt 3-5 Erzgebirge Aue,2026-05-03
Osnabrück,2.94,1.42,1.52,1.97,1.37,0.60,0.97,0.05,0.92,2.94,1.42,1.52,3,2,1,-0.52,53.30,47.04,44.06,1.38,1.01,200,19,17,10,12.32,9.9,17.57,2,4,16,8,6,92.0,48.14,40.67,38.27,85.0,35.86,2,Wehen Wiesbaden 2-3 Osnabrück,2026-05-03
Wehen Wiesbaden,1.42,2.94,-1.52,1.37,1.97,-0.60,0.05,0.97,-0.92,1.42,2.94,-1.52,2,3,-1,0.52,46.70,52.96,50.51,1.01,1.38,260,16,10,17,9.9,12.32,18.75,4,2,10,3,11,99.1,51.86,65.6,61.73,152.03,64.14,1,Wehen Wiesbaden 2-3 Osnabrück,2026-05-03
Energie Cottbus,1.46,1.14,0.32,0.97,0.81,0.16,0.49,0.33,0.16,1.46,1.14,0.32,1,2,-1,-1.32,62.70,54.63,43.05,0.76,0.58,222,14,19,5,25.0,8.62,8.65,6,8,27,5,12,123.1,73.27,11.6,8.8,53.03,30.43,1,MSV Duisburg 2-1 Energie Cottbus,2026-05-03
MSV Duisburg,1.14,1.46,-0.32,0.81,0.97,-0.16,0.33,0.49,-0.16,1.14,1.46,-0.32,2,1,1,1.32,37.30,45.37,47.97,0.58,0.76,154,9,5,19,8.62,25.0,14.62,8,6,10,2,13,44.9,26.73,120.27,91.2,121.23,69.57,3,MSV Duisburg 2-1 Energie Cottbus,2026-05-03
Viktoria Köln,2.66,0.48,2.18,2.56,0.44,2.12,0.09,0.03,0.06,2.66,0.48,2.18,2,0,2,-0.18,56.20,59.92,46.04,1.52,0.7,221,13,15,8,9.87,11.43,9.34,5,6,24,8,13,123.2,80.37,56.73,49.3,135.6,80.86,3,Ulm 0-2 Viktoria Köln,2026-05-02
Ulm,0.48,2.66,-2.18,0.44,2.56,-2.12,0.03,0.09,-0.06,0.48,2.66,-2.18,0,2,-2,0.18,43.80,40.08,38.41,0.7,1.52,123,10,8,15,11.43,9.87,12.47,6,5,16,2,13,30.1,19.63,58.33,50.7,32.1,19.14,1,Ulm 0-2 Viktoria Köln,2026-05-02
Rot-Weiss Essen,2.71,4.24,-1.53,2.33,3.48,-1.15,0.38,0.00,0.38,2.71,3.48,-0.77,1,6,-5,-3.47,60.00,79.06,52.87,1.12,0.58,300,26,24,11,21.43,18.97,8.26,9,0,33,8,14,175.6,97.29,43.13,49.43,140.97,72.52,8,Stuttgart II 6-1 Rot-Weiss Essen,2026-05-02
Stuttgart II,4.24,2.71,1.53,3.48,2.33,1.15,0.00,0.38,-0.38,3.48,2.71,0.77,6,1,5,3.47,40.00,20.94,32.99,0.58,1.12,60,6,11,24,18.97,21.43,16.48,0,9,5,2,11,4.9,2.71,44.13,50.57,53.42,27.48,0,Stuttgart II 6-1 Rot-Weiss Essen,2026-05-02
1860 München,1.72,1.35,0.37,1.60,1.32,0.28,0.12,0.03,0.09,1.72,1.35,0.37,1,1,0,-0.37,58.60,49.65,40.02,0.8,0.99,145,16,9,8,11.25,8.08,8.29,4,6,22,10,9,55.8,54.33,13.27,13.93,34.17,26.15,6,Schweinfurt 1-1 1860 München,2026-05-02
Schweinfurt,1.35,1.72,-0.37,1.32,1.60,-0.28,0.03,0.12,-0.09,1.35,1.72,-0.37,1,1,0,0.37,41.40,50.35,49.24,0.99,0.8,168,9,8,9,8.08,11.25,10.68,6,4,14,3,16,46.9,45.67,82.0,86.07,96.5,73.85,7,Schweinfurt 1-1 1860 München,2026-05-02
Havelse,0.35,2.71,-2.36,0.29,2.48,-2.19,0.06,0.23,-0.17,0.35,2.71,-2.36,0,4,-4,-1.64,33.20,41.13,42.62,0.31,1.17,128,4,7,22,22.58,18.8,23.13,3,7,13,4,11,24.9,13.82,146.07,99.64,57.25,20.57,1,Verl 4-0 Havelse,2026-05-02
Verl,2.71,0.35,2.36,2.48,0.29,2.19,0.23,0.06,0.17,2.71,0.35,2.36,4,0,4,1.64,66.80,58.87,43.52,1.17,0.31,247,16,22,7,18.8,22.58,8.83,7,3,17,9,9,155.3,86.18,0.53,0.36,221.09,79.43,2,Verl 4-0 Havelse,2026-05-02
Hansa Rostock,2.42,1.69,0.73,1.39,0.93,0.46,1.03,0.00,1.03,2.42,0.93,1.49,1,1,0,-0.73,56.20,52.07,43.32,0.68,0.47,148,11,10,13,14.71,27.66,7.88,8,5,11,3,18,55.9,42.19,8.67,11.82,40.3,26.37,1,Alemannia Aachen 1-1 Hansa Rostock,2026-05-02
Alemannia Aachen,1.69,2.42,-0.73,0.93,1.39,-0.46,0.00,1.03,-1.03,0.93,2.42,-1.49,1,1,0,0.73,43.80,47.93,47.02,0.47,0.68,135,10,13,10,27.66,14.71,9.32,5,8,11,4,9,76.6,57.81,64.67,88.18,112.5,73.63,0,Alemannia Aachen 1-1 Hansa Rostock,2026-05-02
Hoffenheim II,0.63,3.14,-2.51,0.46,2.14,-1.68,0.17,0.24,-0.07,0.63,2.38,-1.75,1,2,-1,1.51,51.80,47.65,41.12,0.47,1.01,152,10,9,20,19.15,19.8,11.07,1,9,17,4,15,61.8,30.73,27.6,24.76,41.87,15.97,4,Jahn Regensburg 2-1 Hoffenheim II,2026-05-02
Jahn Regensburg,3.14,0.63,2.51,2.14,0.46,1.68,0.24,0.17,0.07,2.38,0.63,1.75,2,1,1,-1.51,48.20,52.35,46.65,1.01,0.47,178,22,20,9,19.8,19.15,9.53,9,1,21,9,9,139.3,69.27,83.87,75.24,220.33,84.03,2,Jahn Regensburg 2-1 Hoffenheim II,2026-05-02
Waldhof Mannheim,1.39,2.60,-1.21,1.16,1.60,-0.44,0.23,0.24,-0.01,1.39,1.84,-0.45,0,2,-2,-0.79,55.90,54.79,47.27,1.06,0.45,237,17,13,11,12.26,24.44,10.28,4,2,20,6,16,116.4,60.88,23.33,22.73,75.37,33.37,1,Saarbrücken 2-0 Waldhof Mannheim,2026-05-02
Saarbrücken,2.60,1.39,1.21,1.60,1.16,0.44,0.24,0.23,0.01,1.84,1.39,0.45,2,0,2,0.79,44.10,45.21,45.14,0.45,1.06,159,10,11,13,24.44,12.26,16.46,2,4,12,6,7,74.8,39.12,79.33,77.27,150.47,66.63,0,Saarbrücken 2-0 Waldhof Mannheim,2026-05-02
Stuttgart II,1.69,1.76,-0.07,1.46,1.48,-0.02,0.23,0.27,-0.04,1.69,1.76,-0.07,2,3,-1,-0.93,59.00,60.8,50.15,1.58,0.75,290,26,19,16,12.03,21.33,10.39,7,6,22,8,11,137.0,72.64,34.47,32.4,114.3,60.94,2,Havelse 3-2 Stuttgart II,2026-04-26
Havelse,1.76,1.69,0.07,1.48,1.46,0.02,0.27,0.23,0.04,1.76,1.69,0.07,3,2,1,0.93,41.00,39.2,44.18,0.75,1.58,171,14,16,19,21.33,12.03,10.90,6,7,14,3,15,51.6,27.36,71.93,67.6,73.27,39.06,0,Havelse 3-2 Stuttgart II,2026-04-26
Saarbrücken,1.25,3.22,-1.97,1.22,2.86,-1.64,0.02,0.36,-0.34,1.25,3.22,-1.97,2,1,1,2.97,43.40,36.72,42.91,0.36,2.04,147,4,5,24,13.89,11.76,10.97,8,7,14,7,9,35.7,14.97,48.13,44.68,15.9,9.39,0,Rot-Weiss Essen 1-2 Saarbrücken,2026-04-26
Rot-Weiss Essen,3.22,1.25,1.97,2.86,1.22,1.64,0.36,0.02,0.34,3.22,1.25,1.97,1,2,-1,-2.97,56.60,63.28,54.16,2.04,0.36,288,23,24,5,11.76,13.89,10.17,7,8,49,10,7,202.7,85.03,59.6,55.32,153.47,90.61,9,Rot-Weiss Essen 1-2 Saarbrücken,2026-04-26
Energie Cottbus,0.84,1.47,-0.63,0.79,1.14,-0.35,0.05,0.33,-0.28,0.84,1.47,-0.63,2,0,2,2.63,43.30,49.26,42.34,0.37,0.45,157,6,9,16,24.32,35.56,12.44,6,5,11,5,10,66.7,36.51,94.07,70.52,128.37,63.58,0,Viktoria Köln 0-2 Energie Cottbus,2026-04-26
Viktoria Köln,1.47,0.84,0.63,1.14,0.79,0.35,0.33,0.05,0.28,1.47,0.84,0.63,0,2,-2,-2.63,56.70,50.74,45.71,0.45,0.37,224,14,16,9,35.56,24.32,9.94,5,6,14,4,15,116.0,63.49,39.33,29.48,73.53,36.42,2,Viktoria Köln 0-2 Energie Cottbus,2026-04-26
Schweinfurt,1.05,2.68,-1.63,0.95,2.66,-1.71,0.10,0.02,0.08,1.05,2.68,-1.63,2,2,0,1.63,46.40,49.42,49.50,0.57,0.96,203,17,12,17,21.05,17.71,9.94,5,3,23,6,12,73.9,45.17,64.73,62.36,75.9,51.38,2,Waldhof Mannheim 2-2 Schweinfurt,2026-04-25
Waldhof Mannheim,2.68,1.05,1.63,2.66,0.95,1.71,0.02,0.10,-0.08,2.68,1.05,1.63,2,2,0,-1.63,53.60,50.58,49.81,0.96,0.57,207,20,17,12,17.71,21.05,8.77,3,5,32,8,14,89.7,54.83,39.07,37.64,71.83,48.62,1,Waldhof Mannheim 2-2 Schweinfurt,2026-04-25
Ingolstadt,2.99,2.58,0.41,2.99,2.46,0.53,0.00,0.12,-0.12,2.99,2.58,0.41,3,0,3,2.59,44.80,43.06,44.46,1.02,1.28,154,15,13,19,12.75,14.84,13.96,5,11,19,9,11,68.2,35.5,88.47,75.1,157.97,94.14,2,Hoffenheim II 0-3 Ingolstadt,2026-04-25
Hoffenheim II,2.58,2.99,-0.41,2.46,2.99,-0.53,0.12,0.00,0.12,2.58,2.99,-0.41,0,3,-3,-2.59,55.20,56.94,50.58,1.28,1.02,271,14,19,13,14.84,12.75,11.31,11,5,20,7,10,123.9,64.5,29.33,24.9,9.83,5.86,0,Hoffenheim II 0-3 Ingolstadt,2026-04-25
Ulm,4.07,2.25,1.82,3.52,2.25,1.27,0.55,0.00,0.55,4.07,2.25,1.82,2,3,-1,-2.82,51.20,61.71,48.32,0.94,0.72,239,9,20,11,21.28,15.28,12.91,9,4,19,6,13,124.9,78.21,63.13,70.14,147.53,82.53,3,1860 München 3-2 Ulm,2026-04-25
1860 München,2.25,4.07,-1.82,2.25,3.52,-1.27,0.00,0.55,-0.55,2.25,4.07,-1.82,3,2,1,2.82,48.80,38.29,36.92,0.72,0.94,116,7,11,20,15.28,21.28,11.91,4,9,13,4,11,34.8,21.79,26.87,29.86,31.23,17.47,2,1860 München 3-2 Ulm,2026-04-25
Jahn Regensburg,3.53,1.49,2.04,3.48,1.04,2.44,0.05,0.44,-0.39,3.53,1.49,2.04,5,2,3,0.96,35.50,47.47,47.47,1.52,0.73,148,25,19,14,12.5,19.18,14.54,9,5,18,4,10,134.9,58.17,105.8,93.08,242.07,91.76,2,Hansa Rostock 2-5 Jahn Regensburg,2026-04-25
Hansa Rostock,1.49,3.53,-2.04,1.04,3.48,-2.44,0.44,0.05,0.39,1.49,3.53,-2.04,2,5,-3,-0.96,64.50,52.53,45.80,0.73,1.52,232,14,14,19,19.18,12.5,8.14,5,9,26,8,9,97.0,41.83,7.87,6.92,21.73,8.24,2,Hansa Rostock 2-5 Jahn Regensburg,2026-04-25
Verl,0.80,1.59,-0.79,0.73,1.37,-0.64,0.07,0.22,-0.15,0.80,1.59,-0.79,1,2,-1,-0.21,68.10,57.41,41.86,0.19,0.5,238,8,8,10,42.11,20.0,7.80,3,12,20,5,16,86.1,58.37,0.2,0.1,25.27,9.09,4,Osnabrück 2-1 Verl,2026-04-25
Osnabrück,1.59,0.80,0.79,1.37,0.73,0.64,0.22,0.07,0.15,1.59,0.80,0.79,2,1,1,0.21,31.90,42.59,45.00,0.5,0.19,120,8,10,8,20.0,42.11,12.88,12,3,17,5,9,61.4,41.63,205.6,99.9,252.83,90.91,1,Osnabrück 2-1 Verl,2026-04-25
Wehen Wiesbaden,2.83,0.93,1.90,1.40,0.93,0.47,1.43,0.00,1.43,2.83,0.93,1.90,2,2,0,-1.90,50.20,56.16,47.12,0.93,0.66,196,15,14,13,15.05,19.7,16.71,4,6,20,13,15,100.3,62.61,33.53,37.56,91.77,57.78,4,Erzgebirge Aue 2-2 Wehen Wiesbaden,2026-04-25
Erzgebirge Aue,0.93,2.83,-1.90,0.93,1.40,-0.47,0.00,1.43,-1.43,0.93,2.83,-1.90,2,2,0,1.90,49.80,43.84,45.70,0.66,0.93,181,12,13,14,19.7,15.05,10.55,6,4,23,3,7,59.9,37.39,55.73,62.44,67.07,42.22,6,Erzgebirge Aue 2-2 Wehen Wiesbaden,2026-04-25
MSV Duisburg,2.21,1.63,0.58,2.01,1.60,0.41,0.20,0.04,0.16,2.21,1.63,0.58,1,3,-2,-2.58,54.40,55.68,44.24,0.77,0.72,180,9,12,9,15.58,12.5,6.78,5,4,20,3,19,123.8,61.84,22.6,27.34,93.37,43.13,4,Alemannia Aachen 3-1 MSV Duisburg,2026-04-24
Alemannia Aachen,1.63,2.21,-0.58,1.60,2.01,-0.41,0.04,0.20,-0.16,1.63,2.21,-0.58,3,1,2,2.58,45.60,44.32,43.51,0.72,0.77,140,8,9,12,12.5,15.58,9.00,4,5,5,3,8,76.4,38.16,60.07,72.66,123.1,56.87,0,Alemannia Aachen 3-1 MSV Duisburg,2026-04-24
Waldhof Mannheim,3.02,2.47,0.55,2.34,1.42,0.92,0.68,0.29,0.39,3.02,1.71,1.31,3,3,0,-0.55,55.10,54.66,48.15,1.0,0.9,230,16,12,13,12.0,14.44,10.36,3,2,16,5,11,110.8,69.69,28.67,26.35,57.86,33.07,0,Wehen Wiesbaden 3-3 Waldhof Mannheim,2026-04-19
Wehen Wiesbaden,2.47,3.02,-0.55,1.42,2.34,-0.92,0.29,0.68,-0.39,1.71,3.02,-1.31,3,3,0,0.55,44.90,45.34,48.11,0.9,1.0,181,18,13,12,14.44,12.0,13.67,2,3,23,8,16,48.2,30.31,80.13,73.65,117.11,66.93,4,Wehen Wiesbaden 3-3 Waldhof Mannheim,2026-04-19
Erzgebirge Aue,2.20,1.78,0.42,1.44,1.68,-0.24,0.00,0.10,-0.10,1.44,1.78,-0.34,2,2,0,-0.42,38.80,37.66,42.34,0.43,1.29,139,8,10,16,23.26,12.4,16.74,2,4,10,2,16,34.3,18.12,93.53,80.08,41.6,20.68,4,Stuttgart II 2-2 Erzgebirge Aue,2026-04-19
Stuttgart II,1.78,2.20,-0.42,1.68,1.44,0.24,0.10,0.00,0.10,1.78,1.44,0.34,2,2,0,0.42,61.20,62.34,47.88,1.29,0.43,260,16,16,10,12.4,23.26,11.19,4,2,14,5,7,155.0,81.88,23.27,19.92,159.53,79.32,0,Stuttgart II 2-2 Erzgebirge Aue,2026-04-19
Rot-Weiss Essen,3.11,3.58,-0.47,2.05,2.66,-0.61,1.06,0.15,0.91,3.11,2.82,0.29,3,5,-2,-1.53,39.70,31.79,44.13,0.94,1.01,106,12,17,20,18.09,19.8,14.33,1,4,19,6,10,41.4,19.86,76.47,85.35,64.73,45.23,4,Energie Cottbus 5-3 Rot-Weiss Essen,2026-04-19
Energie Cottbus,3.58,3.11,0.47,2.66,2.05,0.61,0.15,1.06,-0.91,2.82,3.11,-0.29,5,3,2,1.53,60.30,68.21,53.65,1.01,0.94,281,20,20,17,19.8,18.09,10.48,4,1,27,8,7,167.1,80.14,13.13,14.65,78.37,54.77,0,Energie Cottbus 5-3 Rot-Weiss Essen,2026-04-19
Havelse,1.57,2.51,-0.94,1.14,2.16,-1.02,0.43,0.35,0.08,1.57,2.51,-0.94,1,2,-1,-0.06,47.60,48.34,44.76,0.41,0.77,169,11,14,15,34.15,19.48,13.25,6,7,23,6,10,79.4,41.05,89.27,67.15,93.53,52.82,5,Ulm 2-1 Havelse,2026-04-18
Ulm,2.51,1.57,0.94,2.16,1.14,1.02,0.35,0.43,-0.08,2.51,1.57,0.94,2,1,1,0.06,52.40,51.66,43.59,0.77,0.41,181,9,15,14,19.48,34.15,10.24,7,6,20,4,15,114.0,58.95,43.67,32.85,83.53,47.18,2,Ulm 2-1 Havelse,2026-04-18
Hansa Rostock,2.45,0.63,1.82,2.24,0.55,1.69,0.21,0.08,0.13,2.45,0.63,1.82,0,0,0,-1.82,58.20,44.55,42.55,1.4,0.64,164,21,16,16,11.43,25.0,11.38,4,5,26,9,15,86.5,42.32,8.07,10.39,62.97,28.77,4,Schweinfurt 0-0 Hansa Rostock,2026-04-18
Schweinfurt,0.63,2.45,-1.82,0.55,2.24,-1.69,0.08,0.21,-0.13,0.63,2.45,-1.82,0,0,0,1.82,41.80,55.45,51.29,0.64,1.4,181,12,16,16,25.0,11.43,11.46,5,4,28,7,9,117.9,57.68,69.6,89.61,155.9,71.23,6,Schweinfurt 0-0 Hansa Rostock,2026-04-18
Viktoria Köln,1.55,1.35,0.20,1.53,1.01,0.52,0.02,0.34,-0.32,1.55,1.35,0.20,0,2,-2,-2.20,33.20,37.9,39.01,0.39,0.77,120,7,10,9,25.64,11.69,14.44,10,6,12,3,15,59.8,35.6,160.67,88.02,125.17,60.8,1,Verl 2-0 Viktoria Köln,2026-04-18
Verl,1.35,1.55,-0.20,1.01,1.53,-0.52,0.34,0.02,0.32,1.35,1.55,-0.20,2,0,2,2.20,66.80,62.1,42.29,0.77,0.39,239,10,9,10,11.69,25.64,10.21,6,10,5,1,5,108.2,64.4,21.87,11.98,80.7,39.2,1,Verl 2-0 Viktoria Köln,2026-04-18
Hoffenheim II,0.92,2.12,-1.20,0.68,1.71,-1.03,0.25,0.41,-0.16,0.92,2.12,-1.20,1,3,-2,-0.80,58.20,47.7,44.60,0.38,1.05,235,13,9,13,23.68,12.38,9.65,2,6,18,4,11,83.6,44.44,11.13,9.73,30.8,15.62,1,MSV Duisburg 3-1 Hoffenheim II,2026-04-18
MSV Duisburg,2.12,0.92,1.20,1.71,0.68,1.03,0.41,0.25,0.16,2.12,0.92,1.20,3,1,2,0.80,41.80,52.3,48.29,1.05,0.38,195,14,13,9,12.38,23.68,12.47,6,2,15,6,18,104.5,55.56,103.27,90.27,166.33,84.38,2,MSV Duisburg 3-1 Hoffenheim II,2026-04-18
Osnabrück,2.25,0.83,1.42,1.87,0.83,1.04,0.38,0.00,0.38,2.25,0.83,1.42,1,0,1,-0.42,47.60,61.79,52.00,0.77,1.27,257,12,20,8,25.97,6.3,14.53,3,2,29,10,17,150.9,82.73,91.2,84.19,213.7,93.92,3,Ingolstadt 0-1 Osnabrück,2026-04-18
Ingolstadt,0.83,2.25,-1.42,0.83,1.87,-1.04,0.00,0.38,-0.38,0.83,2.25,-1.42,0,1,-1,0.42,52.40,38.21,39.59,1.27,0.77,153,9,8,20,6.3,25.97,13.65,2,3,16,4,7,31.5,17.27,17.13,15.81,13.83,6.08,2,Ingolstadt 0-1 Osnabrück,2026-04-18
1860 München,1.26,2.74,-1.48,1.26,2.22,-0.96,0.00,0.52,-0.52,1.26,2.74,-1.48,0,0,0,1.48,47.30,36.89,41.26,0.79,1.03,147,13,10,22,12.66,21.36,13.24,2,13,13,1,13,41.4,21.41,24.53,26.7,46.03,18.75,2,Saarbrücken 0-0 1860 München,2026-04-18
Saarbrücken,2.74,1.26,1.48,2.22,1.26,0.96,0.52,0.00,0.52,2.74,1.26,1.48,0,0,0,-1.48,52.70,63.11,49.63,1.03,0.79,256,21,22,10,21.36,12.66,13.40,13,2,26,12,7,152.0,78.59,67.33,73.3,199.43,81.25,0,Saarbrücken 0-0 1860 München,2026-04-18
Alemannia Aachen,3.08,2.18,0.90,2.97,1.96,1.01,0.11,0.21,-0.10,3.08,2.18,0.90,3,1,2,1.10,51.50,58.45,47.47,1.0,1.11,208,17,15,11,15.0,9.91,10.38,7,4,9,5,15,120.2,62.09,36.53,43.46,130.57,66.1,1,Jahn Regensburg 1-3 Alemannia Aachen,2026-04-17
Jahn Regensburg,2.18,3.08,-0.90,1.96,2.97,-1.01,0.21,0.11,0.10,2.18,3.08,-0.90,1,3,-2,-1.10,48.50,41.55,40.45,1.11,1.0,146,15,11,15,9.91,15.0,9.26,4,7,25,6,15,73.4,37.91,47.53,56.54,66.97,33.9,1,Jahn Regensburg 1-3 Alemannia Aachen,2026-04-17
Jahn Regensburg,2.32,2.78,-0.46,2.32,1.30,1.02,0.00,0.72,-0.72,2.32,2.02,0.30,2,2,0,0.46,45.60,39.33,41.58,0.82,0.86,165,12,12,18,14.63,20.93,12.69,3,4,10,5,12,39.9,22.62,91.6,73.75,79.1,44.61,3,1860 München 2-2 Jahn Regensburg,2026-04-12
1860 München,2.78,2.32,0.46,1.30,2.32,-1.02,0.72,0.00,0.72,2.02,2.32,-0.30,2,2,0,-0.46,54.40,60.67,45.40,0.86,0.82,249,24,18,12,20.93,14.63,11.78,4,3,23,9,12,136.5,77.38,32.6,26.25,98.2,55.39,2,1860 München 2-2 Jahn Regensburg,2026-04-12
Verl,2.14,1.15,0.99,1.86,1.15,0.71,0.28,0.00,0.28,2.14,1.15,0.99,1,1,0,-0.99,72.20,73.86,52.02,1.71,0.58,413,28,11,8,6.43,13.79,9.67,7,4,34,10,4,189.5,93.3,4.53,2.68,89.27,60.09,2,Erzgebirge Aue 1-1 Verl,2026-04-12
Erzgebirge Aue,1.15,2.14,-0.99,1.15,1.86,-0.71,0.00,0.28,-0.28,1.15,2.14,-0.99,1,1,0,0.99,27.80,26.14,44.70,0.58,1.71,118,9,8,11,13.79,6.43,26.43,4,7,16,2,11,13.6,6.7,164.67,97.32,59.3,39.91,3,Erzgebirge Aue 1-1 Verl,2026-04-12
Energie Cottbus,1.22,1.05,0.17,0.59,1.01,-0.42,0.63,0.04,0.59,1.22,1.05,0.17,0,1,-1,-1.17,59.80,58.98,45.23,0.63,0.33,191,12,12,9,19.05,27.27,9.69,4,10,26,11,10,125.8,71.52,17.93,16.57,92.8,49.3,1,Osnabrück 1-0 Energie Cottbus,2026-04-12
Osnabrück,1.05,1.22,-0.17,1.01,0.59,0.42,0.04,0.63,-0.59,1.05,1.22,-0.17,1,0,1,1.17,40.20,41.02,43.14,0.33,0.63,110,8,9,12,27.27,19.05,8.64,10,4,19,5,14,50.1,28.48,90.27,83.43,95.43,50.7,3,Osnabrück 1-0 Energie Cottbus,2026-04-12
Ulm,2.07,3.53,-1.46,1.76,1.99,-0.23,0.31,0.78,-0.47,2.07,2.77,-0.70,1,5,-4,-2.54,42.50,44.4,45.78,0.92,0.55,164,7,9,11,9.78,20.0,13.20,4,3,20,3,14,54.6,40.72,77.93,82.33,57.4,37.63,0,Hansa Rostock 5-1 Ulm,2026-04-11
Hansa Rostock,3.53,2.07,1.46,1.99,1.76,0.23,0.78,0.31,0.47,2.77,2.07,0.70,5,1,4,2.54,57.50,55.6,46.37,0.55,0.92,229,11,11,9,20.0,9.78,9.31,3,4,21,5,12,79.5,59.28,16.73,17.67,95.13,62.37,4,Hansa Rostock 5-1 Ulm,2026-04-11
Ingolstadt,1.27,2.80,-1.53,0.93,1.60,-0.67,0.35,1.21,-0.86,1.27,2.80,-1.53,1,4,-3,-1.47,45.60,39.84,46.24,0.65,1.0,138,7,10,34,15.38,34.0,18.44,0,3,21,8,11,35.0,16.42,38.93,57.99,28.3,13.13,2,Rot-Weiss Essen 4-1 Ingolstadt,2026-04-11
Rot-Weiss Essen,2.80,1.27,1.53,1.60,0.93,0.67,1.21,0.35,0.86,2.80,1.27,1.53,4,1,3,1.47,54.40,60.16,51.06,1.0,0.65,216,27,34,10,34.0,15.38,10.44,3,0,31,14,10,178.2,83.58,28.2,42.01,187.27,86.87,5,Rot-Weiss Essen 4-1 Ingolstadt,2026-04-11
Stuttgart II,1.59,2.57,-0.98,1.54,2.57,-1.03,0.05,0.00,0.05,1.59,2.57,-0.98,1,3,-2,-1.02,54.80,46.7,38.53,0.64,0.9,131,12,9,17,14.06,18.89,7.62,5,7,11,2,15,41.7,31.83,15.67,15.81,25.97,12.94,3,Alemannia Aachen 3-1 Stuttgart II,2026-04-11
Alemannia Aachen,2.57,1.59,0.98,2.57,1.54,1.03,0.00,0.05,-0.05,2.57,1.59,0.98,3,1,2,1.02,45.20,53.3,44.99,0.9,0.64,130,17,17,9,18.89,14.06,9.51,7,5,11,2,18,89.3,68.17,83.47,84.19,174.73,87.06,2,Alemannia Aachen 3-1 Stuttgart II,2026-04-11
Saarbrücken,2.41,0.74,1.67,2.17,0.52,1.65,0.25,0.22,0.03,2.41,0.74,1.67,0,2,-2,-3.67,63.90,69.08,50.64,1.54,0.3,342,23,19,7,12.34,23.33,10.29,4,1,42,12,7,232.1,82.63,14.93,12.75,145.37,64.03,0,Havelse 2-0 Saarbrücken,2026-04-11
Havelse,0.74,2.41,-1.67,0.52,2.17,-1.65,0.22,0.25,-0.03,0.74,2.41,-1.67,2,0,2,3.67,36.10,30.92,45.18,0.3,1.54,156,8,7,19,23.33,12.34,27.25,1,4,11,2,9,48.8,17.37,102.2,87.25,81.67,35.97,0,Havelse 2-0 Saarbrücken,2026-04-11
Wehen Wiesbaden,2.09,1.74,0.35,1.13,1.54,-0.41,0.20,0.20,0.00,1.33,1.74,-0.41,1,2,-1,-1.35,62.50,71.0,47.70,1.52,0.24,250,25,14,9,9.21,37.5,9.23,5,1,24,5,10,182.3,78.65,42.13,29.11,111.17,61.64,0,Viktoria Köln 2-1 Wehen Wiesbaden,2026-04-11
Viktoria Köln,1.74,2.09,-0.35,1.54,1.13,0.41,0.20,0.20,0.00,1.74,1.33,0.41,2,1,1,1.35,37.50,29.0,38.74,0.24,1.52,95,6,9,14,37.5,9.21,14.82,1,5,10,6,17,49.5,21.35,102.6,70.89,69.17,38.36,2,Viktoria Köln 2-1 Wehen Wiesbaden,2026-04-11
MSV Duisburg,3.86,1.99,1.87,3.65,1.86,1.79,0.22,0.13,0.09,3.86,1.99,1.87,4,1,3,1.13,32.70,45.22,47.07,0.83,1.06,148,15,19,16,22.89,15.09,17.97,9,4,10,5,9,71.7,39.79,140.33,99.34,219.37,97.01,4,Waldhof Mannheim 1-4 MSV Duisburg,2026-04-11
Waldhof Mannheim,1.99,3.86,-1.87,1.86,3.65,-1.79,0.13,0.22,-0.09,1.99,3.86,-1.87,1,4,-3,-1.13,67.30,54.78,45.55,1.06,0.83,282,21,16,19,15.09,22.89,12.10,4,9,18,7,6,108.5,60.21,0.93,0.66,6.77,2.99,0,Waldhof Mannheim 1-4 MSV Duisburg,2026-04-11
Schweinfurt,1.89,1.46,0.43,1.89,0.70,1.19,0.00,0.00,0.00,1.89,0.70,1.19,1,1,0,-0.43,36.30,45.74,43.53,0.75,0.44,138,9,9,9,12.0,20.45,15.50,5,4,6,0,14,69.2,43.41,126.47,85.84,148.8,74.77,5,Hoffenheim II 1-1 Schweinfurt,2026-04-10
Hoffenheim II,1.46,1.89,-0.43,0.70,1.89,-1.19,0.00,0.00,0.00,0.70,1.89,-1.19,1,1,0,0.43,63.70,54.26,44.33,0.44,0.75,278,5,9,9,20.45,12.0,9.00,4,5,13,2,14,90.2,56.59,20.87,14.16,50.2,25.23,0,Hoffenheim II 1-1 Schweinfurt,2026-04-10
Hansa Rostock,1.69,1.38,0.31,1.61,1.13,0.48,0.08,0.25,-0.17,1.69,1.38,0.31,2,1,1,0.69,32.80,30.03,41.24,0.65,0.52,101,9,8,21,12.31,40.38,16.78,4,3,16,6,15,33.0,15.28,126.6,94.53,94.23,48.5,2,Verl 1-2 Hansa Rostock,2026-04-08
Verl,1.38,1.69,-0.31,1.13,1.61,-0.48,0.25,0.08,0.17,1.38,1.69,-0.31,1,2,-1,-0.69,67.20,69.97,48.77,0.52,0.65,307,12,21,8,40.38,12.31,8.46,3,4,20,8,5,182.9,84.72,7.33,5.47,100.07,51.5,1,Verl 1-2 Hansa Rostock,2026-04-08
Havelse,2.14,2.33,-0.19,1.20,2.18,-0.98,0.19,0.15,0.04,1.38,2.33,-0.95,4,1,3,3.19,48.40,46.35,45.42,0.49,1.17,180,8,5,14,10.2,11.97,14.50,5,5,11,1,5,57.0,40.77,71.4,59.37,90.93,60.17,1,Wehen Wiesbaden 1-4 Havelse,2026-04-08
Wehen Wiesbaden,2.33,2.14,0.19,2.18,1.20,0.98,0.15,0.19,-0.04,2.33,1.38,0.95,1,4,-3,-3.19,51.60,53.65,49.03,1.17,0.49,234,18,14,5,11.97,10.2,11.06,5,5,19,6,17,82.8,59.23,48.87,40.63,60.2,39.83,2,Wehen Wiesbaden 1-4 Havelse,2026-04-08
Ulm,1.67,1.58,0.09,1.56,1.53,0.03,0.10,0.05,0.05,1.67,1.58,0.09,1,1,0,-0.09,44.40,47.8,45.98,0.63,0.87,185,8,12,11,19.05,12.64,15.60,4,6,21,8,12,66.7,42.0,96.0,77.38,102.83,59.74,1,Stuttgart II 1-1 Ulm,2026-04-08
Stuttgart II,1.58,1.67,-0.09,1.53,1.56,-0.03,0.05,0.10,-0.05,1.58,1.67,-0.09,1,1,0,0.09,55.60,52.2,47.05,0.87,0.63,254,12,11,12,12.64,19.05,11.42,6,4,10,3,15,92.1,58.0,28.07,22.62,69.3,40.26,1,Stuttgart II 1-1 Ulm,2026-04-08
Viktoria Köln,1.31,2.25,-0.94,1.04,2.15,-1.11,0.27,0.10,0.17,1.31,2.25,-0.94,2,1,1,1.94,44.10,42.86,46.98,0.42,1.09,182,10,12,19,28.57,17.43,12.21,3,5,17,4,14,76.0,34.33,105.93,78.47,115.27,70.86,4,Ingolstadt 1-2 Viktoria Köln,2026-04-08
Ingolstadt,2.25,1.31,0.94,2.15,1.04,1.11,0.10,0.27,-0.17,2.25,1.31,0.94,1,2,-1,-1.94,55.90,57.14,46.37,1.09,0.42,238,17,19,12,17.43,28.57,12.00,5,3,20,4,13,145.4,65.67,29.07,21.53,47.4,29.14,1,Ingolstadt 1-2 Viktoria Köln,2026-04-08
Alemannia Aachen,1.56,2.73,-1.17,1.29,1.77,-0.48,0.27,0.97,-0.70,1.56,2.73,-1.17,1,1,0,1.17,45.00,48.74,48.24,0.87,1.02,197,10,16,17,18.39,16.67,11.20,3,7,15,5,16,133.4,47.99,57.6,58.61,125.83,59.37,0,Saarbrücken 1-1 Alemannia Aachen,2026-04-08
Saarbrücken,2.73,1.56,1.17,1.77,1.29,0.48,0.97,0.27,0.70,2.73,1.56,1.17,1,1,0,-1.17,55.00,51.26,43.36,1.02,0.87,186,21,17,16,16.67,18.39,9.03,7,3,24,8,12,144.6,52.01,40.67,41.39,86.1,40.63,0,Saarbrücken 1-1 Alemannia Aachen,2026-04-08
Rot-Weiss Essen,3.18,1.85,1.33,3.05,0.62,2.43,0.13,1.23,-1.10,3.18,1.85,1.33,3,1,2,0.67,48.80,55.56,48.77,1.0,0.58,178,17,22,13,22.0,22.41,14.70,7,4,24,7,6,140.1,78.93,62.47,74.55,204.4,89.23,5,Schweinfurt 1-3 Rot-Weiss Essen,2026-04-07
Schweinfurt,1.85,3.18,-1.33,0.62,3.05,-2.43,1.23,0.13,1.10,1.85,3.18,-1.33,1,3,-2,-0.67,51.20,44.44,43.58,0.58,1.0,153,6,13,22,22.41,22.0,14.95,4,7,19,5,8,37.4,21.07,21.33,25.45,24.67,10.77,2,Schweinfurt 1-3 Rot-Weiss Essen,2026-04-07
Osnabrück,0.81,0.77,0.04,0.66,0.77,-0.11,0.15,0.00,0.15,0.81,0.77,0.04,0,1,-1,-1.04,58.40,57.14,42.96,0.94,0.27,213,15,10,9,10.64,33.33,9.47,5,8,17,1,14,90.2,70.14,29.6,24.41,64.33,41.39,7,MSV Duisburg 1-0 Osnabrück,2026-04-07
MSV Duisburg,0.77,0.81,-0.04,0.77,0.66,0.11,0.00,0.15,-0.15,0.77,0.81,-0.04,1,0,1,1.04,41.60,42.86,43.14,0.27,0.94,153,5,9,10,33.33,10.64,11.00,8,5,12,0,14,38.4,29.86,91.67,75.59,91.1,58.61,4,MSV Duisburg 1-0 Osnabrück,2026-04-07
Erzgebirge Aue,2.07,2.77,-0.70,2.02,2.38,-0.36,0.05,0.39,-0.34,2.07,2.77,-0.70,0,1,-1,-0.30,47.10,52.37,45.03,1.09,0.9,179,18,12,15,11.01,16.67,16.29,4,3,17,6,9,71.3,44.48,66.0,69.47,72.9,43.78,7,Jahn Regensburg 1-0 Erzgebirge Aue,2026-04-07
Jahn Regensburg,2.77,2.07,0.70,2.38,2.02,0.36,0.39,0.05,0.34,2.77,2.07,0.70,1,0,1,0.30,52.90,47.63,45.28,0.9,1.09,201,17,15,12,16.67,11.01,14.82,3,4,25,10,11,89.0,55.52,29.0,30.53,93.6,56.22,0,Jahn Regensburg 1-0 Erzgebirge Aue,2026-04-07
1860 München,2.74,3.88,-1.14,2.63,3.85,-1.22,0.11,0.03,0.08,2.74,3.88,-1.14,0,3,-3,-1.86,47.00,46.38,40.97,0.95,1.5,137,13,15,18,15.79,12.0,13.52,5,9,12,3,10,81.6,39.17,57.93,56.28,45.66,21.06,3,Energie Cottbus 3-0 1860 München,2026-04-07
Energie Cottbus,3.88,2.74,1.14,3.85,2.63,1.22,0.03,0.11,-0.08,3.88,2.74,1.14,3,0,3,1.86,53.00,53.62,43.36,1.5,0.95,188,13,18,15,12.0,15.79,12.16,9,5,9,6,11,126.7,60.83,45.0,43.72,171.14,78.94,0,Energie Cottbus 3-0 1860 München,2026-04-07
Hoffenheim II,0.44,2.41,-1.97,0.11,2.36,-2.25,0.33,0.05,0.28,0.44,2.41,-1.97,1,1,0,1.97,34.30,26.07,41.27,0.13,1.14,118,6,4,19,30.77,16.67,12.43,5,2,9,3,13,37.0,12.91,97.2,88.1,61.83,33.15,0,Waldhof Mannheim 1-1 Hoffenheim II,2026-04-07
Waldhof Mannheim,2.41,0.44,1.97,2.36,0.11,2.25,0.05,0.33,-0.28,2.41,0.44,1.97,1,1,0,-1.97,65.70,73.93,50.82,1.14,0.13,344,19,19,4,16.67,30.77,10.14,2,5,29,8,10,249.6,87.09,13.13,11.9,124.67,66.85,2,Waldhof Mannheim 1-1 Hoffenheim II,2026-04-07
Wehen Wiesbaden,2.10,2.97,-0.87,1.63,2.92,-1.29,0.47,0.05,0.42,2.10,2.97,-0.87,0,3,-3,-2.13,53.70,49.16,41.50,0.74,1.28,170,11,17,13,22.97,10.16,11.59,1,6,21,7,13,100.5,48.36,22.27,31.84,57.84,19.76,1,Alemannia Aachen 3-0 Wehen Wiesbaden,2026-04-05
Alemannia Aachen,2.97,2.10,0.87,2.92,1.63,1.29,0.05,0.47,-0.42,2.97,2.10,0.87,3,0,3,2.13,46.30,50.84,45.07,1.28,0.74,166,14,13,17,10.16,22.97,12.06,6,1,7,3,11,107.3,51.64,47.67,68.16,234.84,80.24,0,Alemannia Aachen 3-0 Wehen Wiesbaden,2026-04-05
Ingolstadt,2.02,1.98,0.04,1.95,1.90,0.05,0.08,0.08,0.00,2.02,1.98,0.04,0,1,-1,-1.04,54.90,41.69,42.56,1.15,0.51,189,12,14,19,12.17,37.25,13.52,1,6,17,2,9,64.2,30.5,25.07,19.41,34.7,12.14,2,Saarbrücken 1-0 Ingolstadt,2026-04-05
Saarbrücken,1.98,2.02,-0.04,1.90,1.95,-0.05,0.08,0.08,0.00,1.98,2.02,-0.04,1,0,1,1.04,45.10,58.31,47.67,0.51,1.15,230,11,19,14,37.25,12.17,16.06,6,1,16,4,13,146.3,69.5,104.07,80.59,251.1,87.86,1,Saarbrücken 1-0 Ingolstadt,2026-04-05
Verl,0.97,2.44,-1.47,0.97,2.40,-1.43,0.00,0.03,-0.03,0.97,2.44,-1.47,0,1,-1,0.47,70.10,77.33,50.01,0.93,0.42,396,20,12,13,12.9,30.95,12.91,2,3,26,5,4,205.1,79.1,13.73,7.56,108.47,47.16,3,Ulm 1-0 Verl,2026-04-05
Ulm,2.44,0.97,1.47,2.40,0.97,1.43,0.03,0.00,0.03,2.44,0.97,1.47,1,0,1,-0.47,29.90,22.67,41.04,0.42,0.93,103,7,13,12,30.95,12.9,25.91,3,2,11,3,8,54.2,20.9,167.8,92.44,121.53,52.84,2,Ulm 1-0 Verl,2026-04-05
MSV Duisburg,1.45,2.47,-1.02,0.82,1.81,-0.99,0.62,0.66,-0.04,1.45,2.47,-1.02,0,1,-1,0.02,46.80,47.98,45.68,0.93,0.87,128,11,13,23,13.98,26.44,8.51,10,3,19,8,15,67.4,35.57,57.47,70.31,87.23,41.0,2,Rot-Weiss Essen 1-0 MSV Duisburg,2026-04-04
Rot-Weiss Essen,2.47,1.45,1.02,1.81,0.82,0.99,0.66,0.62,0.04,2.47,1.45,1.02,1,0,1,-0.02,53.20,52.02,45.63,0.87,0.93,159,27,23,13,26.44,13.98,9.54,3,10,22,7,9,122.1,64.43,24.27,29.69,125.53,59.0,12,Rot-Weiss Essen 1-0 MSV Duisburg,2026-04-04
Jahn Regensburg,2.97,1.68,1.29,2.35,1.67,0.68,0.62,0.02,0.60,2.97,1.68,1.29,1,3,-2,-3.29,49.00,49.29,41.83,0.72,0.4,149,13,16,13,22.22,32.5,8.97,12,10,18,5,20,86.2,52.75,50.2,51.33,95.7,51.27,0,Stuttgart II 3-1 Jahn Regensburg,2026-04-04
Stuttgart II,1.68,2.97,-1.29,1.67,2.35,-0.68,0.02,0.62,-0.60,1.68,2.97,-1.29,3,1,2,3.29,51.00,50.71,42.74,0.4,0.72,168,9,13,16,32.5,22.22,8.40,10,12,11,5,13,77.2,47.25,47.6,48.67,90.97,48.73,3,Stuttgart II 3-1 Jahn Regensburg,2026-04-04
Hoffenheim II,3.41,1.95,1.46,3.34,1.95,1.39,0.07,0.00,0.07,3.41,1.95,1.46,5,3,2,0.54,68.00,72.75,51.22,1.17,0.84,379,20,20,6,17.09,7.14,10.88,7,1,11,3,6,202.9,93.94,14.33,9.07,151.23,86.66,4,Erzgebirge Aue 3-5 Hoffenheim II,2026-04-04
Erzgebirge Aue,1.95,3.41,-1.46,1.95,3.34,-1.39,0.00,0.07,-0.07,1.95,3.41,-1.46,3,5,-2,-0.54,32.00,27.25,42.35,0.84,1.17,121,7,6,20,7.14,17.09,32.18,1,7,9,2,10,13.1,6.06,143.67,90.93,23.27,13.34,3,Erzgebirge Aue 3-5 Hoffenheim II,2026-04-04
Waldhof Mannheim,1.58,1.67,-0.09,1.42,1.41,0.01,0.16,0.26,-0.10,1.58,1.67,-0.09,1,1,0,0.09,46.50,42.25,47.12,0.61,2.22,209,7,12,17,19.67,7.66,11.30,3,7,15,4,14,73.3,33.49,42.6,48.93,92.4,44.01,1,1860 München 1-1 Waldhof Mannheim,2026-04-04
1860 München,1.67,1.58,0.09,1.41,1.42,-0.01,0.26,0.16,0.10,1.67,1.58,0.09,1,1,0,-0.09,53.50,57.75,50.28,2.22,0.61,269,26,17,12,7.66,19.67,9.08,7,3,39,8,11,145.6,66.51,44.47,51.07,117.57,55.99,7,1860 München 1-1 Waldhof Mannheim,2026-04-04
Energie Cottbus,4.56,1.18,3.38,4.56,1.18,3.38,0.00,0.00,0.00,4.56,1.18,3.38,3,0,3,-0.38,46.10,59.73,45.91,1.62,0.63,200,19,16,9,9.88,14.29,17.82,8,1,10,4,8,125.6,65.04,99.8,77.32,222.17,94.9,1,Havelse 0-3 Energie Cottbus,2026-04-04
Havelse,1.18,4.56,-3.38,1.18,4.56,-3.38,0.00,0.00,0.00,1.18,4.56,-3.38,0,3,-3,0.38,53.90,40.27,40.65,0.63,1.62,193,7,9,16,14.29,9.88,20.00,1,8,8,1,5,67.5,34.96,29.27,22.68,11.93,5.1,0,Havelse 0-3 Energie Cottbus,2026-04-04
Viktoria Köln,1.52,3.45,-1.93,1.13,3.11,-1.98,0.39,0.34,0.05,1.52,3.45,-1.93,3,2,1,2.93,29.10,22.67,41.38,0.44,1.88,89,7,9,21,20.45,11.17,17.32,0,4,9,1,17,20.9,7.76,116.47,92.73,90.7,67.15,0,Hansa Rostock 2-3 Viktoria Köln,2026-04-04
Hansa Rostock,3.45,1.52,1.93,3.11,1.13,1.98,0.34,0.39,-0.05,3.45,1.52,1.93,2,3,-1,-2.93,70.90,77.33,50.81,1.88,0.44,341,23,21,9,11.17,20.45,6.51,4,0,49,10,12,248.3,92.24,9.13,7.27,44.37,32.85,1,Hansa Rostock 2-3 Viktoria Köln,2026-04-04
Schweinfurt,0.37,2.71,-2.34,0.17,1.99,-1.82,0.20,0.72,-0.52,0.37,2.71,-2.34,0,4,-4,-1.66,52.50,38.8,40.91,0.37,0.81,167,6,6,13,16.22,16.05,10.45,9,6,10,3,12,49.3,26.15,30.07,25.02,10.37,3.77,3,Osnabrück 4-0 Schweinfurt,2026-04-04
Osnabrück,2.71,0.37,2.34,1.99,0.17,1.82,0.72,0.20,0.52,2.71,0.37,2.34,4,0,4,1.66,47.50,61.2,49.02,0.81,0.37,202,14,13,6,16.05,16.22,13.16,6,9,18,3,13,139.2,73.85,90.13,74.98,265.01,96.23,1,Osnabrück 4-0 Schweinfurt,2026-04-04
Rot-Weiss Essen,0.74,1.97,-1.23,0.71,1.62,-0.91,0.04,0.34,-0.30,0.74,1.97,-1.23,2,1,1,2.23,42.90,42.37,44.38,0.8,0.71,163,11,8,12,10.0,16.9,11.24,6,3,13,2,11,42.2,28.67,75.4,72.83,97.37,68.01,5,Viktoria Köln 1-2 Rot-Weiss Essen,2026-03-22
Viktoria Köln,1.97,0.74,1.23,1.62,0.71,0.91,0.34,0.04,0.30,1.97,0.74,1.23,1,2,-1,-2.23,57.10,57.63,48.63,0.71,0.8,252,15,12,8,16.9,10.0,9.64,3,6,22,6,18,105.0,71.33,28.13,27.17,45.8,31.99,2,Viktoria Köln 1-2 Rot-Weiss Essen,2026-03-22
1860 München,2.17,1.43,0.74,1.16,0.61,0.55,0.25,0.82,-0.57,1.41,1.43,-0.02,1,2,-1,-1.74,56.10,48.82,42.14,0.86,0.58,195,17,13,12,15.12,20.69,10.87,3,8,23,6,11,87.5,63.54,27.73,28.35,71.1,47.74,3,MSV Duisburg 2-1 1860 München,2026-03-22
MSV Duisburg,1.43,2.17,-0.74,0.61,1.16,-0.55,0.82,0.25,0.57,1.43,1.41,0.02,2,1,1,1.74,43.90,51.18,44.14,0.58,0.86,148,8,12,13,20.69,15.12,11.03,8,3,12,4,15,50.2,36.46,70.07,71.65,77.83,52.26,6,MSV Duisburg 2-1 1860 München,2026-03-22
Osnabrück,1.72,0.74,0.98,1.62,0.73,0.89,0.10,0.01,0.09,1.72,0.74,0.98,1,0,1,0.02,40.10,52.55,48.72,0.64,0.71,196,19,17,7,26.56,9.86,17.55,6,2,21,9,10,145.6,64.42,106.13,95.1,224.27,92.65,2,Hoffenheim II 0-1 Osnabrück,2026-03-22
Hoffenheim II,0.74,1.72,-0.98,0.73,1.62,-0.89,0.01,0.10,-0.09,0.74,1.72,-0.98,0,1,-1,-0.02,59.90,47.45,43.91,0.71,0.64,251,6,7,17,9.86,26.56,11.15,2,6,10,2,12,80.4,35.58,5.47,4.9,17.8,7.35,1,Hoffenheim II 0-1 Osnabrück,2026-03-22
Saarbrücken,0.58,1.79,-1.21,0.34,1.42,-1.08,0.24,0.37,-0.13,0.58,1.79,-1.21,0,3,-3,-1.79,33.10,32.78,41.71,0.36,0.64,126,7,9,17,25.0,26.56,20.78,2,10,15,6,6,20.8,10.71,137.2,89.28,32.09,17.54,1,Verl 3-0 Saarbrücken,2026-03-21
Verl,1.79,0.58,1.21,1.42,0.34,1.08,0.37,0.24,0.13,1.79,0.58,1.21,3,0,3,1.79,66.90,67.22,50.50,0.64,0.36,399,15,17,9,26.56,25.0,8.81,10,2,15,11,8,173.4,89.29,16.47,10.72,150.83,82.46,2,Verl 3-0 Saarbrücken,2026-03-21
Stuttgart II,1.75,2.61,-0.86,1.41,2.26,-0.85,0.34,0.35,-0.01,1.75,2.61,-0.86,1,3,-2,-1.14,54.70,47.77,46.56,0.6,0.69,194,9,10,21,16.67,30.43,7.51,5,5,11,4,16,33.2,31.56,14.07,23.71,19.53,16.94,1,Schweinfurt 3-1 Stuttgart II,2026-03-21
Schweinfurt,2.61,1.75,0.86,2.26,1.41,0.85,0.35,0.34,0.01,2.61,1.75,0.86,3,1,2,1.14,45.30,52.23,43.99,0.69,0.6,142,15,21,10,30.43,16.67,9.45,5,5,23,8,14,72.0,68.44,45.27,76.29,95.73,83.06,2,Schweinfurt 3-1 Stuttgart II,2026-03-21
Havelse,2.34,2.62,-0.28,1.92,2.20,-0.28,0.42,0.42,0.00,2.34,2.62,-0.28,2,5,-3,-2.72,58.50,59.7,41.77,0.79,0.3,207,10,14,10,17.72,33.33,10.25,7,6,15,5,13,126.0,74.38,11.07,10.5,66.04,34.43,1,Jahn Regensburg 5-2 Havelse,2026-03-21
Jahn Regensburg,2.62,2.34,0.28,2.20,1.92,0.28,0.42,0.42,0.00,2.62,2.34,0.28,5,2,3,2.72,41.50,40.3,39.73,0.3,0.79,129,7,10,14,33.33,17.72,13.80,6,7,7,1,14,43.4,25.62,94.33,89.5,125.78,65.57,0,Jahn Regensburg 5-2 Havelse,2026-03-21
Ulm,0.69,1.20,-0.51,0.67,1.10,-0.43,0.02,0.09,-0.07,0.69,1.20,-0.51,1,1,0,0.51,32.50,35.98,47.97,0.71,1.37,129,10,6,16,8.45,11.68,19.60,4,9,21,7,13,31.7,15.79,122.2,94.63,91.47,55.92,2,Energie Cottbus 1-1 Ulm,2026-03-21
Energie Cottbus,1.20,0.69,0.51,1.10,0.67,0.43,0.09,0.02,0.07,1.20,0.69,0.51,1,1,0,-0.51,67.50,64.02,50.19,1.37,0.71,326,20,16,6,11.68,8.45,7.06,9,4,31,9,9,169.1,84.21,6.93,5.37,72.1,44.08,1,Energie Cottbus 1-1 Ulm,2026-03-21
Alemannia Aachen,3.18,1.13,2.05,2.54,1.08,1.46,0.64,0.05,0.59,3.18,1.13,2.05,2,1,1,-1.05,45.30,59.61,50.41,0.43,0.67,204,7,20,9,46.51,13.43,10.11,8,3,24,13,14,126.3,68.05,73.73,84.88,177.7,84.66,1,Ingolstadt 1-2 Alemannia Aachen,2026-03-21
Ingolstadt,1.13,3.18,-2.05,1.08,2.54,-1.46,0.05,0.64,-0.59,1.13,3.18,-2.05,1,2,-1,1.05,54.70,40.39,42.11,0.67,0.43,177,12,9,20,13.43,46.51,8.83,3,8,13,3,14,59.3,31.95,13.13,15.12,32.2,15.34,8,Ingolstadt 1-2 Alemannia Aachen,2026-03-21
Erzgebirge Aue,0.47,1.69,-1.22,0.38,1.69,-1.31,0.10,0.00,0.10,0.47,1.69,-1.22,1,2,-1,0.22,49.30,53.93,44.07,0.82,0.82,163,10,10,17,12.2,20.73,13.42,5,3,21,5,12,61.0,43.17,86.47,80.71,95.73,67.53,6,Waldhof Mannheim 2-1 Erzgebirge Aue,2026-03-21
Waldhof Mannheim,1.69,0.47,1.22,1.69,0.38,1.31,0.00,0.10,-0.10,1.69,0.47,1.22,2,1,1,-0.22,50.70,46.07,43.90,0.82,0.82,171,12,17,10,20.73,12.2,10.41,3,5,17,4,10,80.3,56.83,20.67,19.29,46.03,32.47,1,Waldhof Mannheim 2-1 Erzgebirge Aue,2026-03-21
Hansa Rostock,1.65,2.35,-0.70,0.89,2.00,-1.11,0.00,0.34,-0.34,0.89,2.35,-1.46,1,0,1,1.70,44.20,28.06,39.60,0.28,1.94,119,4,4,25,14.29,12.89,10.41,5,1,10,3,10,16.2,7.65,47.47,45.79,19.4,11.33,0,Wehen Wiesbaden 0-1 Hansa Rostock,2026-03-20
Wehen Wiesbaden,2.35,1.65,0.70,2.00,0.89,1.11,0.34,0.00,0.34,2.35,0.89,1.46,0,1,-1,-1.70,55.80,71.94,54.83,1.94,0.28,292,32,25,4,12.89,14.29,13.74,1,5,42,7,11,195.7,92.35,56.2,54.21,151.83,88.67,7,Wehen Wiesbaden 0-1 Hansa Rostock,2026-03-20
Ingolstadt,2.47,2.42,0.05,2.18,1.51,0.67,0.29,0.15,0.14,2.47,1.66,0.81,3,1,2,1.95,49.10,41.11,39.57,1.19,1.33,159,15,9,19,7.56,14.29,9.53,4,4,16,2,13,60.1,29.72,22.87,25.08,59.03,32.68,2,Ulm 1-3 Ingolstadt,2026-03-15
Ulm,2.42,2.47,-0.05,1.51,2.18,-0.67,0.15,0.29,-0.14,1.66,2.47,-0.81,1,3,-2,-1.95,50.90,58.89,50.78,1.33,1.19,247,13,19,9,14.29,7.56,9.29,4,4,32,4,20,142.1,70.28,68.33,74.92,121.6,67.32,2,Ulm 1-3 Ingolstadt,2026-03-15
Schweinfurt,0.43,3.74,-3.31,0.43,3.31,-2.88,0.00,0.43,-0.43,0.43,3.74,-3.31,0,4,-4,-0.69,33.90,41.58,44.42,0.41,0.88,127,6,8,22,19.51,25.0,14.33,11,2,11,1,16,23.8,12.05,159.27,95.83,47.31,14.95,0,Verl 4-0 Schweinfurt,2026-03-15
Verl,3.74,0.43,3.31,3.31,0.43,2.88,0.43,0.00,0.43,3.74,0.43,3.31,4,0,4,0.69,66.10,58.42,41.12,0.88,0.41,226,17,22,8,25.0,19.51,11.13,2,11,15,8,9,173.7,87.95,6.93,4.17,269.21,85.05,1,Verl 4-0 Schweinfurt,2026-03-15
Hoffenheim II,0.99,3.87,-2.88,0.87,3.02,-2.15,0.12,0.09,0.03,0.99,3.11,-2.12,0,1,-1,1.88,35.20,25.71,34.75,0.48,0.99,57,6,10,26,20.83,26.26,14.00,2,3,5,2,15,21.8,9.06,100.47,90.73,42.17,22.05,0,Stuttgart II 1-0 Hoffenheim II,2026-03-15
Stuttgart II,3.87,0.99,2.88,3.02,0.87,2.15,0.09,0.12,-0.03,3.11,0.99,2.12,1,0,1,-1.88,64.80,74.29,46.93,0.99,0.48,233,15,26,10,26.26,20.83,5.60,3,2,14,13,13,218.8,90.94,10.27,9.27,149.07,77.95,0,Stuttgart II 1-0 Hoffenheim II,2026-03-15
Wehen Wiesbaden,1.68,0.92,0.76,0.68,0.60,0.08,1.00,0.32,0.68,1.68,0.92,0.76,0,0,0,-0.76,46.00,49.01,43.86,0.63,0.41,155,10,15,9,23.81,21.95,17.75,2,3,13,7,9,59.3,61.9,81.73,64.9,105.23,70.09,3,1860 München 0-0 Wehen Wiesbaden,2026-03-14
1860 München,0.92,1.68,-0.76,0.60,0.68,-0.08,0.32,1.00,-0.68,0.92,1.68,-0.76,0,0,0,0.76,54.00,50.99,41.05,0.41,0.63,177,8,9,15,21.95,23.81,13.92,3,2,15,3,10,36.5,38.1,44.2,35.1,44.9,29.91,4,1860 München 0-0 Wehen Wiesbaden,2026-03-14
Erzgebirge Aue,2.04,1.93,0.11,2.00,1.38,0.62,0.04,0.54,-0.50,2.04,1.93,0.11,2,4,-2,-2.11,52.30,55.1,48.26,1.1,0.71,228,16,11,12,10.0,16.9,12.44,6,10,23,5,11,94.9,59.57,44.13,44.16,67.02,38.55,8,Rot-Weiss Essen 4-2 Erzgebirge Aue,2026-03-14
Rot-Weiss Essen,1.93,2.04,-0.11,1.38,2.00,-0.62,0.54,0.04,0.50,1.93,2.04,-0.11,4,2,2,2.11,47.70,44.9,44.22,0.71,1.1,162,12,12,11,16.9,10.0,12.79,10,6,22,4,10,64.4,40.43,55.8,55.84,106.83,61.45,4,Rot-Weiss Essen 4-2 Erzgebirge Aue,2026-03-14
Viktoria Köln,2.98,1.79,1.19,2.63,1.03,1.60,0.35,0.00,0.35,2.98,1.03,1.95,2,3,-1,-2.19,52.80,70.1,48.00,2.06,0.61,249,23,29,10,14.08,16.39,15.17,9,2,28,10,11,193.1,86.51,55.67,69.76,236.17,88.99,1,Havelse 3-2 Viktoria Köln,2026-03-14
Havelse,1.79,2.98,-1.19,1.03,2.63,-1.60,0.00,0.35,-0.35,1.03,2.98,-1.95,3,2,1,2.19,47.20,29.9,36.10,0.61,2.06,119,5,10,29,16.39,14.08,20.55,2,9,14,4,10,30.1,13.49,24.13,30.24,29.23,11.01,0,Havelse 3-2 Viktoria Köln,2026-03-14
MSV Duisburg,1.58,2.44,-0.86,1.41,2.44,-1.03,0.17,0.00,0.17,1.58,2.44,-0.86,1,5,-4,-3.14,33.90,41.84,45.29,0.84,1.17,140,16,15,16,17.86,13.68,16.09,3,4,20,6,13,65.3,40.94,112.73,95.49,108.3,62.03,1,Hansa Rostock 5-1 MSV Duisburg,2026-03-14
Hansa Rostock,2.44,1.58,0.86,2.44,1.41,1.03,0.00,0.17,-0.17,2.44,1.58,0.86,5,1,4,3.14,66.10,58.16,44.07,1.17,0.84,210,16,16,15,13.68,17.86,7.97,4,3,16,4,12,94.2,59.06,5.33,4.51,66.3,37.97,2,Hansa Rostock 5-1 MSV Duisburg,2026-03-14
Waldhof Mannheim,1.34,3.02,-1.68,1.31,2.92,-1.61,0.03,0.10,-0.07,1.34,3.02,-1.68,1,4,-3,-1.32,49.00,48.63,45.32,0.28,0.83,199,10,9,19,32.14,22.89,15.56,7,11,16,4,8,58.5,37.24,45.6,47.01,44.88,19.5,1,Osnabrück 4-1 Waldhof Mannheim,2026-03-14
Osnabrück,3.02,1.34,1.68,2.92,1.31,1.61,0.10,0.03,0.07,3.02,1.34,1.68,4,1,3,1.32,51.00,51.37,45.45,0.83,0.28,200,14,19,9,22.89,32.14,10.56,11,7,12,4,10,98.6,62.76,51.4,52.99,185.26,80.5,3,Osnabrück 4-1 Waldhof Mannheim,2026-03-14
Jahn Regensburg,1.38,2.16,-0.78,1.38,2.10,-0.72,0.00,0.06,-0.06,1.38,2.16,-0.78,1,1,0,0.78,43.30,42.2,43.75,0.61,1.19,168,8,8,14,13.11,11.76,13.55,2,4,9,0,19,59.5,30.22,57.27,69.0,79.37,44.82,1,Saarbrücken 1-1 Jahn Regensburg,2026-03-14
Saarbrücken,2.16,1.38,0.78,2.10,1.38,0.72,0.06,0.00,0.06,2.16,1.38,0.78,1,1,0,-0.78,56.70,57.8,48.07,1.19,0.61,248,19,14,8,11.76,13.11,8.38,4,2,32,5,16,137.4,69.78,25.73,31.0,97.73,55.18,0,Saarbrücken 1-1 Jahn Regensburg,2026-03-14
Energie Cottbus,1.72,2.16,-0.44,1.45,1.75,-0.30,0.26,0.41,-0.15,1.72,2.16,-0.44,1,4,-3,-2.56,61.20,54.24,44.42,0.67,0.55,190,9,21,14,31.34,25.45,6.37,0,6,18,8,12,95.7,52.18,5.67,6.03,64.44,28.41,1,Alemannia Aachen 4-1 Energie Cottbus,2026-03-13
Alemannia Aachen,2.16,1.72,0.44,1.75,1.45,0.30,0.41,0.26,0.15,2.16,1.72,0.44,4,1,3,2.56,38.80,45.76,47.69,0.55,0.67,136,12,14,21,25.45,31.34,11.45,6,0,15,4,17,87.7,47.82,88.33,93.97,162.37,71.59,1,Alemannia Aachen 4-1 Energie Cottbus,2026-03-13
Verl,1.83,1.02,0.81,1.79,0.85,0.94,0.04,0.16,-0.12,1.83,1.02,0.81,2,1,1,0.19,58.20,61.99,48.11,0.28,0.41,330,9,11,11,39.29,26.83,13.33,3,2,8,4,13,157.9,64.61,32.8,22.89,118.6,62.56,1,Ingolstadt 1-2 Verl,2026-03-08
Ingolstadt,1.02,1.83,-0.81,0.85,1.79,-0.94,0.16,0.04,0.12,1.02,1.83,-0.81,1,2,-1,-0.19,41.80,38.01,42.97,0.41,0.28,174,11,11,11,26.83,39.29,15.97,2,3,15,3,12,86.5,35.39,110.47,77.11,70.97,37.44,2,Ingolstadt 1-2 Verl,2026-03-08
Saarbrücken,1.74,2.83,-1.09,1.69,2.72,-1.03,0.05,0.10,-0.05,1.74,2.83,-1.09,2,4,-2,-0.91,58.70,58.08,45.79,0.82,0.59,224,15,19,13,23.17,22.03,15.62,5,7,22,9,7,136.1,72.7,25.67,20.49,66.44,37.84,0,MSV Duisburg 4-2 Saarbrücken,2026-03-08
MSV Duisburg,2.83,1.74,1.09,2.72,1.69,1.03,0.10,0.05,0.05,2.83,1.74,1.09,4,2,2,0.91,41.30,41.92,44.05,0.59,0.82,152,11,13,19,22.03,23.17,18.92,7,5,13,4,5,51.1,27.3,99.6,79.51,109.13,62.16,3,MSV Duisburg 4-2 Saarbrücken,2026-03-08
Havelse,0.59,4.36,-3.77,0.53,2.12,-1.59,0.06,1.48,-1.42,0.59,3.60,-3.01,1,3,-2,1.77,52.00,37.92,41.22,0.23,0.47,137,12,7,25,30.43,53.19,9.63,4,5,9,4,15,45.7,20.04,30.4,30.54,42.87,15.45,1,Waldhof Mannheim 3-1 Havelse,2026-03-08
Waldhof Mannheim,4.36,0.59,3.77,2.12,0.53,1.59,1.48,0.06,1.42,3.60,0.59,3.01,3,1,2,-1.77,48.00,62.08,50.26,0.47,0.23,200,15,25,7,53.19,30.43,9.74,5,4,23,11,10,182.4,79.96,69.13,69.46,234.57,84.55,0,Waldhof Mannheim 3-1 Havelse,2026-03-08
Osnabrück,2.02,0.76,1.26,1.89,0.54,1.35,0.13,0.22,-0.09,2.02,0.76,1.26,2,0,2,0.74,46.00,45.54,43.78,0.53,0.5,161,10,12,9,22.64,18.0,17.88,6,5,14,5,12,75.0,47.44,74.33,81.56,130.27,83.51,0,Jahn Regensburg 0-2 Osnabrück,2026-03-07
Jahn Regensburg,0.76,2.02,-1.26,0.54,1.89,-1.35,0.22,0.13,0.09,0.76,2.02,-1.26,0,2,-2,-0.74,54.00,54.46,41.40,0.5,0.53,189,8,9,12,18.0,22.64,13.00,5,6,20,8,5,83.1,52.56,16.8,18.44,25.73,16.49,0,Jahn Regensburg 0-2 Osnabrück,2026-03-07
Ulm,3.61,1.81,1.80,3.36,0.58,2.78,0.26,0.47,-0.21,3.61,1.05,2.56,2,3,-1,-2.80,59.60,69.64,50.63,1.71,0.7,229,23,24,9,14.04,12.86,6.27,4,4,39,13,18,207.2,89.7,23.93,30.6,179.73,89.73,1,Schweinfurt 3-2 Ulm,2026-03-07
Schweinfurt,1.81,3.61,-1.80,0.58,3.36,-2.78,0.47,0.26,0.21,1.05,3.61,-2.56,3,2,1,2.80,40.40,30.36,40.72,0.7,1.71,100,7,9,24,12.86,14.04,7.76,4,4,8,5,15,23.8,10.3,54.27,69.4,20.57,10.27,5,Schweinfurt 3-2 Ulm,2026-03-07
Rot-Weiss Essen,3.92,1.56,2.36,2.80,0.80,2.00,0.35,0.00,0.35,3.16,0.80,2.36,4,2,2,-0.36,36.40,41.03,45.77,1.49,1.13,144,17,22,8,14.77,7.08,18.79,5,6,15,5,14,85.3,49.56,99.13,90.18,138.83,74.23,4,Hoffenheim II 2-4 Rot-Weiss Essen,2026-03-07
Hoffenheim II,1.56,3.92,-2.36,0.80,2.80,-2.00,0.00,0.35,-0.35,0.80,3.16,-2.36,2,4,-2,0.36,63.60,58.97,45.85,1.13,1.49,247,6,8,22,7.08,14.77,9.00,6,5,14,3,7,86.8,50.44,10.8,9.82,48.2,25.77,0,Hoffenheim II 2-4 Rot-Weiss Essen,2026-03-07
Stuttgart II,1.12,1.21,-0.09,1.12,1.08,0.04,0.00,0.13,-0.13,1.12,1.21,-0.09,1,2,-1,-0.91,63.70,64.29,48.45,0.83,0.35,265,15,13,10,15.66,28.57,8.00,5,4,18,6,13,144.9,73.48,14.8,11.96,69.77,35.28,2,Wehen Wiesbaden 2-1 Stuttgart II,2026-03-07
Wehen Wiesbaden,1.21,1.12,0.09,1.08,1.12,-0.04,0.13,0.00,0.13,1.21,1.12,0.09,2,1,1,0.91,36.30,35.71,44.07,0.35,0.83,109,3,10,13,28.57,15.66,11.05,4,5,12,5,18,52.3,26.52,108.93,88.04,127.97,64.72,0,Wehen Wiesbaden 2-1 Stuttgart II,2026-03-07
Hansa Rostock,1.46,0.50,0.96,1.19,0.27,0.92,0.28,0.23,0.05,1.46,0.50,0.96,0,0,0,-0.96,39.50,42.45,42.05,0.83,0.4,107,12,8,7,9.64,17.5,12.43,4,1,11,3,15,35.3,35.26,72.67,81.16,80.93,59.7,3,Energie Cottbus 0-0 Hansa Rostock,2026-03-07
Energie Cottbus,0.50,1.46,-0.96,0.27,1.19,-0.92,0.23,0.28,-0.05,0.50,1.46,-0.96,0,0,0,0.96,60.50,57.55,49.03,0.4,0.83,269,11,7,8,17.5,9.64,8.31,1,4,20,6,15,64.8,64.74,16.87,18.84,54.63,40.3,0,Energie Cottbus 0-0 Hansa Rostock,2026-03-07
Alemannia Aachen,2.06,3.12,-1.06,1.85,2.95,-1.10,0.21,0.17,0.04,2.06,3.12,-1.06,3,1,2,3.06,46.40,46.82,45.85,0.7,1.47,133,9,12,23,17.14,15.65,9.30,7,10,8,7,10,66.0,31.73,27.67,50.92,76.1,41.16,0,Erzgebirge Aue 1-3 Alemannia Aachen,2026-03-07
Erzgebirge Aue,3.12,2.06,1.06,2.95,1.85,1.10,0.17,0.21,-0.04,3.12,2.06,1.06,1,3,-2,-3.06,53.60,53.18,46.73,1.47,0.7,155,17,23,12,15.65,17.14,6.35,10,7,27,9,12,142.0,68.27,26.67,49.08,108.8,58.84,5,Erzgebirge Aue 1-3 Alemannia Aachen,2026-03-07
1860 München,1.05,1.46,-0.41,1.05,1.20,-0.15,0.00,0.26,-0.26,1.05,1.46,-0.41,1,0,1,1.41,38.80,40.59,38.34,0.25,0.22,111,2,5,9,20.0,40.91,15.10,3,3,8,3,17,26.9,18.65,85.87,80.1,70.2,51.93,0,Viktoria Köln 0-1 1860 München,2026-03-06
Viktoria Köln,1.46,1.05,0.41,1.20,1.05,0.15,0.26,0.00,0.26,1.46,1.05,0.41,0,1,-1,-1.41,61.20,59.41,45.84,0.22,0.25,213,9,9,5,40.91,20.0,8.15,3,3,22,6,16,117.3,81.35,21.33,19.9,64.97,48.07,4,Viktoria Köln 0-1 1860 München,2026-03-06
Waldhof Mannheim,0.83,2.42,-1.59,0.65,1.79,-1.14,0.18,0.63,-0.45,0.83,2.42,-1.59,0,1,-1,0.59,53.20,53.65,46.16,0.46,0.8,194,6,10,19,21.74,23.75,9.62,3,5,23,3,10,79.4,55.56,22.73,29.86,54.77,37.39,0,Rot-Weiss Essen 1-0 Waldhof Mannheim,2026-03-04
Rot-Weiss Essen,2.42,0.83,1.59,1.79,0.65,1.14,0.63,0.18,0.45,2.42,0.83,1.59,1,0,1,-0.59,46.80,46.35,47.97,0.8,0.46,190,15,19,10,23.75,21.74,11.80,5,3,23,7,13,63.5,44.44,53.4,70.14,91.73,62.61,11,Rot-Weiss Essen 1-0 Waldhof Mannheim,2026-03-04
Schweinfurt,0.44,4.89,-4.45,0.44,4.83,-4.39,0.00,0.06,-0.06,0.44,4.89,-4.45,0,1,-1,3.45,53.80,31.38,40.60,0.52,1.27,142,7,7,18,13.46,14.17,7.55,10,8,8,0,13,22.7,11.82,20.13,22.53,15.9,5.92,1,Alemannia Aachen 1-0 Schweinfurt,2026-03-04
Alemannia Aachen,4.89,0.44,4.45,4.83,0.44,4.39,0.06,0.00,0.06,4.89,0.44,4.45,1,0,1,-3.45,46.20,68.62,49.93,1.27,0.52,220,14,18,7,14.17,13.46,9.89,8,10,14,7,11,169.3,88.18,69.2,77.47,252.57,94.08,3,Alemannia Aachen 1-0 Schweinfurt,2026-03-04
Hansa Rostock,4.01,0.73,3.28,3.94,0.73,3.21,0.06,0.00,0.06,4.01,0.73,3.28,3,1,2,-1.28,64.90,67.26,50.14,0.82,0.34,309,15,18,8,21.95,23.53,6.77,11,3,22,5,14,168.9,82.59,12.87,10.61,92.53,59.18,1,Havelse 1-3 Hansa Rostock,2026-03-04
Havelse,0.73,4.01,-3.28,0.73,3.94,-3.21,0.00,0.06,-0.06,0.73,4.01,-3.28,1,3,-2,1.28,35.10,32.74,41.16,0.34,0.82,111,10,8,18,23.53,21.95,16.19,3,11,14,7,16,35.6,17.41,108.47,89.39,63.83,40.82,2,Havelse 1-3 Hansa Rostock,2026-03-04
MSV Duisburg,0.73,1.67,-0.94,0.68,1.32,-0.64,0.05,0.36,-0.31,0.73,1.67,-0.94,0,0,0,0.94,38.40,43.57,44.35,0.32,0.66,148,4,8,13,25.0,19.7,15.87,3,7,9,2,15,46.4,31.52,111.53,91.77,112.33,63.27,2,Ingolstadt 0-0 MSV Duisburg,2026-03-04
Ingolstadt,1.67,0.73,0.94,1.32,0.68,0.64,0.36,0.05,0.31,1.67,0.73,0.94,0,0,0,-0.94,61.60,56.43,42.75,0.66,0.32,209,20,13,8,19.7,25.0,10.43,7,3,22,5,9,100.8,68.48,10.0,8.23,65.2,36.73,9,Ingolstadt 0-0 MSV Duisburg,2026-03-04
Wehen Wiesbaden,0.14,1.86,-1.72,0.14,0.84,-0.70,0.00,1.02,-1.02,0.14,1.86,-1.72,0,2,-2,-0.28,52.60,34.43,38.56,0.26,0.5,138,5,4,19,15.38,38.0,10.09,1,9,6,0,10,20.4,11.28,35.73,31.05,10.7,4.5,3,Saarbrücken 2-0 Wehen Wiesbaden,2026-03-04
Saarbrücken,1.86,0.14,1.72,0.84,0.14,0.70,1.02,0.00,1.02,1.86,0.14,1.72,2,0,2,0.28,47.40,65.57,46.33,0.5,0.26,195,11,19,4,38.0,15.38,10.90,9,1,24,9,21,160.5,88.72,79.33,68.95,226.9,95.5,1,Saarbrücken 2-0 Wehen Wiesbaden,2026-03-04
Jahn Regensburg,3.30,1.76,1.54,2.67,1.64,1.03,0.63,0.12,0.51,3.30,1.76,1.54,2,1,1,-0.54,30.10,40.83,43.43,0.49,0.95,127,9,14,16,28.57,16.84,17.67,2,5,10,6,18,47.7,27.12,190.33,99.03,200.2,90.21,1,Verl 1-2 Jahn Regensburg,2026-03-03
Verl,1.76,3.30,-1.54,1.64,2.67,-1.03,0.12,0.63,-0.51,1.76,3.30,-1.54,1,2,-1,0.54,69.90,59.17,40.43,0.95,0.49,224,18,16,14,16.84,28.57,6.69,5,2,12,4,10,128.2,72.88,1.87,0.97,21.73,9.79,2,Verl 1-2 Jahn Regensburg,2026-03-03
Erzgebirge Aue,3.56,1.75,1.81,1.48,1.75,-0.27,2.08,0.00,2.08,3.56,1.75,1.81,1,2,-1,-2.81,46.40,54.02,48.22,1.16,0.47,192,19,24,9,20.69,19.15,14.18,3,2,29,13,14,157.7,67.77,68.0,70.54,163.07,75.73,1,1860 München 2-1 Erzgebirge Aue,2026-03-03
1860 München,1.75,3.56,-1.81,1.75,1.48,0.27,0.00,2.08,-2.08,1.75,3.56,-1.81,2,1,1,2.81,53.60,45.98,41.85,0.47,1.16,170,15,9,24,19.15,20.69,11.77,2,3,20,7,7,75.0,32.23,28.4,29.46,52.27,24.27,3,1860 München 2-1 Erzgebirge Aue,2026-03-03
Viktoria Köln,0.82,1.86,-1.04,0.55,1.86,-1.31,0.26,0.00,0.26,0.82,1.86,-1.04,0,2,-2,-0.96,72.60,71.23,49.13,0.45,0.42,382,8,11,7,24.44,16.67,6.35,8,10,22,9,9,148.0,94.81,4.2,2.35,44.63,28.46,0,Osnabrück 2-0 Viktoria Köln,2026-03-03
Osnabrück,1.86,0.82,1.04,1.86,0.55,1.31,0.00,0.26,-0.26,1.86,0.82,1.04,2,0,2,0.96,27.40,28.77,40.85,0.42,0.45,81,5,7,11,16.67,24.44,13.82,10,8,2,0,19,8.1,5.19,174.33,97.65,112.2,71.54,2,Osnabrück 2-0 Viktoria Köln,2026-03-03
Hoffenheim II,2.62,1.45,1.17,2.62,0.93,1.69,0.00,0.52,-0.52,2.62,1.45,1.17,3,1,2,0.83,58.20,57.69,42.42,0.66,1.5,223,14,14,14,21.21,9.33,13.43,4,1,8,1,8,110.9,62.55,28.73,21.28,83.33,41.19,5,Ulm 1-3 Hoffenheim II,2026-03-03
Ulm,1.45,2.62,-1.17,0.93,2.62,-1.69,0.52,0.00,0.52,1.45,2.62,-1.17,1,3,-2,-0.83,41.80,42.31,44.36,1.5,0.66,166,11,14,14,9.33,21.21,14.51,1,4,19,4,9,66.4,37.45,106.27,78.72,118.97,58.81,0,Ulm 1-3 Hoffenheim II,2026-03-03
Energie Cottbus,3.19,1.49,1.70,1.98,1.45,0.53,0.45,0.04,0.41,2.43,1.49,0.94,2,1,1,-0.70,52.40,62.5,47.46,1.21,0.46,209,15,20,9,16.53,19.57,7.10,7,6,20,9,15,166.2,72.93,43.93,43.04,155.17,73.84,1,Stuttgart II 1-2 Energie Cottbus,2026-03-03
Stuttgart II,1.49,3.19,-1.70,1.45,1.98,-0.53,0.04,0.45,-0.41,1.49,2.43,-0.94,1,2,-1,0.70,47.60,37.5,40.93,0.46,1.21,125,7,9,20,19.57,16.53,10.61,6,7,12,6,17,61.7,27.07,58.13,56.96,54.97,26.16,1,Stuttgart II 1-2 Energie Cottbus,2026-03-03
Saarbrücken,2.65,1.43,1.22,2.27,1.43,0.84,0.38,0.00,0.38,2.65,1.43,1.22,2,2,0,-1.22,68.40,76.47,54.16,1.92,0.48,388,22,26,9,13.54,18.75,7.94,3,2,50,13,10,315.3,91.55,18.8,13.74,221.4,76.35,1,Schweinfurt 2-2 Saarbrücken,2026-03-01
Schweinfurt,1.43,2.65,-1.22,1.43,2.27,-0.84,0.00,0.38,-0.38,1.43,2.65,-1.22,2,2,0,1.22,31.60,23.53,43.17,0.48,1.92,116,11,9,26,18.75,13.54,21.00,2,3,5,2,8,29.1,8.45,118.0,86.26,68.57,23.65,1,Schweinfurt 2-2 Saarbrücken,2026-03-01
Havelse,1.46,3.75,-2.29,1.24,3.56,-2.32,0.22,0.20,0.02,1.46,3.75,-2.29,1,1,0,2.29,31.70,20.27,41.55,0.4,1.57,95,13,13,23,32.5,14.65,23.45,3,3,11,5,10,43.8,13.39,94.07,91.62,64.9,26.09,2,MSV Duisburg 1-1 Havelse,2026-03-01
MSV Duisburg,3.75,1.46,2.29,3.56,1.24,2.32,0.20,0.22,-0.02,3.75,1.46,2.29,1,1,0,-2.29,68.30,79.73,53.93,1.57,0.4,374,23,23,13,14.65,32.5,7.23,3,3,44,12,11,283.2,86.61,8.6,8.38,183.83,73.91,2,MSV Duisburg 1-1 Havelse,2026-03-01
Alemannia Aachen,1.51,3.36,-1.85,0.81,2.76,-1.95,0.70,0.60,0.10,1.51,3.36,-1.85,1,2,-1,0.85,46.20,48.54,46.55,0.94,0.85,183,11,16,21,17.02,24.71,10.94,8,4,25,10,10,63.9,36.49,44.93,61.16,45.87,21.06,0,Waldhof Mannheim 2-1 Alemannia Aachen,2026-03-01
Waldhof Mannheim,3.36,1.51,1.85,2.76,0.81,1.95,0.60,0.70,-0.10,3.36,1.51,1.85,2,1,1,-0.85,53.80,51.46,48.27,0.85,0.94,236,16,21,16,24.71,17.02,11.93,4,8,19,6,13,111.2,63.51,28.53,38.84,171.98,78.94,1,Waldhof Mannheim 2-1 Alemannia Aachen,2026-03-01
Verl,0.47,0.92,-0.45,0.40,0.80,-0.40,0.07,0.12,-0.05,0.47,0.92,-0.45,0,0,0,0.45,63.60,59.29,48.58,0.65,0.27,239,14,9,7,13.85,25.93,7.31,1,5,15,7,15,126.9,65.96,20.2,16.43,76.5,43.93,2,Energie Cottbus 0-0 Verl,2026-02-28
Energie Cottbus,0.92,0.47,0.45,0.80,0.40,0.40,0.12,0.07,0.05,0.92,0.47,0.45,0,0,0,-0.45,36.40,40.71,45.27,0.27,0.65,143,7,7,9,25.93,13.85,12.58,5,1,8,3,16,65.5,34.04,102.73,83.57,97.63,56.07,2,Energie Cottbus 0-0 Verl,2026-02-28
Ulm,0.65,3.43,-2.78,0.52,3.11,-2.59,0.13,0.31,-0.18,0.65,3.43,-2.78,1,1,0,2.78,52.60,47.13,44.73,0.57,1.3,191,5,14,16,24.56,12.31,9.62,4,6,19,6,11,64.5,38.08,20.07,23.95,51.27,25.62,1,Jahn Regensburg 1-1 Ulm,2026-02-28
Jahn Regensburg,3.43,0.65,2.78,3.11,0.52,2.59,0.31,0.13,0.18,3.43,0.65,2.78,1,1,0,-2.78,47.40,52.87,46.04,1.3,0.57,187,16,16,14,12.31,24.56,11.09,6,4,15,6,15,104.9,61.92,63.73,76.05,148.83,74.38,1,Jahn Regensburg 1-1 Ulm,2026-02-28
Ingolstadt,1.13,0.82,0.31,1.13,0.69,0.44,0.00,0.13,-0.13,1.13,0.82,0.31,1,2,-1,-1.31,47.80,28.21,37.04,0.38,0.77,98,5,6,14,15.79,18.18,10.06,4,6,6,1,13,26.3,18.13,27.47,25.09,14.57,7.32,2,Wehen Wiesbaden 2-1 Ingolstadt,2026-02-28
Wehen Wiesbaden,0.82,1.13,-0.31,0.69,1.13,-0.44,0.13,0.00,0.13,0.82,1.13,-0.31,2,1,1,1.31,52.20,71.79,49.43,0.77,0.38,232,16,14,6,18.18,15.79,10.38,6,4,27,8,14,118.8,81.87,82.0,74.91,184.6,92.68,4,Wehen Wiesbaden 2-1 Ingolstadt,2026-02-28
Rot-Weiss Essen,2.40,2.95,-0.55,1.50,2.02,-0.52,0.14,0.17,-0.03,1.64,2.19,-0.55,2,3,-1,-0.45,49.40,38.46,44.72,0.74,1.24,170,8,14,16,18.92,12.9,9.83,3,10,17,6,17,41.8,26.44,29.07,36.89,31.63,23.51,10,Hansa Rostock 3-2 Rot-Weiss Essen,2026-02-28
Hansa Rostock,2.95,2.40,0.55,2.02,1.50,0.52,0.17,0.14,0.03,2.19,1.64,0.55,3,2,1,0.45,50.60,61.54,53.83,1.24,0.74,224,17,16,14,12.9,18.92,9.97,10,3,27,7,8,116.3,73.56,49.73,63.11,102.9,76.49,8,Hansa Rostock 3-2 Rot-Weiss Essen,2026-02-28
Osnabrück,2.31,1.28,1.03,2.07,0.62,1.45,0.24,0.66,-0.42,2.31,1.28,1.03,3,1,2,0.97,42.80,52.81,47.63,0.91,0.71,163,14,17,14,18.68,19.72,13.42,9,3,21,8,9,66.6,58.83,66.93,88.77,124.53,82.58,0,Erzgebirge Aue 1-3 Osnabrück,2026-02-28
Erzgebirge Aue,1.28,2.31,-1.03,0.62,2.07,-1.45,0.66,0.24,0.42,1.28,2.31,-1.03,1,3,-2,-0.97,57.20,47.19,40.81,0.71,0.91,158,12,14,17,19.72,18.68,11.20,3,9,18,7,10,46.6,41.17,8.47,11.23,26.27,17.42,5,Erzgebirge Aue 1-3 Osnabrück,2026-02-28
Stuttgart II,3.07,2.45,0.62,1.98,2.23,-0.25,1.09,0.22,0.87,3.07,2.45,0.62,0,2,-2,-2.62,63.10,63.73,43.48,0.85,0.75,229,12,12,19,14.12,25.33,8.12,6,10,13,2,10,137.9,59.44,9.0,6.47,69.2,30.72,2,Viktoria Köln 2-0 Stuttgart II,2026-02-28
Viktoria Köln,2.45,3.07,-0.62,2.23,1.98,0.25,0.22,1.09,-0.87,2.45,3.07,-0.62,2,0,2,2.62,36.90,36.27,46.39,0.75,0.85,155,21,19,12,25.33,14.12,12.49,10,6,14,4,12,94.1,40.56,130.0,93.53,156.03,69.28,5,Viktoria Köln 2-0 Stuttgart II,2026-02-28
1860 München,2.14,1.94,0.20,2.03,1.86,0.17,0.11,0.09,0.02,2.14,1.94,0.20,2,1,1,0.80,40.20,41.5,44.32,0.66,0.67,160,10,10,12,15.15,17.91,12.42,5,5,13,2,19,54.2,33.25,99.87,73.47,107.67,61.79,0,Hoffenheim II 1-2 1860 München,2026-02-27
Hoffenheim II,1.94,2.14,-0.20,1.86,2.03,-0.17,0.09,0.11,-0.02,1.94,2.14,-0.20,1,2,-1,-0.80,59.80,58.5,44.66,0.67,0.66,235,15,12,10,17.91,15.15,9.24,5,5,21,6,9,108.8,66.75,36.07,26.53,66.57,38.21,3,Hoffenheim II 1-2 1860 München,2026-02-27
Viktoria Köln,1.08,0.65,0.43,0.94,0.65,0.29,0.14,0.00,0.14,1.08,0.65,0.43,3,1,2,1.57,44.50,46.26,38.86,0.58,0.27,120,11,8,7,13.79,25.93,13.69,8,3,10,3,11,49.2,51.41,123.87,81.82,141.93,81.74,1,Hoffenheim II 1-3 Viktoria Köln,2026-02-22
Hoffenheim II,0.65,1.08,-0.43,0.65,0.94,-0.29,0.00,0.14,-0.14,0.65,1.08,-0.43,1,3,-2,-1.57,55.50,53.74,37.97,0.27,0.58,163,3,7,8,25.93,13.79,12.47,3,8,8,0,15,46.5,48.59,27.53,18.18,31.7,18.26,0,Hoffenheim II 1-3 Viktoria Köln,2026-02-22
Energie Cottbus,1.83,0.55,1.28,1.33,0.45,0.88,0.49,0.11,0.38,1.83,0.55,1.28,2,1,1,-0.28,54.00,59.64,48.62,0.61,0.66,224,16,17,8,27.87,12.12,8.94,5,5,29,10,10,141.7,77.26,21.87,32.8,126.93,73.24,0,Erzgebirge Aue 1-2 Energie Cottbus,2026-02-22
Erzgebirge Aue,0.55,1.83,-1.28,0.45,1.33,-0.88,0.11,0.49,-0.38,0.55,1.83,-1.28,1,2,-1,0.28,46.00,40.36,43.40,0.66,0.61,135,9,8,17,12.12,27.87,9.47,5,5,13,3,17,41.7,22.74,44.8,67.2,46.37,26.76,4,Erzgebirge Aue 1-2 Energie Cottbus,2026-02-22
Hansa Rostock,0.64,1.83,-1.19,0.59,0.78,-0.19,0.06,0.29,-0.23,0.64,1.07,-0.43,0,1,-1,0.19,62.80,64.37,49.81,0.9,1.03,239,12,11,8,12.22,7.77,8.16,8,5,32,7,9,93.5,69.21,32.87,35.78,91.23,55.26,7,1860 München 1-0 Hansa Rostock,2026-02-22
1860 München,1.83,0.64,1.19,0.78,0.59,0.19,0.29,0.06,0.23,1.07,0.64,0.43,1,0,1,-0.19,37.20,35.63,39.37,1.03,0.9,98,12,8,11,7.77,12.22,13.70,5,8,17,4,16,41.6,30.79,59.0,64.22,73.87,44.74,1,1860 München 1-0 Hansa Rostock,2026-02-22
Saarbrücken,2.14,2.33,-0.19,2.09,2.20,-0.11,0.05,0.13,-0.08,2.14,2.33,-0.19,1,1,0,0.19,42.80,35.97,42.48,1.21,1.26,165,17,11,14,9.09,11.11,22.21,3,4,8,3,9,67.1,29.38,77.87,63.07,87.6,43.55,1,Ulm 1-1 Saarbrücken,2026-02-21
Ulm,2.33,2.14,0.19,2.20,2.09,0.11,0.13,0.05,0.08,2.33,2.14,0.19,1,1,0,-0.19,57.20,64.03,50.72,1.26,1.21,304,14,14,11,11.11,9.09,12.03,4,3,35,6,8,161.3,70.62,45.6,36.93,113.53,56.45,0,Ulm 1-1 Saarbrücken,2026-02-21
Verl,2.55,1.83,0.72,1.74,1.79,-0.05,0.81,0.04,0.77,2.55,1.83,0.72,1,3,-2,-2.72,72.20,67.92,40.90,1.15,0.29,233,15,18,11,15.65,37.93,5.49,3,5,20,7,6,130.4,80.39,0.93,0.48,47.97,21.22,0,Alemannia Aachen 3-1 Verl,2026-02-21
Alemannia Aachen,1.83,2.55,-0.72,1.79,1.74,0.05,0.04,0.81,-0.77,1.83,2.55,-0.72,3,1,2,2.72,27.80,32.08,40.97,0.29,1.15,91,7,11,18,37.93,15.65,17.97,5,3,7,2,19,31.8,19.61,191.13,99.52,178.13,78.78,1,Alemannia Aachen 3-1 Verl,2026-02-21
Schweinfurt,1.44,2.21,-0.77,1.44,1.97,-0.53,0.00,0.24,-0.24,1.44,2.21,-0.77,1,3,-2,-1.23,53.70,49.26,45.44,0.78,0.64,170,11,11,15,14.1,23.44,10.30,5,5,18,0,13,82.8,43.04,38.27,39.13,28.57,12.47,3,MSV Duisburg 3-1 Schweinfurt,2026-02-21
MSV Duisburg,2.21,1.44,0.77,1.97,1.44,0.53,0.24,0.00,0.24,2.21,1.44,0.77,3,1,2,1.23,46.30,50.74,46.13,0.64,0.78,166,14,15,11,23.44,14.1,13.04,5,5,17,7,8,109.6,56.96,59.53,60.87,200.63,87.53,0,MSV Duisburg 3-1 Schweinfurt,2026-02-21
Wehen Wiesbaden,1.54,4.75,-3.21,1.37,4.50,-3.13,0.17,0.25,-0.08,1.54,4.75,-3.21,1,2,-1,2.21,48.60,46.77,41.65,1.0,1.16,164,14,9,26,9.0,22.41,10.21,6,5,17,3,17,46.0,22.58,38.4,44.61,28.67,13.25,4,Jahn Regensburg 2-1 Wehen Wiesbaden,2026-02-21
Jahn Regensburg,4.75,1.54,3.21,4.50,1.37,3.13,0.25,0.17,0.08,4.75,1.54,3.21,2,1,1,-2.21,51.40,53.23,43.33,1.16,1.0,206,23,26,9,22.41,9.0,8.37,5,6,26,8,14,157.7,77.42,47.67,55.39,187.7,86.75,2,Jahn Regensburg 2-1 Wehen Wiesbaden,2026-02-21
Rot-Weiss Essen,1.70,2.26,-0.56,1.66,1.95,-0.29,0.04,0.31,-0.27,1.70,2.26,-0.56,0,3,-3,-2.44,53.20,44.4,43.60,0.8,0.51,163,13,14,16,17.5,31.37,11.48,5,5,8,4,12,79.3,43.81,24.0,25.75,50.57,25.04,4,Osnabrück 3-0 Rot-Weiss Essen,2026-02-21
Osnabrück,2.26,1.70,0.56,1.95,1.66,0.29,0.31,0.04,0.27,2.26,1.70,0.56,3,0,3,2.44,46.80,55.6,47.23,0.51,0.8,180,7,16,14,31.37,17.5,13.52,5,5,21,8,7,101.7,56.19,69.2,74.25,151.37,74.96,3,Osnabrück 3-0 Rot-Weiss Essen,2026-02-21
Havelse,1.41,5.93,-4.52,1.23,5.72,-4.49,0.19,0.21,-0.02,1.41,5.93,-4.52,2,3,-1,3.52,40.40,45.67,50.18,1.25,1.82,194,17,13,25,10.4,13.74,20.00,5,8,15,3,8,71.8,31.88,101.53,78.3,79.33,49.39,3,Ingolstadt 3-2 Havelse,2026-02-21
Ingolstadt,5.93,1.41,4.52,5.72,1.23,4.49,0.21,0.19,0.02,5.93,1.41,4.52,3,2,1,-3.52,59.60,54.33,47.87,1.82,1.25,261,25,25,13,13.74,10.4,11.19,8,5,27,8,9,153.4,68.12,28.13,21.7,81.3,50.61,5,Ingolstadt 3-2 Havelse,2026-02-21
Waldhof Mannheim,1.85,2.34,-0.49,1.82,1.98,-0.16,0.02,0.37,-0.35,1.85,2.34,-0.49,1,3,-2,-1.51,45.80,46.56,46.54,0.5,1.19,191,10,14,17,28.0,14.29,10.74,10,8,16,2,14,73.8,36.75,73.53,74.18,51.27,21.82,1,Stuttgart II 3-1 Waldhof Mannheim,2026-02-20
Stuttgart II,2.34,1.85,0.49,1.98,1.82,0.16,0.37,0.02,0.35,2.34,1.85,0.49,3,1,2,1.51,54.20,53.44,43.32,1.19,0.5,193,21,17,14,14.29,28.0,10.77,8,10,9,6,10,127.0,63.25,25.6,25.82,183.68,78.18,4,Stuttgart II 3-1 Waldhof Mannheim,2026-02-20
Ingolstadt,2.33,1.06,1.27,2.21,0.96,1.25,0.12,0.10,0.02,2.33,1.06,1.27,1,1,0,-1.27,51.10,55.76,53.81,1.2,0.42,303,24,17,13,14.17,30.95,11.05,7,3,38,5,11,120.8,64.67,53.53,67.93,121.23,67.39,5,Schweinfurt 1-1 Ingolstadt,2026-02-15
Schweinfurt,1.06,2.33,-1.27,0.96,2.21,-1.25,0.10,0.12,-0.02,1.06,2.33,-1.27,1,1,0,1.27,48.90,44.24,44.05,0.42,1.2,200,10,13,17,30.95,14.17,15.68,3,7,10,2,11,66.0,35.33,25.27,32.07,58.67,32.61,3,Schweinfurt 1-1 Ingolstadt,2026-02-15
Alemannia Aachen,2.04,1.95,0.09,0.87,1.47,-0.60,1.17,0.48,0.69,2.04,1.95,0.09,3,1,2,1.91,40.40,57.14,50.30,0.32,0.36,167,16,18,11,56.25,30.56,10.20,6,6,12,5,14,118.3,65.94,127.73,97.5,226.9,96.46,0,Ulm 1-3 Alemannia Aachen,2026-02-15
Ulm,1.95,2.04,-0.09,1.47,0.87,0.60,0.48,1.17,-0.69,1.95,2.04,-0.09,1,3,-2,-1.91,59.60,42.86,36.30,0.36,0.32,128,8,11,18,30.56,56.25,7.06,6,6,18,7,17,61.1,34.06,3.27,2.5,8.33,3.54,0,Ulm 1-3 Alemannia Aachen,2026-02-15
Waldhof Mannheim,1.18,2.86,-1.68,1.09,2.34,-1.25,0.09,0.52,-0.43,1.18,2.86,-1.68,1,1,0,1.68,45.10,41.27,45.69,0.42,1.41,166,15,18,16,42.86,11.35,12.25,2,15,17,6,16,90.4,42.2,58.0,65.96,86.8,42.05,1,Energie Cottbus 1-1 Waldhof Mannheim,2026-02-15
Energie Cottbus,2.86,1.18,1.68,2.34,1.09,1.25,0.52,0.09,0.43,2.86,1.18,1.68,1,1,0,-1.68,54.90,58.73,50.24,1.41,0.42,244,18,16,18,11.35,42.86,6.30,15,2,18,6,9,123.8,57.8,29.93,34.04,119.63,57.95,4,Energie Cottbus 1-1 Waldhof Mannheim,2026-02-15
Jahn Regensburg,2.83,1.43,1.40,2.31,0.61,1.70,0.52,0.82,-0.30,2.83,1.43,1.40,2,3,-1,-2.40,45.20,39.53,40.81,1.12,0.57,143,14,22,15,19.64,26.32,14.46,9,5,34,15,8,97.5,51.29,59.53,55.09,90.33,53.79,0,Rot-Weiss Essen 3-2 Jahn Regensburg,2026-02-14
Rot-Weiss Essen,1.43,2.83,-1.40,0.61,2.31,-1.70,0.82,0.52,0.30,1.43,2.83,-1.40,3,2,1,2.40,54.80,60.47,48.50,0.57,1.12,247,11,15,22,26.32,19.64,12.11,5,9,23,8,8,92.6,48.71,48.53,44.91,77.6,46.21,4,Rot-Weiss Essen 3-2 Jahn Regensburg,2026-02-14
Hoffenheim II,1.90,2.09,-0.19,1.90,1.78,0.12,0.00,0.31,-0.31,1.90,2.09,-0.19,1,3,-2,-1.81,37.70,47.06,44.54,0.63,0.54,162,12,13,15,20.63,27.78,12.09,11,4,16,3,17,63.4,40.88,155.8,90.48,197.67,76.25,0,Verl 3-1 Hoffenheim II,2026-02-14
Verl,2.09,1.90,0.19,1.78,1.90,-0.12,0.31,0.00,0.31,2.09,1.90,0.19,3,1,2,1.81,62.30,52.94,37.81,0.54,0.63,192,14,15,13,27.78,20.63,7.73,4,11,14,5,14,91.7,59.12,16.4,9.52,61.57,23.75,4,Verl 3-1 Hoffenheim II,2026-02-14
1860 München,4.47,1.06,3.41,3.16,1.06,2.10,1.31,0.00,1.31,4.47,1.06,3.41,5,0,5,1.59,43.40,30.72,38.63,1.22,0.82,113,18,16,16,13.11,19.51,12.13,2,7,19,6,11,79.6,29.07,31.73,42.57,105.07,49.96,0,Havelse 0-5 1860 München,2026-02-14
Havelse,1.06,4.47,-3.41,1.06,3.16,-2.10,0.00,1.31,-1.31,1.06,4.47,-3.41,0,5,-5,-1.59,56.60,69.28,54.64,0.82,1.22,315,20,16,16,19.51,13.11,9.00,7,2,15,3,14,194.2,70.93,42.8,57.43,105.23,50.04,3,Havelse 0-5 1860 München,2026-02-14
MSV Duisburg,0.74,5.05,-4.31,0.65,4.31,-3.66,0.09,0.74,-0.65,0.74,5.05,-4.31,1,6,-5,-0.69,46.10,51.56,43.39,0.49,1.56,169,7,3,17,6.12,10.9,12.77,4,2,18,6,8,33.1,25.25,73.73,60.87,8.25,3.47,0,Wehen Wiesbaden 6-1 MSV Duisburg,2026-02-14
Wehen Wiesbaden,5.05,0.74,4.31,4.31,0.65,3.66,0.74,0.09,0.65,5.05,0.74,4.31,6,1,5,0.69,53.90,48.44,43.77,1.56,0.49,191,19,17,3,10.9,6.12,16.74,2,4,16,5,13,98.0,74.75,47.4,39.13,229.46,96.53,5,Wehen Wiesbaden 6-1 MSV Duisburg,2026-02-14
Osnabrück,1.62,1.43,0.19,1.62,1.43,0.19,0.00,0.00,0.00,1.62,1.43,0.19,2,2,0,-0.19,47.50,60.94,51.09,0.9,0.21,243,18,11,10,12.22,47.62,11.97,9,2,16,2,11,127.0,75.6,50.87,56.15,135.7,75.28,4,Hansa Rostock 2-2 Osnabrück,2026-02-14
Hansa Rostock,1.43,1.62,-0.19,1.43,1.62,-0.19,0.00,0.00,0.00,1.43,1.62,-0.19,2,2,0,0.19,52.50,39.06,44.29,0.21,0.9,195,3,10,11,47.62,12.22,10.15,2,9,8,1,10,41.0,24.4,39.73,43.85,44.57,24.72,5,Hansa Rostock 2-2 Osnabrück,2026-02-14
Stuttgart II,1.45,2.00,-0.55,1.45,2.00,-0.55,0.00,0.00,0.00,1.45,2.00,-0.55,0,2,-2,-1.45,60.40,53.45,45.78,0.81,0.84,262,14,12,12,14.81,14.29,7.59,6,3,14,4,17,133.4,58.05,12.93,11.87,79.17,31.9,4,Saarbrücken 2-0 Stuttgart II,2026-02-14
Saarbrücken,2.00,1.45,0.55,2.00,1.45,0.55,0.00,0.00,0.00,2.00,1.45,0.55,2,0,2,1.45,39.60,46.55,47.73,0.84,0.81,164,9,12,12,14.29,14.81,11.67,3,6,20,5,15,96.4,41.95,96.0,88.13,169.0,68.1,0,Saarbrücken 2-0 Stuttgart II,2026-02-14
Erzgebirge Aue,1.53,1.71,-0.18,1.53,1.54,-0.01,0.00,0.18,-0.18,1.53,1.71,-0.18,2,2,0,0.18,52.40,51.14,41.45,0.47,0.97,178,10,6,14,12.77,14.43,13.34,4,4,13,5,13,65.7,36.85,75.53,45.27,68.93,35.07,3,Viktoria Köln 2-2 Erzgebirge Aue,2026-02-13
Viktoria Köln,1.71,1.53,0.18,1.54,1.53,0.01,0.18,0.00,0.18,1.71,1.53,0.18,2,2,0,-0.18,47.60,48.86,41.43,0.97,0.47,156,13,14,6,14.43,12.77,16.96,4,4,17,4,11,112.6,63.15,91.33,54.73,127.63,64.93,3,Viktoria Köln 2-2 Erzgebirge Aue,2026-02-13
Verl,3.37,1.35,2.02,3.25,1.30,1.95,0.11,0.05,0.06,3.37,1.35,2.02,2,4,-2,-4.02,82.70,76.99,52.57,1.58,0.08,456,29,20,9,12.66,112.5,4.96,4,3,29,5,10,278.7,96.97,0.0,0.0,96.97,54.54,2,MSV Duisburg 4-2 Verl,2026-02-08
MSV Duisburg,1.35,3.37,-2.02,1.30,3.25,-1.95,0.05,0.11,-0.06,1.35,3.37,-2.02,4,2,2,4.02,17.30,23.01,43.33,0.08,1.58,57,2,9,20,112.5,12.66,27.76,3,4,1,2,14,8.7,3.03,228.6,100.0,80.81,45.46,1,MSV Duisburg 4-2 Verl,2026-02-08
Rot-Weiss Essen,0.86,1.29,-0.43,0.86,1.20,-0.34,0.00,0.10,-0.10,0.86,1.29,-0.43,3,3,0,0.43,63.80,57.09,41.65,0.5,0.22,192,8,10,11,20.0,50.0,10.48,2,6,18,1,11,87.5,56.67,4.53,4.03,28.43,15.92,9,Alemannia Aachen 3-3 Rot-Weiss Essen,2026-02-08
Alemannia Aachen,1.29,0.86,0.43,1.20,0.86,0.34,0.10,0.00,0.10,1.29,0.86,0.43,3,3,0,-0.43,36.20,42.91,47.38,0.22,0.5,145,6,11,10,50.0,20.0,13.00,6,2,14,5,11,66.9,43.33,107.87,95.97,150.17,84.08,0,Alemannia Aachen 3-3 Rot-Weiss Essen,2026-02-08
Hansa Rostock,1.19,2.06,-0.87,0.77,1.24,-0.47,0.42,0.05,0.37,1.19,1.30,-0.11,2,2,0,0.87,44.70,40.75,41.58,0.65,0.78,164,11,10,14,15.38,17.95,13.90,5,5,15,8,12,54.6,27.06,81.0,72.06,98.13,54.59,3,Hoffenheim II 2-2 Hansa Rostock,2026-02-08
Hoffenheim II,2.06,1.19,0.87,1.24,0.77,0.47,0.05,0.42,-0.37,1.30,1.19,0.11,2,2,0,-0.87,55.30,59.25,46.24,0.78,0.65,235,17,14,10,17.95,15.38,16.35,5,5,15,6,10,147.2,72.94,31.4,27.94,81.63,45.41,1,Hoffenheim II 2-2 Hansa Rostock,2026-02-08
1860 München,2.72,1.99,0.73,2.48,1.51,0.97,0.25,0.49,-0.24,2.72,1.99,0.73,1,2,-1,-1.73,45.40,42.49,41.51,1.14,0.53,127,17,15,19,13.16,35.85,8.03,5,4,18,8,15,53.3,26.72,65.6,50.26,41.8,14.54,6,Stuttgart II 2-1 1860 München,2026-02-07
Stuttgart II,1.99,2.72,-0.73,1.51,2.48,-0.97,0.49,0.25,0.24,1.99,2.72,-0.73,2,1,1,1.73,54.60,57.51,49.83,0.53,1.14,215,20,19,15,35.85,13.16,10.14,4,5,19,11,12,146.2,73.28,64.93,49.74,245.77,85.46,2,Stuttgart II 2-1 1860 München,2026-02-07
Viktoria Köln,0.82,1.85,-1.03,0.69,1.60,-0.91,0.13,0.24,-0.11,0.82,1.85,-1.03,0,0,0,1.03,51.60,45.81,43.13,0.49,0.68,181,12,10,14,20.41,20.59,10.50,6,6,12,4,10,70.7,43.8,32.73,36.53,59.73,36.51,5,Jahn Regensburg 0-0 Viktoria Köln,2026-02-07
Jahn Regensburg,1.85,0.82,1.03,1.60,0.69,0.91,0.24,0.13,0.11,1.85,0.82,1.03,0,0,0,-1.03,48.40,54.19,45.31,0.68,0.49,179,19,14,10,20.59,20.41,10.17,6,6,22,11,12,90.7,56.2,56.87,63.47,103.87,63.49,7,Jahn Regensburg 0-0 Viktoria Köln,2026-02-07
Schweinfurt,0.55,1.64,-1.09,0.44,1.52,-1.08,0.12,0.11,0.01,0.55,1.64,-1.09,0,2,-2,-0.91,48.20,39.32,41.49,0.27,1.01,137,6,5,16,18.52,15.84,10.87,4,4,11,2,13,30.2,18.88,48.93,50.13,35.5,20.23,6,Wehen Wiesbaden 2-0 Schweinfurt,2026-02-07
Wehen Wiesbaden,1.64,0.55,1.09,1.52,0.44,1.08,0.11,0.12,-0.01,1.64,0.55,1.09,2,0,2,0.91,51.80,60.68,45.53,1.01,0.27,193,12,16,5,15.84,18.52,10.26,4,4,20,3,12,129.8,81.12,48.67,49.87,139.97,79.77,2,Wehen Wiesbaden 2-0 Schweinfurt,2026-02-07
Havelse,1.31,2.81,-1.50,1.21,2.50,-1.29,0.11,0.31,-0.20,1.31,2.81,-1.50,0,2,-2,-0.50,52.70,53.52,47.44,0.64,0.89,202,11,15,17,23.44,19.1,6.13,9,5,15,8,19,92.2,50.72,29.33,36.91,87.4,41.26,2,Osnabrück 2-0 Havelse,2026-02-07
Osnabrück,2.81,1.31,1.50,2.50,1.21,1.29,0.31,0.11,0.20,2.81,1.31,1.50,2,0,2,0.50,47.30,46.48,49.58,0.89,0.64,171,23,17,15,19.1,23.44,7.44,5,9,27,7,13,89.6,49.28,50.13,63.09,124.43,58.74,1,Osnabrück 2-0 Havelse,2026-02-07
Saarbrücken,1.27,1.70,-0.43,1.19,1.62,-0.43,0.08,0.08,0.00,1.27,1.70,-0.43,0,0,0,0.43,42.30,36.09,44.52,0.56,0.68,149,10,19,12,33.93,17.65,11.71,7,5,22,7,10,93.4,41.57,41.27,64.48,94.97,45.38,1,Erzgebirge Aue 0-0 Saarbrücken,2026-02-07
Erzgebirge Aue,1.70,1.27,0.43,1.62,1.19,0.43,0.08,0.08,0.00,1.70,1.27,0.43,0,0,0,-0.43,57.70,63.91,51.15,0.68,0.56,271,17,12,19,17.65,33.93,11.38,5,7,31,10,9,131.3,58.43,22.73,35.52,114.33,54.62,1,Erzgebirge Aue 0-0 Saarbrücken,2026-02-07
Energie Cottbus,1.46,1.51,-0.05,1.04,0.88,0.16,0.42,0.64,-0.22,1.46,1.51,-0.05,0,0,0,0.05,56.00,62.71,52.42,0.84,0.81,263,16,16,14,19.05,17.28,11.38,4,4,20,10,13,157.6,76.17,30.2,45.62,162.1,73.12,1,Ingolstadt 0-0 Energie Cottbus,2026-02-07
Ingolstadt,1.51,1.46,0.05,0.88,1.04,-0.16,0.64,0.42,0.22,1.51,1.46,0.05,0,0,0,-0.05,44.00,37.29,46.20,0.81,0.84,155,16,14,16,17.28,19.05,14.61,4,4,16,4,8,49.3,23.83,36.0,54.38,59.6,26.88,4,Ingolstadt 0-0 Energie Cottbus,2026-02-07
Ulm,1.47,0.84,0.63,0.95,0.84,0.11,0.52,0.00,0.52,1.47,0.84,0.63,1,2,-1,-1.63,64.10,66.39,51.38,0.88,0.6,349,14,17,8,19.32,13.33,11.58,2,6,36,10,10,163.0,81.22,26.4,16.77,81.17,46.94,0,Waldhof Mannheim 2-1 Ulm,2026-02-06
Waldhof Mannheim,0.84,1.47,-0.63,0.84,0.95,-0.11,0.00,0.52,-0.52,0.84,1.47,-0.63,2,1,1,1.63,35.90,33.61,45.89,0.6,0.88,143,12,8,17,13.33,19.32,18.44,6,2,14,3,9,37.7,18.78,131.0,83.23,91.77,53.06,1,Waldhof Mannheim 2-1 Ulm,2026-02-06
Wehen Wiesbaden,0.56,1.66,-1.10,0.52,1.10,-0.58,0.05,0.55,-0.50,0.56,1.66,-1.10,1,1,0,1.10,50.10,48.47,45.71,0.29,0.52,220,7,10,13,34.48,25.0,12.48,2,6,13,3,12,64.2,34.42,72.47,47.89,65.9,29.91,1,Rot-Weiss Essen 1-1 Wehen Wiesbaden,2026-02-01
Rot-Weiss Essen,1.66,0.56,1.10,1.10,0.52,0.58,0.55,0.05,0.50,1.66,0.56,1.10,1,1,0,-1.10,49.90,51.53,46.26,0.52,0.29,211,11,13,10,25.0,34.48,12.18,6,2,13,6,12,122.3,65.58,78.87,52.11,154.4,70.09,3,Rot-Weiss Essen 1-1 Wehen Wiesbaden,2026-02-01
Stuttgart II,1.26,3.19,-1.93,0.86,2.31,-1.45,0.40,0.12,0.28,1.26,2.43,-1.17,0,4,-4,-2.07,28.50,35.97,42.67,0.24,0.78,106,11,11,13,45.83,16.67,13.30,7,10,7,4,14,56.3,32.04,160.47,98.57,130.29,48.01,2,Verl 4-0 Stuttgart II,2026-02-01
Verl,3.19,1.26,1.93,2.31,0.86,1.45,0.12,0.40,-0.28,2.43,1.26,1.17,4,0,4,2.07,71.50,64.03,46.09,0.78,0.24,289,19,13,11,16.67,45.83,5.22,10,7,13,6,14,119.4,67.96,2.33,1.43,141.11,51.99,1,Verl 4-0 Stuttgart II,2026-02-01
MSV Duisburg,1.28,2.12,-0.84,1.05,2.12,-1.07,0.24,0.00,0.24,1.28,2.12,-0.84,0,1,-1,-0.16,53.20,57.19,48.53,0.88,1.48,219,13,21,11,23.86,7.43,7.67,14,3,26,8,10,102.4,57.33,34.0,42.57,72.03,45.38,5,Ulm 1-0 MSV Duisburg,2026-02-01
Ulm,2.12,1.28,0.84,2.12,1.05,1.07,0.00,0.24,-0.24,2.12,1.28,0.84,1,0,1,0.16,46.80,42.81,44.89,1.48,0.88,153,18,11,21,7.43,23.86,15.52,3,14,18,6,13,76.2,42.67,45.87,57.43,86.7,54.62,1,Ulm 1-0 MSV Duisburg,2026-02-01
Jahn Regensburg,1.53,0.72,0.81,1.03,0.66,0.37,0.50,0.06,0.44,1.53,0.72,0.81,1,0,1,0.19,34.70,43.98,47.34,0.57,1.13,145,12,12,13,21.05,11.5,16.70,1,2,18,5,19,86.8,38.65,136.2,94.5,167.23,81.1,1,Schweinfurt 0-1 Jahn Regensburg,2026-01-31
Schweinfurt,0.72,1.53,-0.81,0.66,1.03,-0.37,0.06,0.50,-0.44,0.72,1.53,-0.81,0,1,-1,-0.19,65.30,56.02,45.51,1.13,0.57,255,16,13,12,11.5,21.05,7.75,2,1,18,4,11,137.8,61.35,7.93,5.5,38.97,18.9,0,Schweinfurt 0-1 Jahn Regensburg,2026-01-31
Osnabrück,0.83,2.95,-2.12,0.49,1.94,-1.45,0.34,1.01,-0.67,0.83,2.95,-2.12,1,0,1,3.12,43.30,40.19,45.70,0.4,1.36,168,14,8,25,20.0,18.38,15.24,3,5,13,5,11,42.9,20.67,68.4,71.3,67.83,40.45,2,Saarbrücken 0-1 Osnabrück,2026-01-31
Saarbrücken,2.95,0.83,2.12,1.94,0.49,1.45,1.01,0.34,0.67,2.95,0.83,2.12,0,1,-1,-3.12,56.70,59.81,50.69,1.36,0.4,272,22,25,8,18.38,20.0,12.68,5,3,39,10,12,164.6,79.33,27.53,28.7,99.87,59.55,0,Saarbrücken 0-1 Osnabrück,2026-01-31
Alemannia Aachen,1.77,1.89,-0.12,0.96,0.81,0.15,0.05,0.32,-0.27,1.01,1.13,-0.12,2,2,0,0.12,47.40,62.36,52.02,0.62,0.42,197,13,11,8,17.74,19.05,8.71,9,4,14,2,15,105.0,72.77,61.73,72.92,134.1,82.17,2,1860 München 2-2 Alemannia Aachen,2026-01-31
1860 München,1.89,1.77,0.12,0.81,0.96,-0.15,0.32,0.05,0.27,1.13,1.01,0.12,2,2,0,-0.12,52.60,37.64,41.85,0.42,0.62,138,9,8,11,19.05,17.74,8.06,4,9,8,3,11,39.3,27.23,22.93,27.08,29.1,17.83,3,1860 München 2-2 Alemannia Aachen,2026-01-31
Ingolstadt,1.39,2.20,-0.81,1.36,1.26,0.10,0.03,0.95,-0.92,1.39,2.20,-0.81,3,0,3,3.81,29.80,25.38,42.05,0.35,1.01,82,4,11,20,31.43,19.8,18.52,1,7,7,3,7,17.8,8.68,107.47,97.52,82.3,70.66,2,Hansa Rostock 0-3 Ingolstadt,2026-01-31
Hansa Rostock,2.20,1.39,0.81,1.26,1.36,-0.10,0.95,0.03,0.92,2.20,1.39,0.81,0,3,-3,-3.81,70.20,74.62,50.53,1.01,0.35,332,22,20,11,19.8,31.43,6.90,7,1,39,11,9,187.2,91.32,2.73,2.48,34.17,29.34,8,Hansa Rostock 0-3 Ingolstadt,2026-01-31
Hoffenheim II,1.36,3.64,-2.28,1.30,2.94,-1.64,0.06,0.70,-0.64,1.36,3.64,-2.28,1,3,-2,0.28,47.80,44.88,47.37,0.87,1.76,194,14,13,19,14.94,10.8,9.81,4,9,11,2,13,76.0,35.28,38.67,54.72,61.2,32.55,3,Energie Cottbus 3-1 Hoffenheim II,2026-01-31
Energie Cottbus,3.64,1.36,2.28,2.94,1.30,1.64,0.70,0.06,0.64,3.64,1.36,2.28,3,1,2,-0.28,52.20,55.12,45.27,1.76,0.87,173,17,19,13,10.8,14.94,9.16,9,4,23,9,9,139.4,64.72,32.0,45.28,126.8,67.45,0,Energie Cottbus 3-1 Hoffenheim II,2026-01-31
Waldhof Mannheim,1.88,0.21,1.67,1.81,0.21,1.60,0.07,0.00,0.07,1.88,0.21,1.67,3,1,2,0.33,43.00,50.76,43.85,0.74,0.47,177,9,11,3,14.86,6.38,16.47,4,7,21,5,9,120.3,67.85,80.93,78.83,183.3,87.62,0,Viktoria Köln 1-3 Waldhof Mannheim,2026-01-31
Viktoria Köln,0.21,1.88,-1.67,0.21,1.81,-1.60,0.00,0.07,-0.07,0.21,1.88,-1.67,1,3,-2,-0.33,57.00,49.24,45.95,0.47,0.74,266,9,3,11,6.38,14.86,13.10,7,4,12,3,9,57.0,32.15,21.73,21.17,25.9,12.38,2,Viktoria Köln 1-3 Waldhof Mannheim,2026-01-31
Erzgebirge Aue,1.20,2.14,-0.94,0.85,1.85,-1.00,0.36,0.29,0.07,1.20,2.14,-0.94,1,3,-2,-1.06,42.20,46.44,47.53,0.91,0.39,166,8,8,12,8.79,30.77,12.85,2,7,19,3,14,48.8,38.49,90.33,82.07,112.33,68.93,3,Havelse 3-1 Erzgebirge Aue,2026-01-30
Havelse,2.14,1.20,0.94,1.85,0.85,1.00,0.29,0.36,-0.07,2.14,1.20,0.94,3,1,2,1.06,57.80,53.56,47.40,0.39,0.91,244,11,12,8,30.77,8.79,9.67,7,2,12,3,8,78.0,61.51,19.73,17.93,50.63,31.07,3,Havelse 3-1 Erzgebirge Aue,2026-01-30
Verl,2.40,1.10,1.30,2.17,1.10,1.07,0.23,0.00,0.23,2.40,1.10,1.30,1,2,-1,-2.30,69.60,67.31,46.86,0.71,0.44,300,14,22,7,30.99,15.91,6.37,6,1,21,8,11,193.8,91.5,7.53,4.8,97.33,55.86,1,Wehen Wiesbaden 2-1 Verl,2026-01-25
Wehen Wiesbaden,1.10,2.40,-1.30,1.10,2.17,-1.07,0.00,0.23,-0.23,1.10,2.40,-1.30,2,1,1,2.30,30.40,32.69,45.12,0.44,0.71,112,7,7,22,15.91,30.99,14.25,1,6,14,4,21,18.0,8.5,149.2,95.2,76.9,44.14,0,Wehen Wiesbaden 2-1 Verl,2026-01-25
1860 München,1.48,0.82,0.66,1.13,0.43,0.70,0.35,0.39,-0.04,1.48,0.82,0.66,1,1,0,-0.66,46.70,42.95,44.89,0.35,0.33,165,9,8,14,22.86,42.42,9.68,7,4,9,1,17,69.8,38.89,49.73,55.71,76.57,41.31,2,Osnabrück 1-1 1860 München,2026-01-25
Osnabrück,0.82,1.48,-0.66,0.43,1.13,-0.70,0.39,0.35,0.04,0.82,1.48,-0.66,1,1,0,0.66,53.30,57.05,47.28,0.33,0.35,196,8,14,8,42.42,22.86,9.11,4,7,30,10,17,109.7,61.11,39.53,44.29,108.77,58.69,3,Osnabrück 1-1 1860 München,2026-01-25
Hansa Rostock,2.31,0.74,1.57,2.04,0.62,1.42,0.27,0.12,0.15,2.31,0.74,1.57,4,0,4,2.43,58.30,59.52,49.71,1.35,0.14,251,24,16,7,11.85,50.0,7.78,3,5,22,4,14,143.1,82.05,30.47,33.56,166.4,92.98,4,Waldhof Mannheim 0-4 Hansa Rostock,2026-01-25
Waldhof Mannheim,0.74,2.31,-1.57,0.62,2.04,-1.42,0.12,0.27,-0.15,0.74,2.31,-1.57,0,4,-4,-2.43,41.70,40.48,45.25,0.14,1.35,162,6,7,16,50.0,11.85,10.05,5,3,14,3,17,31.3,17.95,60.33,66.44,12.57,7.02,1,Waldhof Mannheim 0-4 Hansa Rostock,2026-01-25
Jahn Regensburg,1.33,2.61,-1.28,1.20,2.52,-1.32,0.14,0.09,0.05,1.33,2.61,-1.28,0,2,-2,-0.72,49.00,43.19,41.86,0.6,0.87,145,9,10,18,16.67,20.69,11.45,1,2,15,2,13,64.8,34.27,31.4,51.08,52.67,23.71,1,MSV Duisburg 2-0 Jahn Regensburg,2026-01-24
MSV Duisburg,2.61,1.33,1.28,2.52,1.20,1.32,0.09,0.14,-0.05,2.61,1.33,1.28,2,0,2,0.72,51.00,56.81,47.04,0.87,0.6,193,16,18,10,20.69,16.67,10.38,2,1,18,6,13,124.3,65.73,30.07,48.92,169.43,76.29,6,MSV Duisburg 2-0 Jahn Regensburg,2026-01-24
Alemannia Aachen,2.10,3.00,-0.90,2.04,1.96,0.08,0.06,0.28,-0.22,2.10,2.24,-0.14,3,2,1,1.90,40.40,41.61,45.11,0.63,0.74,152,8,12,16,19.05,21.62,10.50,5,9,11,3,13,70.8,33.67,94.13,85.84,108.57,65.55,1,Hoffenheim II 2-3 Alemannia Aachen,2026-01-24
Hoffenheim II,3.00,2.10,0.90,1.96,2.04,-0.08,0.28,0.06,0.22,2.24,2.10,0.14,2,3,-1,-1.90,59.60,58.39,44.24,0.74,0.63,209,14,16,12,21.62,19.05,7.37,9,5,17,7,16,139.5,66.33,15.53,14.16,57.07,34.45,1,Hoffenheim II 2-3 Alemannia Aachen,2026-01-24
Havelse,1.88,2.58,-0.70,1.76,2.02,-0.26,0.12,0.56,-0.44,1.88,2.58,-0.70,1,4,-3,-2.30,60.20,70.65,56.07,0.96,0.36,297,20,20,12,20.83,33.33,8.97,3,1,30,7,14,179.2,86.07,29.53,48.63,153.33,79.38,0,Rot-Weiss Essen 4-1 Havelse,2026-01-24
Rot-Weiss Essen,2.58,1.88,0.70,2.02,1.76,0.26,0.56,0.12,0.44,2.58,1.88,0.70,4,1,3,2.30,39.80,29.35,38.42,0.36,0.96,96,9,12,20,33.33,20.83,10.12,1,3,10,5,15,29.0,13.93,31.2,51.37,39.82,20.62,3,Rot-Weiss Essen 4-1 Havelse,2026-01-24
Schweinfurt,2.05,1.65,0.40,1.75,1.24,0.51,0.30,0.41,-0.11,2.05,1.65,0.40,1,2,-1,-1.40,51.40,38.36,46.08,1.11,1.69,228,17,19,16,17.12,9.47,17.45,2,7,23,9,9,91.4,30.16,48.0,41.71,73.53,24.71,3,Energie Cottbus 2-1 Schweinfurt,2026-01-24
Energie Cottbus,1.65,2.05,-0.40,1.24,1.75,-0.51,0.41,0.30,0.11,1.65,2.05,-0.40,2,1,1,1.40,48.60,61.64,52.37,1.69,1.11,286,29,16,19,9.47,17.12,12.68,7,2,23,8,10,211.7,69.84,67.07,58.29,224.1,75.29,0,Energie Cottbus 2-1 Schweinfurt,2026-01-24
Ulm,2.21,1.44,0.77,1.52,1.43,0.09,0.69,0.01,0.68,2.21,1.44,0.77,3,0,3,2.23,45.90,51.65,44.87,0.74,0.53,166,18,17,10,22.97,18.87,13.00,2,2,13,4,13,89.6,71.57,76.33,83.82,161.17,88.98,0,Erzgebirge Aue 0-3 Ulm,2026-01-24
Erzgebirge Aue,1.44,2.21,-0.77,1.43,1.52,-0.09,0.01,0.69,-0.68,1.44,2.21,-0.77,0,3,-3,-2.23,54.10,48.35,42.31,0.53,0.74,164,7,10,17,18.87,22.97,13.23,2,2,12,4,8,35.6,28.43,14.73,16.18,19.97,11.02,2,Erzgebirge Aue 0-3 Ulm,2026-01-24
Stuttgart II,1.57,1.70,-0.13,1.50,1.48,0.02,0.06,0.22,-0.16,1.57,1.70,-0.13,1,2,-1,-0.87,61.70,68.06,53.04,1.25,0.68,369,28,21,11,16.8,16.18,12.00,3,7,24,7,11,220.1,90.65,34.73,29.3,168.8,85.96,7,Ingolstadt 2-1 Stuttgart II,2026-01-24
Ingolstadt,1.70,1.57,0.13,1.48,1.50,-0.02,0.22,0.06,0.16,1.70,1.57,0.13,2,1,1,0.87,38.30,31.94,40.21,0.68,1.25,126,8,11,21,16.18,16.8,13.50,7,3,14,3,10,22.7,9.35,83.8,70.7,27.57,14.04,4,Ingolstadt 2-1 Stuttgart II,2026-01-24
Saarbrücken,4.26,2.86,1.40,3.72,2.82,0.90,0.54,0.04,0.50,4.26,2.86,1.40,0,2,-2,-3.40,57.50,63.99,48.20,2.12,0.78,266,32,26,11,12.26,14.1,8.82,7,4,41,14,10,214.4,80.57,38.87,36.81,134.97,58.25,0,Viktoria Köln 2-0 Saarbrücken,2026-01-23
Viktoria Köln,2.86,4.26,-1.40,2.82,3.72,-0.90,0.04,0.54,-0.50,2.86,4.26,-1.40,2,0,2,3.40,42.50,36.01,43.56,0.78,2.12,168,14,11,26,14.1,12.26,13.93,4,7,9,2,16,51.7,19.43,66.73,63.19,96.73,41.75,0,Viktoria Köln 2-0 Saarbrücken,2026-01-23
Hoffenheim II,0.73,3.24,-2.51,0.62,1.38,-0.76,0.12,0.33,-0.21,0.73,1.72,-0.99,0,4,-4,-1.49,54.80,52.03,45.25,0.7,1.0,181,9,13,15,18.57,15.0,7.64,3,7,15,8,9,69.4,44.37,8.13,10.93,43.24,17.79,5,Havelse 4-0 Hoffenheim II,2026-01-18
Havelse,3.24,0.73,2.51,1.38,0.62,0.76,0.33,0.12,0.21,1.72,0.73,0.99,4,0,4,1.49,45.20,47.97,50.94,1.0,0.7,191,11,15,13,15.0,18.57,9.59,7,3,15,5,13,87.0,55.63,66.27,89.07,199.85,82.21,1,Havelse 4-0 Hoffenheim II,2026-01-18
Viktoria Köln,0.89,0.83,0.06,0.75,0.83,-0.08,0.15,0.00,0.15,0.89,0.83,0.06,0,2,-2,-2.06,60.20,72.7,54.73,1.03,0.42,344,12,12,10,11.65,23.81,6.79,5,6,34,8,23,194.5,83.08,30.93,25.79,120.93,64.6,3,Schweinfurt 2-0 Viktoria Köln,2026-01-18
Schweinfurt,0.83,0.89,-0.06,0.83,0.75,0.08,0.00,0.15,-0.15,0.83,0.89,-0.06,2,0,2,2.06,39.80,27.3,40.56,0.42,1.03,112,7,10,12,23.81,11.65,9.70,6,5,15,1,19,39.6,16.92,89.0,74.21,66.27,35.4,0,Schweinfurt 2-0 Viktoria Köln,2026-01-18
MSV Duisburg,2.88,0.64,2.24,2.50,0.64,1.86,0.38,0.00,0.38,2.88,0.64,2.24,4,0,4,1.76,29.70,47.96,48.55,0.65,0.2,126,9,11,9,16.92,45.0,15.40,7,9,13,4,15,57.4,40.42,170.07,99.37,191.37,90.34,6,Stuttgart II 0-4 MSV Duisburg,2026-01-18
Stuttgart II,0.64,2.88,-2.24,0.64,2.50,-1.86,0.00,0.38,-0.38,0.64,2.88,-2.24,0,4,-4,-1.76,70.30,52.04,44.92,0.2,0.65,268,4,9,11,45.0,16.92,5.71,9,7,14,4,13,84.6,59.58,1.07,0.63,20.47,9.66,4,Stuttgart II 0-4 MSV Duisburg,2026-01-18
Osnabrück,2.49,1.65,0.84,2.40,1.57,0.83,0.09,0.08,0.01,2.49,1.65,0.84,3,0,3,2.16,42.80,36.1,42.13,0.82,0.82,137,14,12,13,14.63,15.85,12.55,4,10,14,6,13,52.7,29.38,53.0,73.89,65.8,41.4,0,Alemannia Aachen 0-3 Osnabrück,2026-01-17
Alemannia Aachen,1.65,2.49,-0.84,1.57,2.40,-0.83,0.08,0.09,-0.01,1.65,2.49,-0.84,0,3,-3,-2.16,57.20,63.9,51.25,0.82,0.82,289,12,13,12,15.85,14.63,10.65,10,4,23,4,13,126.7,70.62,18.73,26.11,93.13,58.6,0,Alemannia Aachen 0-3 Osnabrück,2026-01-17
Waldhof Mannheim,1.49,3.13,-1.64,0.56,2.64,-2.08,0.17,0.49,-0.32,0.73,3.13,-2.40,2,5,-3,-1.36,34.90,47.71,45.56,0.21,1.1,147,7,7,19,33.33,17.27,13.45,2,5,9,4,22,46.6,27.92,137.4,95.5,114.97,55.31,0,Verl 5-2 Waldhof Mannheim,2026-01-17
Verl,3.13,1.49,1.64,2.64,0.56,2.08,0.49,0.17,0.32,3.13,0.73,2.40,5,2,3,1.36,65.10,52.29,40.64,1.1,0.21,181,17,19,7,17.27,33.33,7.46,5,2,13,5,12,120.3,72.08,6.47,4.5,92.9,44.69,1,Verl 5-2 Waldhof Mannheim,2026-01-17
Rot-Weiss Essen,0.89,1.56,-0.67,0.73,0.86,-0.13,0.16,0.70,-0.54,0.89,1.56,-0.67,1,1,0,0.67,55.40,52.04,45.69,0.32,0.62,199,8,9,9,28.12,14.52,11.00,1,5,18,5,14,64.7,48.9,23.4,30.71,57.6,40.42,5,1860 München 1-1 Rot-Weiss Essen,2026-01-17
1860 München,1.56,0.89,0.67,0.86,0.73,0.13,0.70,0.16,0.54,1.56,0.89,0.67,1,1,0,-0.67,44.60,47.96,46.94,0.62,0.32,170,17,9,9,14.52,28.12,12.36,5,1,13,2,13,67.6,51.1,52.8,69.29,84.9,59.58,8,1860 München 1-1 Rot-Weiss Essen,2026-01-17
Erzgebirge Aue,1.19,1.55,-0.36,1.16,1.49,-0.33,0.03,0.05,-0.02,1.19,1.55,-0.36,1,2,-1,-0.64,40.30,31.09,40.36,0.32,1.0,114,7,10,12,31.25,12.0,13.80,1,10,11,5,16,34.3,21.56,71.33,78.16,56.53,36.32,3,Hansa Rostock 2-1 Erzgebirge Aue,2026-01-17
Hansa Rostock,1.55,1.19,0.36,1.49,1.16,0.33,0.05,0.03,0.02,1.55,1.19,0.36,2,1,1,0.64,59.70,68.91,47.54,1.0,0.32,245,17,12,10,12.0,31.25,7.07,10,1,23,6,9,124.8,78.44,19.93,21.84,99.13,63.68,3,Hansa Rostock 2-1 Erzgebirge Aue,2026-01-17
Wehen Wiesbaden,1.69,1.28,0.41,1.69,1.19,0.50,0.00,0.09,-0.09,1.69,1.28,0.41,1,0,1,0.59,48.20,32.21,39.39,0.67,0.66,143,12,12,17,17.91,25.76,16.30,3,8,12,5,13,50.1,25.3,53.07,45.46,60.83,27.44,2,Ulm 0-1 Wehen Wiesbaden,2026-01-17
Ulm,1.28,1.69,-0.41,1.19,1.69,-0.50,0.09,0.00,0.09,1.28,1.69,-0.41,0,1,-1,-0.59,51.80,67.79,47.81,0.66,0.67,248,14,17,12,25.76,17.91,11.94,8,3,24,8,9,147.9,74.7,63.67,54.54,160.83,72.56,0,Ulm 0-1 Wehen Wiesbaden,2026-01-17
Energie Cottbus,1.40,2.98,-1.58,1.32,2.24,-0.92,0.08,0.74,-0.66,1.40,2.98,-1.58,1,1,0,1.58,51.10,40.29,43.11,0.64,1.14,137,17,10,26,15.62,22.81,9.72,1,2,21,8,12,82.6,30.83,23.47,34.34,88.87,30.09,1,Saarbrücken 1-1 Energie Cottbus,2026-01-17
Saarbrücken,2.98,1.40,1.58,2.24,1.32,0.92,0.74,0.08,0.66,2.98,1.40,1.58,1,1,0,-1.58,48.90,59.71,53.23,1.14,0.64,202,20,26,10,22.81,15.62,8.76,2,1,28,11,14,185.3,69.17,44.87,65.66,206.47,69.91,0,Saarbrücken 1-1 Energie Cottbus,2026-01-17
Ingolstadt,3.09,2.04,1.05,2.76,1.19,1.57,0.33,0.85,-0.52,3.09,2.04,1.05,3,0,3,1.95,42.00,41.88,41.54,0.97,0.75,114,12,16,17,16.49,22.67,9.57,7,8,16,5,19,82.9,46.68,60.67,74.77,140.67,75.33,3,Jahn Regensburg 0-3 Ingolstadt,2026-01-16
Jahn Regensburg,2.04,3.09,-1.05,1.19,2.76,-1.57,0.85,0.33,0.52,2.04,3.09,-1.05,0,3,-3,-1.95,58.00,58.12,46.64,0.75,0.97,222,15,17,16,22.67,16.49,7.17,8,7,30,6,11,94.7,53.32,20.47,25.23,46.07,24.67,1,Jahn Regensburg 0-3 Ingolstadt,2026-01-16
MSV Duisburg,0.50,0.97,-0.47,0.49,0.97,-0.48,0.01,0.00,0.01,0.50,0.97,-0.47,0,0,0,0.47,36.20,44.54,41.52,0.53,0.81,110,4,6,9,11.32,11.11,15.24,0,3,11,2,17,48.5,37.51,162.07,91.46,141.43,84.07,1,Viktoria Köln 0-0 MSV Duisburg,2025-12-21
Viktoria Köln,0.97,0.50,0.47,0.97,0.49,0.48,0.00,0.01,-0.01,0.97,0.50,0.47,0,0,0,-0.47,63.80,55.46,42.43,0.81,0.53,227,9,9,6,11.11,11.32,9.44,3,0,13,3,15,80.8,62.49,15.13,8.54,26.8,15.93,2,Viktoria Köln 0-0 MSV Duisburg,2025-12-21
Wehen Wiesbaden,1.22,3.16,-1.94,0.95,3.08,-2.13,0.27,0.09,0.18,1.22,3.16,-1.94,1,3,-2,-0.06,42.70,48.26,43.49,0.64,0.58,145,12,16,19,25.0,32.76,10.68,6,4,16,7,13,66.7,43.51,118.53,86.77,117.57,71.91,1,Hoffenheim II 3-1 Wehen Wiesbaden,2025-12-21
Hoffenheim II,3.16,1.22,1.94,3.08,0.95,2.13,0.09,0.27,-0.18,3.16,1.22,1.94,3,1,2,0.06,57.30,51.74,40.55,0.58,0.64,169,8,19,16,32.76,25.0,12.00,4,6,10,3,11,86.6,56.49,18.07,13.23,45.93,28.09,0,Hoffenheim II 3-1 Wehen Wiesbaden,2025-12-21
Alemannia Aachen,1.39,0.90,0.49,0.96,0.90,0.06,0.44,0.00,0.44,1.39,0.90,0.49,1,1,0,-0.49,43.20,43.0,44.52,0.54,0.5,130,10,15,15,27.78,30.0,10.61,7,3,10,5,18,65.7,39.72,47.13,63.98,73.53,45.82,2,Havelse 1-1 Alemannia Aachen,2025-12-21
Havelse,0.90,1.39,-0.49,0.90,0.96,-0.06,0.00,0.44,-0.44,0.90,1.39,-0.49,1,1,0,0.49,56.80,57.0,48.20,0.5,0.54,198,12,15,15,30.0,27.78,9.10,3,7,21,6,9,99.7,60.28,26.53,36.02,86.93,54.18,1,Havelse 1-1 Alemannia Aachen,2025-12-21
Verl,2.45,1.20,1.25,2.25,1.12,1.13,0.19,0.08,0.11,2.45,1.20,1.25,2,0,2,0.75,68.10,67.14,44.95,1.49,0.49,297,19,18,11,12.08,22.45,9.66,1,4,13,7,13,148.2,77.51,9.53,5.4,86.03,43.6,4,1860 München 0-2 Verl,2025-12-20
1860 München,1.20,2.45,-1.25,1.12,2.25,-1.13,0.08,0.19,-0.11,1.20,2.45,-1.25,0,2,-2,-0.75,31.90,32.86,40.87,0.49,1.49,121,11,11,18,22.45,12.08,19.16,4,1,11,3,11,43.0,22.49,167.0,94.6,111.3,56.4,4,1860 München 0-2 Verl,2025-12-20
Ulm,1.78,3.86,-2.08,1.50,3.03,-1.53,0.28,0.83,-0.55,1.78,3.86,-2.08,2,3,-1,1.08,54.30,57.77,48.52,0.78,0.44,217,12,12,19,15.38,43.18,19.24,2,5,22,6,6,116.7,52.93,33.0,31.31,69.0,35.03,0,Rot-Weiss Essen 3-2 Ulm,2025-12-20
Rot-Weiss Essen,3.86,1.78,2.08,3.03,1.50,1.53,0.83,0.28,0.55,3.86,1.78,2.08,3,2,1,-1.08,45.70,42.23,46.10,0.44,0.78,166,12,19,12,43.18,15.38,16.14,5,2,14,8,8,103.8,47.07,72.4,68.69,127.97,64.97,11,Rot-Weiss Essen 3-2 Ulm,2025-12-20
Saarbrücken,2.34,1.60,0.74,1.50,0.64,0.86,0.08,0.95,-0.87,1.58,1.60,-0.02,1,1,0,-0.74,35.80,44.62,51.09,0.28,0.69,164,11,15,15,53.57,21.74,14.03,2,5,31,11,18,96.0,44.61,96.2,93.22,140.97,64.53,0,Hansa Rostock 1-1 Saarbrücken,2025-12-20
Hansa Rostock,1.60,2.34,-0.74,0.64,1.50,-0.86,0.95,0.08,0.87,1.60,1.58,0.02,1,1,0,0.74,64.20,55.38,48.84,0.69,0.28,279,15,15,15,21.74,53.57,6.05,5,2,19,5,12,119.2,55.39,7.0,6.78,77.47,35.47,6,Hansa Rostock 1-1 Saarbrücken,2025-12-20
Stuttgart II,1.82,3.19,-1.37,1.82,2.93,-1.11,0.00,0.25,-0.25,1.82,3.19,-1.37,2,1,1,2.37,58.10,51.72,45.38,0.75,0.85,203,10,9,12,12.0,14.12,9.93,3,5,14,3,10,56.9,41.38,12.47,10.11,26.63,15.2,3,Osnabrück 1-2 Stuttgart II,2025-12-20
Osnabrück,3.19,1.82,1.37,2.93,1.82,1.11,0.25,0.00,0.25,3.19,1.82,1.37,1,2,-1,-2.37,41.90,48.28,49.10,0.85,0.75,172,11,12,9,14.12,12.0,13.19,5,3,20,3,12,80.6,58.62,110.93,89.89,148.6,84.8,2,Osnabrück 1-2 Stuttgart II,2025-12-20
Schweinfurt,1.80,3.70,-1.90,1.55,2.08,-0.53,0.24,1.62,-1.38,1.80,3.70,-1.90,0,4,-4,-2.10,59.70,54.81,43.26,0.85,0.68,192,20,18,21,21.18,30.88,9.46,3,8,18,7,11,103.5,48.32,15.47,13.88,74.07,30.84,4,Erzgebirge Aue 4-0 Schweinfurt,2025-12-20
Erzgebirge Aue,3.70,1.80,1.90,2.08,1.55,0.53,1.62,0.24,1.38,3.70,1.80,1.90,4,0,4,2.10,40.30,45.19,44.53,0.68,0.85,144,19,21,18,30.88,21.18,12.76,8,3,22,9,14,110.7,51.68,96.0,86.12,166.1,69.16,1,Erzgebirge Aue 4-0 Schweinfurt,2025-12-20
Ingolstadt,1.17,1.93,-0.76,1.17,1.84,-0.67,0.00,0.09,-0.09,1.17,1.93,-0.76,2,2,0,0.76,43.70,43.5,49.98,0.76,0.75,164,12,8,16,10.53,21.33,8.34,6,7,19,2,17,42.9,24.1,61.33,72.1,85.43,67.4,7,Waldhof Mannheim 2-2 Ingolstadt,2025-12-20
Waldhof Mannheim,1.93,1.17,0.76,1.84,1.17,0.67,0.09,0.00,0.09,1.93,1.17,0.76,2,2,0,-0.76,56.30,56.5,52.03,0.75,0.76,224,12,16,8,21.33,10.53,8.03,7,6,29,5,15,135.1,75.9,23.73,27.9,41.33,32.6,2,Waldhof Mannheim 2-2 Ingolstadt,2025-12-20
Jahn Regensburg,1.61,1.45,0.16,1.36,1.45,-0.09,0.25,0.00,0.25,1.61,1.45,0.16,2,2,0,-0.16,57.30,57.41,49.46,0.67,0.7,262,12,15,13,22.39,18.57,8.57,11,4,24,4,9,110.1,57.7,35.73,34.78,77.77,39.87,2,Energie Cottbus 2-2 Jahn Regensburg,2025-12-19
Energie Cottbus,1.45,1.61,-0.16,1.45,1.36,0.09,0.00,0.25,-0.25,1.45,1.61,-0.16,2,2,0,0.16,42.70,42.59,44.19,0.7,0.67,152,15,13,15,18.57,22.39,19.29,4,11,13,3,8,80.7,42.3,67.0,65.22,117.3,60.13,0,Energie Cottbus 2-2 Jahn Regensburg,2025-12-19
Havelse,2.24,3.01,-0.77,2.17,2.13,0.04,0.07,0.12,-0.05,2.24,2.25,-0.01,3,2,1,1.77,36.00,38.55,47.30,0.38,0.78,146,5,12,16,31.58,20.51,11.60,6,5,12,2,16,56.7,30.35,90.6,92.01,99.6,59.12,2,Schweinfurt 2-3 Havelse,2025-12-14
Schweinfurt,3.01,2.24,0.77,2.13,2.17,-0.04,0.12,0.07,0.05,2.25,2.24,0.01,2,3,-1,-1.77,64.00,61.45,45.39,0.78,0.38,222,15,16,12,20.51,31.58,6.79,5,6,20,5,13,130.1,69.65,7.87,7.99,68.87,40.88,1,Schweinfurt 2-3 Havelse,2025-12-14
Waldhof Mannheim,2.32,1.95,0.37,2.23,1.15,1.08,0.09,0.80,-0.71,2.32,1.95,0.37,0,3,-3,-3.37,52.40,57.14,49.28,0.72,0.71,192,11,18,14,25.0,19.72,7.84,5,4,23,6,15,123.7,57.86,39.4,42.31,89.27,44.37,1,Jahn Regensburg 3-0 Waldhof Mannheim,2025-12-14
Jahn Regensburg,1.95,2.32,-0.37,1.15,2.23,-1.08,0.80,0.09,0.71,1.95,2.32,-0.37,3,0,3,3.37,47.60,42.86,43.84,0.71,0.72,151,14,14,18,19.72,25.0,7.87,4,5,27,6,16,90.1,42.14,53.73,57.69,111.93,55.63,2,Jahn Regensburg 3-0 Waldhof Mannheim,2025-12-14
Energie Cottbus,1.77,3.58,-1.81,1.77,2.64,-0.87,0.00,0.95,-0.95,1.77,3.58,-1.81,1,3,-2,-0.19,55.10,47.71,42.12,0.58,1.77,203,10,6,18,10.34,10.17,14.81,2,7,12,1,5,66.3,32.34,21.2,18.64,33.07,14.38,0,Wehen Wiesbaden 3-1 Energie Cottbus,2025-12-14
Wehen Wiesbaden,3.58,1.77,1.81,2.64,1.77,0.87,0.95,0.00,0.95,3.58,1.77,1.81,3,1,2,0.19,44.90,52.29,45.34,1.77,0.58,193,20,18,6,10.17,10.34,15.30,7,2,20,6,17,138.7,67.66,92.53,81.36,196.9,85.62,1,Wehen Wiesbaden 3-1 Energie Cottbus,2025-12-14
Rot-Weiss Essen,0.70,1.14,-0.44,0.68,0.49,0.19,0.02,0.65,-0.63,0.70,1.14,-0.44,0,0,0,0.44,27.90,40.55,47.22,0.46,0.79,125,12,13,13,28.26,16.46,19.35,5,6,11,2,15,56.3,26.94,186.93,98.8,151.33,70.58,6,Verl 0-0 Rot-Weiss Essen,2025-12-13
Verl,1.14,0.70,0.44,0.49,0.68,-0.19,0.65,0.02,0.63,1.14,0.70,0.44,0,0,0,-0.44,72.10,59.45,43.87,0.79,0.46,255,10,13,13,16.46,28.26,7.41,6,5,15,3,14,152.7,73.06,2.27,1.2,63.07,29.42,2,Verl 0-0 Rot-Weiss Essen,2025-12-13
Viktoria Köln,1.46,0.58,0.88,1.23,0.57,0.66,0.23,0.01,0.22,1.46,0.58,0.88,3,0,3,2.12,53.20,32.5,35.60,0.21,0.4,102,8,11,10,52.38,25.0,7.38,2,6,9,3,20,57.0,39.39,26.33,25.12,54.7,38.51,2,Alemannia Aachen 0-3 Viktoria Köln,2025-12-13
Alemannia Aachen,0.58,1.46,-0.88,0.57,1.23,-0.66,0.01,0.23,-0.22,0.58,1.46,-0.88,0,3,-3,-2.12,46.80,67.5,48.96,0.4,0.21,189,10,10,11,25.0,52.38,8.06,6,2,19,3,15,87.7,60.61,78.47,74.88,87.33,61.49,1,Alemannia Aachen 0-3 Viktoria Köln,2025-12-13
Erzgebirge Aue,0.42,1.65,-1.23,0.36,1.45,-1.09,0.06,0.20,-0.14,0.42,1.65,-1.23,0,0,0,1.23,48.70,33.73,37.04,0.55,0.67,108,10,9,16,16.36,23.88,16.23,1,9,10,3,9,34.8,20.42,20.73,25.64,28.17,14.33,5,MSV Duisburg 0-0 Erzgebirge Aue,2025-12-13
MSV Duisburg,1.65,0.42,1.23,1.45,0.36,1.09,0.20,0.06,0.14,1.65,0.42,1.23,0,0,0,-1.23,51.30,66.27,47.36,0.67,0.55,214,14,16,9,23.88,16.36,8.49,9,1,25,4,15,135.6,79.58,60.13,74.36,168.37,85.67,5,MSV Duisburg 0-0 Erzgebirge Aue,2025-12-13
Hansa Rostock,1.21,1.45,-0.24,0.27,1.40,-1.13,0.94,0.05,0.89,1.21,1.45,-0.24,1,0,1,1.24,49.20,52.08,48.34,0.42,0.57,206,9,6,8,14.29,14.04,8.79,6,7,15,3,20,83.2,48.74,68.8,60.18,118.07,62.22,2,Stuttgart II 0-1 Hansa Rostock,2025-12-13
Stuttgart II,1.45,1.21,0.24,1.40,0.27,1.13,0.05,0.94,-0.89,1.45,1.21,0.24,0,1,-1,-1.24,50.80,47.92,44.37,0.57,0.42,172,11,8,6,14.04,14.29,8.25,7,6,21,2,19,87.5,51.26,45.53,39.82,71.7,37.78,3,Stuttgart II 0-1 Hansa Rostock,2025-12-13
1860 München,2.60,2.50,0.10,2.57,2.41,0.16,0.03,0.09,-0.06,2.60,2.50,0.10,2,1,1,0.90,43.20,40.05,44.78,1.5,1.49,179,16,12,21,8.0,14.09,16.50,2,4,10,2,8,67.9,24.3,71.73,59.51,51.57,28.43,4,Ingolstadt 1-2 1860 München,2025-12-13
Ingolstadt,2.50,2.60,-0.10,2.41,2.57,-0.16,0.09,0.03,0.06,2.50,2.60,-0.10,1,2,-1,-0.90,56.80,59.95,51.10,1.49,1.5,299,19,21,12,14.09,8.0,13.31,4,2,32,5,15,211.5,75.7,48.8,40.49,129.83,71.57,3,Ingolstadt 1-2 1860 München,2025-12-13
Hoffenheim II,1.24,4.57,-3.33,1.05,3.37,-2.32,0.19,0.44,-0.25,1.24,3.81,-2.57,2,2,0,3.33,61.50,48.25,47.26,1.0,1.79,252,12,14,23,14.0,12.85,10.42,4,2,21,5,9,61.4,32.66,10.13,8.55,46.03,18.34,0,Saarbrücken 2-2 Hoffenheim II,2025-12-13
Saarbrücken,4.57,1.24,3.33,3.37,1.05,2.32,0.44,0.19,0.25,3.81,1.24,2.57,2,2,0,-3.33,38.50,51.75,48.69,1.79,1.0,171,23,23,14,12.85,14.0,16.89,2,4,43,12,12,126.6,67.34,108.33,91.45,204.93,81.66,2,Saarbrücken 2-2 Hoffenheim II,2025-12-13
Osnabrück,3.13,1.52,1.61,2.80,1.50,1.30,0.34,0.02,0.32,3.13,1.52,1.61,5,3,2,0.39,43.60,48.96,48.18,1.47,0.83,218,20,13,7,8.84,8.43,13.58,6,2,13,4,7,110.8,56.91,114.6,88.24,215.37,90.08,1,Ulm 3-5 Osnabrück,2025-12-12
Ulm,1.52,3.13,-1.61,1.50,2.80,-1.30,0.02,0.34,-0.32,1.52,3.13,-1.61,3,5,-2,-0.39,56.40,51.04,44.47,0.83,1.47,248,8,7,13,8.43,8.84,14.62,2,6,13,3,11,83.9,43.09,15.27,11.76,23.73,9.92,0,Ulm 3-5 Osnabrück,2025-12-12
Ingolstadt,1.59,1.78,-0.19,1.30,0.82,0.48,0.29,0.96,-0.67,1.59,1.78,-0.19,2,2,0,0.19,33.00,31.49,44.46,0.69,0.84,130,15,10,15,14.49,17.86,14.80,2,1,19,7,9,61.3,18.17,100.73,84.89,85.47,31.14,1,Erzgebirge Aue 2-2 Ingolstadt,2025-12-07
Erzgebirge Aue,1.78,1.59,0.19,0.82,1.30,-0.48,0.96,0.29,0.67,1.78,1.59,0.19,2,2,0,-0.19,67.00,68.51,54.28,0.84,0.69,414,13,15,10,17.86,14.49,8.55,1,2,26,8,16,276.1,81.83,17.93,15.11,188.97,68.86,3,Erzgebirge Aue 2-2 Ingolstadt,2025-12-07
Alemannia Aachen,1.33,3.65,-2.32,1.33,2.32,-0.99,0.00,0.57,-0.57,1.33,2.89,-1.56,2,2,0,2.32,22.30,22.53,46.31,0.34,1.82,92,8,7,29,20.59,15.93,25.50,3,6,3,1,10,12.4,3.45,175.27,97.7,50.3,21.0,5,Hansa Rostock 2-2 Alemannia Aachen,2025-12-07
Hansa Rostock,3.65,1.33,2.32,2.32,1.33,0.99,0.57,0.00,0.57,2.89,1.33,1.56,2,2,0,-2.32,77.70,77.47,54.16,1.82,0.34,429,24,29,7,15.93,20.59,5.96,6,3,36,14,7,347.3,96.55,4.13,2.3,189.27,79.0,3,Hansa Rostock 2-2 Alemannia Aachen,2025-12-07
Saarbrücken,0.79,3.10,-2.31,0.74,2.26,-1.52,0.04,0.08,-0.04,0.79,2.34,-1.55,1,2,-1,1.31,57.50,60.31,46.23,1.19,0.35,200,12,9,14,7.56,40.0,8.14,6,3,33,5,15,88.7,57.6,18.47,21.87,60.83,37.32,0,Waldhof Mannheim 2-1 Saarbrücken,2025-12-07
Waldhof Mannheim,3.10,0.79,2.31,2.26,0.74,1.52,0.08,0.04,0.04,2.34,0.79,1.55,2,1,1,-1.31,42.50,39.69,43.07,0.35,1.19,125,12,14,9,40.0,7.56,9.32,3,6,13,2,17,65.3,42.4,66.0,78.13,102.17,62.68,2,Waldhof Mannheim 2-1 Saarbrücken,2025-12-07
Schweinfurt,0.93,2.36,-1.43,0.56,1.74,-1.18,0.37,0.62,-0.25,0.93,2.36,-1.43,1,3,-2,-0.57,49.70,37.64,44.62,0.28,0.68,184,7,11,18,39.29,26.47,10.88,5,3,13,3,10,41.9,24.33,42.13,52.75,59.47,40.28,1,1860 München 3-1 Schweinfurt,2025-12-06
1860 München,2.36,0.93,1.43,1.74,0.56,1.18,0.62,0.37,0.25,2.36,0.93,1.43,3,1,2,0.57,50.30,62.36,47.11,0.68,0.28,221,14,18,11,26.47,39.29,11.58,3,5,18,6,14,130.3,75.67,37.73,47.25,88.17,59.72,5,1860 München 3-1 Schweinfurt,2025-12-06
Jahn Regensburg,3.48,2.59,0.89,3.43,1.51,1.92,0.05,0.32,-0.27,3.48,1.83,1.65,0,1,-1,-1.89,44.70,50.0,44.77,1.42,1.11,149,12,17,17,11.97,15.32,11.35,6,5,31,6,11,90.1,44.89,85.47,79.53,130.33,59.54,5,Hoffenheim II 1-0 Jahn Regensburg,2025-12-06
Hoffenheim II,2.59,3.48,-0.89,1.51,3.43,-1.92,0.32,0.05,0.27,1.83,3.48,-1.65,1,0,1,1.89,55.30,50.0,39.37,1.11,1.42,133,14,17,17,15.32,11.97,8.44,5,6,11,4,9,110.6,55.11,22.0,20.47,88.57,40.46,2,Hoffenheim II 1-0 Jahn Regensburg,2025-12-06
Verl,2.56,2.19,0.37,1.42,0.59,0.83,0.38,1.60,-1.22,1.80,2.19,-0.39,2,2,0,-0.37,65.50,61.4,45.94,0.78,0.61,235,15,11,15,14.1,24.59,7.93,8,3,14,9,9,127.9,61.34,5.13,4.46,88.6,43.28,2,Havelse 2-2 Verl,2025-12-06
Havelse,2.19,2.56,-0.37,0.59,1.42,-0.83,1.60,0.38,1.22,2.19,1.80,0.39,2,2,0,0.37,34.50,38.6,46.40,0.61,0.78,127,13,15,11,24.59,14.1,18.27,3,8,15,7,12,80.6,38.66,109.93,95.54,116.1,56.72,2,Havelse 2-2 Verl,2025-12-06
MSV Duisburg,1.15,2.74,-1.59,1.15,2.74,-1.59,0.00,0.00,0.00,1.15,2.74,-1.59,2,3,-1,0.59,51.50,59.14,45.19,0.57,0.76,191,18,12,13,21.05,17.11,11.36,6,3,18,3,11,86.8,60.87,44.27,39.27,63.01,35.04,1,Energie Cottbus 3-2 MSV Duisburg,2025-12-06
Energie Cottbus,2.74,1.15,1.59,2.74,1.15,1.59,0.00,0.00,0.00,2.74,1.15,1.59,3,2,1,-0.59,48.50,40.86,41.62,0.76,0.57,174,14,13,12,17.11,21.05,14.38,3,6,13,4,10,55.8,39.13,68.47,60.73,116.82,64.96,2,Energie Cottbus 3-2 MSV Duisburg,2025-12-06
Wehen Wiesbaden,0.71,1.45,-0.74,0.71,1.03,-0.32,0.00,0.43,-0.43,0.71,1.45,-0.74,1,0,1,1.74,34.40,33.82,42.55,0.33,1.24,134,6,8,16,24.24,12.9,13.91,1,4,14,0,21,41.4,17.11,83.13,75.81,94.8,37.81,2,Osnabrück 0-1 Wehen Wiesbaden,2025-12-06
Osnabrück,1.45,0.71,0.74,1.03,0.71,0.32,0.43,0.00,0.43,1.45,0.71,0.74,0,1,-1,-1.74,65.60,66.18,48.61,1.24,0.33,288,28,16,8,12.9,24.24,8.42,4,1,29,8,11,200.6,82.89,26.53,24.19,155.9,62.19,1,Osnabrück 0-1 Wehen Wiesbaden,2025-12-06
Ulm,1.23,1.71,-0.48,1.15,0.98,0.17,0.08,0.73,-0.65,1.23,1.71,-0.48,1,0,1,1.48,37.20,44.4,44.02,0.92,0.42,141,11,11,17,11.96,40.48,14.66,4,3,21,5,15,70.2,38.76,145.6,90.66,162.33,75.62,0,Viktoria Köln 0-1 Ulm,2025-12-06
Viktoria Köln,1.71,1.23,0.48,0.98,1.15,-0.17,0.73,0.08,0.65,1.71,1.23,0.48,0,1,-1,-1.48,62.80,55.6,41.18,0.42,0.92,215,15,17,11,40.48,11.96,9.39,3,4,33,14,10,110.9,61.24,15.0,9.34,52.33,24.38,3,Viktoria Köln 0-1 Ulm,2025-12-06
Stuttgart II,3.70,3.11,0.59,3.70,1.57,2.13,0.00,0.78,-0.78,3.70,2.35,1.35,1,1,0,-0.59,60.30,59.03,46.82,1.74,0.98,266,25,19,18,10.92,18.37,7.29,10,5,15,3,11,139.3,69.48,17.93,16.07,109.7,51.02,6,Rot-Weiss Essen 1-1 Stuttgart II,2025-12-05
Rot-Weiss Essen,3.11,3.70,-0.59,1.57,3.70,-2.13,0.78,0.00,0.78,2.35,3.70,-1.35,1,1,0,0.59,39.70,40.97,43.84,0.98,1.74,146,14,18,19,18.37,10.92,13.23,5,10,23,4,12,61.2,30.52,93.67,83.93,105.33,48.98,11,Rot-Weiss Essen 1-1 Stuttgart II,2025-12-05
Havelse,2.14,3.39,-1.25,2.08,3.29,-1.21,0.06,0.09,-0.03,2.14,3.39,-1.25,1,2,-1,0.25,40.30,49.86,48.73,0.9,1.02,171,16,14,23,15.56,22.55,12.34,4,3,13,3,17,73.0,34.66,105.6,88.44,106.37,43.51,2,Stuttgart II 2-1 Havelse,2025-11-30
Stuttgart II,3.39,2.14,1.25,3.29,2.08,1.21,0.09,0.06,0.03,3.39,2.14,1.25,2,1,1,-0.25,59.70,50.14,43.83,1.02,0.9,199,18,23,14,22.55,15.56,6.21,3,4,18,8,17,137.6,65.34,13.8,11.56,138.1,56.49,2,Stuttgart II 2-1 Havelse,2025-11-30
Osnabrück,1.40,1.64,-0.24,0.84,1.52,-0.68,0.56,0.12,0.44,1.40,1.64,-0.24,1,4,-3,-2.76,34.50,53.18,48.64,0.53,0.5,189,7,11,14,20.75,28.0,23.04,9,6,13,4,11,70.6,43.15,194.8,93.78,98.87,43.33,1,Verl 4-1 Osnabrück,2025-11-30
Verl,1.64,1.40,0.24,1.52,0.84,0.68,0.12,0.56,-0.44,1.64,1.40,0.24,4,1,3,2.76,65.50,46.82,39.68,0.5,0.53,216,14,14,11,28.0,20.75,10.76,6,9,10,6,7,93.0,56.85,12.93,6.22,129.29,56.67,1,Verl 4-1 Osnabrück,2025-11-30
Hansa Rostock,4.21,1.07,3.14,3.33,1.03,2.30,0.12,0.04,0.08,3.45,1.07,2.38,3,0,3,-0.14,63.20,61.79,46.47,1.22,0.5,272,22,16,10,13.11,20.0,7.03,7,4,20,5,15,140.3,79.76,5.67,4.6,85.73,58.26,2,Jahn Regensburg 0-3 Hansa Rostock,2025-11-30
Jahn Regensburg,1.07,4.21,-3.14,1.03,3.33,-2.30,0.04,0.12,-0.08,1.07,3.45,-2.38,0,3,-3,0.14,36.80,38.21,43.22,0.5,1.22,145,5,10,16,20.0,13.11,18.50,4,7,14,1,14,35.6,20.24,117.67,95.4,61.43,41.74,4,Jahn Regensburg 0-3 Hansa Rostock,2025-11-30
Waldhof Mannheim,2.60,2.85,-0.25,2.40,2.72,-0.32,0.19,0.13,0.06,2.60,2.85,-0.25,3,2,1,1.25,36.60,39.16,44.89,0.77,0.95,131,10,10,12,12.99,12.63,10.17,10,2,18,3,19,62.4,36.26,125.93,95.79,142.43,79.37,0,Schweinfurt 2-3 Waldhof Mannheim,2025-11-29
Schweinfurt,2.85,2.60,0.25,2.72,2.40,0.32,0.13,0.19,-0.06,2.85,2.60,0.25,2,3,-1,-1.25,63.40,60.84,45.55,0.95,0.77,227,12,12,10,12.63,12.99,6.89,2,10,24,1,15,109.7,63.74,5.53,4.21,37.03,20.63,2,Schweinfurt 2-3 Waldhof Mannheim,2025-11-29
Alemannia Aachen,0.95,1.49,-0.54,0.92,1.34,-0.42,0.02,0.16,-0.14,0.95,1.49,-0.54,1,3,-2,-1.46,55.30,46.67,43.24,0.25,0.67,166,5,7,10,28.0,14.93,8.22,6,6,15,6,12,48.3,41.25,41.2,38.99,20.03,10.7,5,MSV Duisburg 3-1 Alemannia Aachen,2025-11-29
MSV Duisburg,1.49,0.95,0.54,1.34,0.92,0.42,0.16,0.02,0.14,1.49,0.95,0.54,3,1,2,1.46,44.70,53.33,45.20,0.67,0.25,152,9,10,7,14.93,28.0,9.59,6,6,15,3,15,68.8,58.75,64.47,61.01,167.17,89.3,0,MSV Duisburg 3-1 Alemannia Aachen,2025-11-29
Viktoria Köln,2.22,3.01,-0.79,1.08,1.18,-0.10,0.37,0.32,0.05,1.46,1.49,-0.03,2,3,-1,-0.21,54.90,42.0,45.00,0.95,1.05,203,14,12,19,12.63,18.1,10.85,1,6,23,7,17,72.5,33.56,55.6,43.08,50.1,32.04,2,Energie Cottbus 3-2 Viktoria Köln,2025-11-29
Energie Cottbus,3.01,2.22,0.79,1.18,1.08,0.10,0.32,0.37,-0.05,1.49,1.46,0.03,3,2,1,0.21,45.10,58.0,50.07,1.05,0.95,213,20,19,12,18.1,12.63,12.38,6,1,28,10,18,143.5,66.44,73.47,56.92,106.27,67.96,2,Energie Cottbus 3-2 Viktoria Köln,2025-11-29
1860 München,1.73,0.54,1.19,1.68,0.54,1.14,0.05,0.00,0.05,1.73,0.54,1.19,1,0,1,-0.19,39.40,31.21,38.10,0.36,0.42,104,10,7,10,19.44,23.81,14.45,1,6,9,3,19,33.6,20.01,71.47,75.92,78.17,52.1,2,Ulm 0-1 1860 München,2025-11-29
Ulm,0.54,1.73,-1.19,0.54,1.68,-1.14,0.00,0.05,-0.05,0.54,1.73,-1.19,0,1,-1,0.19,60.60,68.79,51.66,0.42,0.36,329,9,10,7,23.81,19.44,8.25,6,1,25,8,16,134.3,79.99,22.67,24.08,71.87,47.9,3,Ulm 0-1 1860 München,2025-11-29
Hoffenheim II,1.59,2.95,-1.36,0.85,1.90,-1.05,0.75,0.28,0.47,1.59,2.19,-0.60,2,3,-1,0.36,58.70,51.49,46.11,0.82,1.24,252,16,14,19,17.07,15.32,11.64,1,8,16,4,15,99.1,45.79,3.8,2.77,65.13,24.02,1,Ingolstadt 3-2 Hoffenheim II,2025-11-29
Ingolstadt,2.95,1.59,1.36,1.90,0.85,1.05,0.28,0.75,-0.47,2.19,1.59,0.60,3,2,1,-0.36,41.30,48.51,47.03,1.24,0.82,171,20,19,14,15.32,17.07,12.80,8,1,29,10,15,117.3,54.21,133.6,97.23,206.03,75.98,3,Ingolstadt 3-2 Hoffenheim II,2025-11-29
Rot-Weiss Essen,3.11,2.13,0.98,2.15,1.89,0.26,0.20,0.24,-0.04,2.35,2.13,0.22,3,2,1,0.02,53.00,43.34,46.38,0.71,1.08,196,11,14,11,19.72,10.19,10.93,4,2,15,3,10,67.4,43.99,15.07,19.59,44.9,28.64,4,Saarbrücken 2-3 Rot-Weiss Essen,2025-11-29
Saarbrücken,2.13,3.11,-0.98,1.89,2.15,-0.26,0.24,0.20,0.04,2.13,2.35,-0.22,2,3,-1,-0.02,47.00,56.66,50.17,1.08,0.71,215,16,11,14,10.19,19.72,15.48,2,4,37,9,9,85.8,56.01,61.87,80.41,111.9,71.36,0,Saarbrücken 2-3 Rot-Weiss Essen,2025-11-29
Erzgebirge Aue,1.91,2.09,-0.18,1.82,1.66,0.16,0.08,0.42,-0.34,1.91,2.09,-0.18,1,3,-2,-1.82,58.20,52.17,44.55,0.53,0.68,219,12,11,17,20.75,25.0,11.46,5,5,16,4,10,106.3,51.65,11.87,9.92,53.87,30.68,0,Wehen Wiesbaden 3-1 Erzgebirge Aue,2025-11-28
Wehen Wiesbaden,2.09,1.91,0.18,1.66,1.82,-0.16,0.42,0.08,0.34,2.09,1.91,0.18,3,1,2,1.82,41.80,47.83,48.19,0.68,0.53,184,16,17,11,25.0,20.75,17.15,5,5,26,9,8,99.5,48.35,107.8,90.08,121.7,69.32,3,Wehen Wiesbaden 3-1 Erzgebirge Aue,2025-11-28
Energie Cottbus,3.98,2.36,1.62,3.14,1.98,1.16,0.09,0.39,-0.30,3.22,2.36,0.86,3,2,1,-0.62,29.20,27.59,44.69,0.61,1.39,99,9,13,21,21.31,15.11,19.57,3,11,11,1,12,39.0,15.43,129.93,97.84,127.33,63.98,1,Rot-Weiss Essen 2-3 Energie Cottbus,2025-11-23
Rot-Weiss Essen,2.36,3.98,-1.62,1.98,3.14,-1.16,0.39,0.09,0.30,2.36,3.22,-0.86,2,3,-1,0.62,70.80,72.41,53.55,1.39,0.61,358,18,21,13,15.11,21.31,4.60,11,3,43,8,14,213.7,84.57,2.87,2.16,71.67,36.02,5,Rot-Weiss Essen 2-3 Energie Cottbus,2025-11-23
Stuttgart II,3.26,0.83,2.43,2.43,0.46,1.97,0.07,0.36,-0.29,2.50,0.83,1.67,0,0,0,-2.43,57.80,56.98,44.27,1.07,0.21,184,17,22,9,20.56,42.86,8.34,5,2,16,6,14,122.6,70.66,30.53,28.36,98.5,57.3,2,Erzgebirge Aue 0-0 Stuttgart II,2025-11-23
Erzgebirge Aue,0.83,3.26,-2.43,0.46,2.43,-1.97,0.36,0.07,0.29,0.83,2.50,-1.67,0,0,0,2.43,42.20,43.02,42.92,0.21,1.07,129,7,9,22,42.86,20.56,10.94,2,5,10,3,15,50.9,29.34,77.13,71.64,73.4,42.7,2,Erzgebirge Aue 0-0 Stuttgart II,2025-11-23
Saarbrücken,0.46,2.76,-2.30,0.39,1.80,-1.41,0.08,0.20,-0.12,0.46,2.00,-1.54,0,2,-2,0.30,50.50,49.12,47.10,0.51,0.51,209,13,8,18,15.69,35.29,10.75,2,4,25,7,15,57.8,32.0,37.67,45.53,50.93,23.29,0,1860 München 2-0 Saarbrücken,2025-11-23
1860 München,2.76,0.46,2.30,1.80,0.39,1.41,0.20,0.08,0.12,2.00,0.46,1.54,2,0,2,-0.30,49.50,50.88,47.56,0.51,0.51,215,17,18,8,35.29,15.69,11.38,4,2,22,6,8,122.8,68.0,45.07,54.47,167.77,76.71,6,1860 München 2-0 Saarbrücken,2025-11-23
Ingolstadt,1.27,1.28,-0.01,0.52,1.19,-0.67,0.74,0.08,0.66,1.27,1.28,-0.01,0,1,-1,-0.99,55.30,43.4,39.83,1.28,1.03,146,13,14,14,10.94,13.59,9.65,5,7,15,4,14,64.1,40.24,11.87,12.19,51.9,24.81,1,Osnabrück 1-0 Ingolstadt,2025-11-22
Osnabrück,1.28,1.27,0.01,1.19,0.52,0.67,0.08,0.74,-0.66,1.28,1.27,0.01,1,0,1,0.99,44.70,56.6,48.03,1.03,1.28,194,11,14,14,13.59,10.94,12.86,7,5,17,5,13,95.2,59.76,85.47,87.81,157.3,75.19,2,Osnabrück 1-0 Ingolstadt,2025-11-22
Jahn Regensburg,2.71,1.61,1.10,2.64,1.34,1.30,0.06,0.27,-0.21,2.71,1.61,1.10,2,0,2,0.90,49.00,48.0,44.22,1.14,0.75,169,17,13,14,11.4,18.67,9.21,9,7,16,6,12,97.5,55.18,49.93,61.14,127.63,75.05,4,Alemannia Aachen 0-2 Jahn Regensburg,2025-11-22
Alemannia Aachen,1.61,2.71,-1.10,1.34,2.64,-1.30,0.27,0.06,0.21,1.61,2.71,-1.10,0,2,-2,-0.90,51.00,52.0,45.08,0.75,1.14,185,11,14,13,18.67,11.4,8.27,7,9,15,8,18,79.2,44.82,31.73,38.86,42.43,24.95,1,Alemannia Aachen 0-2 Jahn Regensburg,2025-11-22
Ulm,0.64,2.34,-1.70,0.47,1.45,-0.98,0.17,0.89,-0.72,0.64,2.34,-1.70,1,2,-1,0.70,66.00,53.16,42.02,0.88,0.6,189,10,10,11,11.36,18.33,5.17,5,8,21,4,16,81.2,61.89,1.0,0.71,33.97,15.97,0,Havelse 2-1 Ulm,2025-11-22
Havelse,2.34,0.64,1.70,1.45,0.47,0.98,0.89,0.17,0.72,2.34,0.64,1.70,2,1,1,-0.70,34.00,46.84,51.08,0.6,0.88,144,10,11,10,18.33,11.36,10.98,8,5,12,6,19,50.0,38.11,139.47,99.29,178.7,84.03,1,Havelse 2-1 Ulm,2025-11-22
Schweinfurt,0.95,5.65,-4.70,0.95,4.66,-3.71,0.00,0.99,-0.99,0.95,5.65,-4.70,0,2,-2,2.70,38.20,29.9,43.17,0.12,1.72,102,9,10,32,83.33,18.6,19.94,2,10,10,3,10,25.9,9.87,49.67,74.06,37.33,14.05,3,Hansa Rostock 2-0 Schweinfurt,2025-11-22
Hansa Rostock,5.65,0.95,4.70,4.66,0.95,3.71,0.99,0.00,0.99,5.65,0.95,4.70,2,0,2,-2.70,61.80,70.1,52.61,1.72,0.12,266,29,32,10,18.6,83.33,5.80,10,2,30,13,12,236.5,90.13,17.4,25.94,228.27,85.95,3,Hansa Rostock 2-0 Schweinfurt,2025-11-22
Verl,2.14,1.05,1.09,2.08,0.89,1.19,0.06,0.17,-0.11,2.14,1.05,1.09,5,1,4,2.91,59.80,47.93,37.35,0.89,0.18,164,10,10,9,11.24,50.0,8.33,8,13,7,1,15,90.8,56.71,25.47,18.79,65.9,45.92,0,Viktoria Köln 1-5 Verl,2025-11-22
Viktoria Köln,1.05,2.14,-1.09,0.89,2.08,-1.19,0.17,0.06,0.11,1.05,2.14,-1.09,1,5,-4,-2.91,40.20,52.07,41.03,0.18,0.89,153,8,9,10,50.0,11.24,12.40,13,8,16,4,15,69.3,43.29,110.07,81.21,77.6,54.08,3,Viktoria Köln 1-5 Verl,2025-11-22
Wehen Wiesbaden,1.51,2.03,-0.52,0.73,1.59,-0.86,0.78,0.44,0.34,1.51,2.03,-0.52,0,1,-1,-0.48,50.70,54.74,45.61,0.51,0.43,170,15,12,16,23.53,37.21,10.48,4,5,19,4,13,83.4,50.39,32.93,40.62,80.97,44.0,1,Waldhof Mannheim 1-0 Wehen Wiesbaden,2025-11-22
Waldhof Mannheim,2.03,1.51,0.52,1.59,0.73,0.86,0.44,0.78,-0.34,2.03,1.51,0.52,1,0,1,0.48,49.30,45.26,46.38,0.43,0.51,180,13,16,12,37.21,23.53,11.14,5,4,27,10,12,82.1,49.61,48.13,59.38,103.07,56.0,1,Waldhof Mannheim 1-0 Wehen Wiesbaden,2025-11-22
MSV Duisburg,0.86,3.70,-2.84,0.83,3.64,-2.81,0.03,0.06,-0.03,0.86,3.70,-2.84,1,4,-3,-0.16,42.80,42.95,43.87,0.43,1.11,158,8,9,21,20.93,18.92,23.71,1,1,18,5,13,42.6,24.84,98.93,78.94,35.09,13.09,0,Hoffenheim II 4-1 MSV Duisburg,2025-11-21
Hoffenheim II,3.70,0.86,2.84,3.64,0.83,2.81,0.06,0.03,0.03,3.70,0.86,2.84,4,1,3,0.16,57.20,57.05,46.19,1.11,0.43,238,15,21,9,18.92,20.93,16.04,1,1,16,4,5,128.9,75.16,26.4,21.06,232.94,86.91,2,Hoffenheim II 4-1 MSV Duisburg,2025-11-21
Viktoria Köln,1.79,1.95,-0.16,1.47,1.89,-0.42,0.32,0.06,0.26,1.79,1.95,-0.16,1,0,1,1.16,46.30,40.45,41.82,0.57,1.55,160,9,13,18,22.81,11.61,12.97,3,10,15,6,12,60.3,29.56,63.87,59.95,70.3,35.49,3,Wehen Wiesbaden 0-1 Viktoria Köln,2025-11-09
Wehen Wiesbaden,1.95,1.79,0.16,1.89,1.47,0.42,0.06,0.32,-0.26,1.95,1.79,0.16,0,1,-1,-1.16,53.70,59.55,45.57,1.55,0.57,232,22,18,13,11.61,22.81,9.50,10,3,28,6,12,143.7,70.44,42.67,40.05,127.8,64.51,1,Wehen Wiesbaden 0-1 Viktoria Köln,2025-11-09
1860 München,0.86,4.27,-3.41,0.27,2.90,-2.63,0.59,0.62,-0.03,0.86,3.51,-2.65,0,4,-4,-0.59,46.00,42.12,41.85,0.71,1.01,137,12,8,23,11.27,22.77,10.77,4,7,16,8,12,43.4,22.93,42.87,57.67,42.13,17.69,6,Jahn Regensburg 4-0 1860 München,2025-11-09
Jahn Regensburg,4.27,0.86,3.41,2.90,0.27,2.63,0.62,0.59,0.03,3.51,0.86,2.65,4,0,4,0.59,54.00,57.88,46.44,1.01,0.71,191,16,23,8,22.77,11.27,8.83,7,4,25,6,13,145.9,77.07,31.47,42.33,195.98,82.31,1,Jahn Regensburg 4-0 1860 München,2025-11-09
Alemannia Aachen,1.78,2.11,-0.33,1.02,1.77,-0.75,0.00,0.34,-0.34,1.02,2.11,-1.09,3,1,2,2.33,32.90,40.35,45.70,0.52,1.69,105,10,6,17,11.54,10.06,10.97,10,5,7,4,21,62.7,27.83,114.53,96.95,112.63,66.01,2,Stuttgart II 1-3 Alemannia Aachen,2025-11-09
Stuttgart II,2.11,1.78,0.33,1.77,1.02,0.75,0.34,0.00,0.34,2.11,1.02,1.09,1,3,-2,-2.33,67.10,59.65,45.19,1.69,0.52,195,14,17,6,10.06,11.54,4.58,5,10,28,6,15,162.6,72.17,3.6,3.05,58.0,33.99,0,Stuttgart II 1-3 Alemannia Aachen,2025-11-09
Havelse,1.91,1.62,0.29,1.11,1.25,-0.14,0.80,0.37,0.43,1.91,1.62,0.29,1,1,0,-0.29,50.80,43.82,40.85,0.37,0.81,152,6,16,11,43.24,13.58,9.30,2,4,19,8,11,60.9,44.65,24.33,25.66,50.93,27.74,3,Saarbrücken 1-1 Havelse,2025-11-08
Saarbrücken,1.62,1.91,-0.29,1.25,1.11,0.14,0.37,0.80,-0.43,1.62,1.91,-0.29,1,1,0,0.29,49.20,56.18,47.76,0.81,0.37,187,10,11,16,13.58,43.24,9.38,4,2,28,8,15,75.5,55.35,70.47,74.34,132.67,72.26,2,Saarbrücken 1-1 Havelse,2025-11-08
Hoffenheim II,2.88,0.81,2.07,2.88,0.79,2.09,0.00,0.02,-0.02,2.88,0.81,2.07,1,2,-1,-3.07,54.90,51.45,43.51,0.9,0.27,184,10,15,8,16.67,29.63,8.30,2,3,14,2,11,100.7,63.73,24.2,24.28,78.4,41.89,1,Schweinfurt 2-1 Hoffenheim II,2025-11-08
Schweinfurt,0.81,2.88,-2.07,0.79,2.88,-2.09,0.02,0.00,0.02,0.81,2.88,-2.07,2,1,1,3.07,45.10,48.55,43.30,0.27,0.9,154,4,8,15,29.63,16.67,9.57,3,2,10,1,24,57.3,36.27,75.47,75.72,108.77,58.11,1,Schweinfurt 2-1 Hoffenheim II,2025-11-08
Erzgebirge Aue,1.56,4.31,-2.75,1.31,4.05,-2.74,0.25,0.26,-0.01,1.56,4.31,-2.75,1,1,0,2.75,27.10,16.92,37.67,0.29,1.6,82,6,8,28,27.59,17.5,26.21,1,13,12,5,11,17.8,4.82,138.67,91.39,19.53,5.42,3,Verl 1-1 Erzgebirge Aue,2025-11-08
Verl,4.31,1.56,2.75,4.05,1.31,2.74,0.26,0.25,0.01,4.31,1.56,2.75,1,1,0,-2.75,72.90,83.08,54.26,1.6,0.29,447,32,28,8,17.5,27.59,6.14,13,1,22,12,8,351.8,95.18,13.07,8.61,340.53,94.58,4,Verl 1-1 Erzgebirge Aue,2025-11-08
Osnabrück,1.76,0.76,1.00,1.60,0.74,0.86,0.15,0.02,0.13,1.76,0.76,1.00,1,0,1,0.00,40.40,42.12,44.29,0.81,0.6,137,7,8,9,9.88,15.0,14.30,4,5,11,3,15,37.6,27.41,122.13,85.85,101.4,67.42,1,Energie Cottbus 0-1 Osnabrück,2025-11-08
Energie Cottbus,0.76,1.76,-1.00,0.74,1.60,-0.86,0.02,0.15,-0.13,0.76,1.76,-1.00,0,1,-1,0.00,59.60,57.88,44.10,0.6,0.81,230,15,9,8,15.0,9.88,8.68,5,4,16,5,15,99.6,72.59,20.13,14.15,49.0,32.58,1,Energie Cottbus 0-1 Osnabrück,2025-11-08
Hansa Rostock,6.04,1.21,4.83,5.07,1.21,3.86,0.21,0.00,0.21,5.28,1.21,4.07,5,0,5,0.17,61.00,58.02,43.76,1.94,0.2,228,19,24,7,12.37,35.0,7.97,6,4,24,9,10,181.1,78.47,17.13,19.01,207.4,86.5,7,Ulm 0-5 Hansa Rostock,2025-11-08
Ulm,1.21,6.04,-4.83,1.21,5.07,-3.86,0.00,0.21,-0.21,1.21,5.28,-4.07,0,5,-5,-0.17,39.00,41.98,42.30,0.2,1.94,144,4,7,24,35.0,12.37,14.97,4,6,11,6,17,49.7,21.53,73.0,80.99,32.37,13.5,1,Ulm 0-5 Hansa Rostock,2025-11-08
Rot-Weiss Essen,1.71,2.61,-0.90,1.71,1.85,-0.14,0.00,0.00,0.00,1.71,1.85,-0.14,2,1,1,1.90,46.70,52.21,48.45,1.15,1.16,194,18,19,16,16.52,13.79,13.28,4,5,22,5,12,72.1,54.95,70.93,73.69,105.5,77.92,6,Ingolstadt 1-2 Rot-Weiss Essen,2025-11-08
Ingolstadt,2.61,1.71,0.90,1.85,1.71,0.14,0.00,0.00,0.00,1.85,1.71,0.14,1,2,-1,-1.90,53.30,47.79,43.91,1.16,1.15,174,19,16,19,13.79,16.52,9.67,5,4,19,1,15,59.1,45.05,25.33,26.31,29.9,22.08,4,Ingolstadt 1-2 Rot-Weiss Essen,2025-11-08
Waldhof Mannheim,1.53,2.95,-1.42,1.49,2.53,-1.04,0.04,0.41,-0.37,1.53,2.95,-1.42,1,2,-1,0.42,58.30,50.97,44.51,0.61,0.34,165,14,13,15,21.31,44.12,7.38,1,4,29,7,9,60.0,43.7,5.53,9.3,36.4,21.35,3,MSV Duisburg 2-1 Waldhof Mannheim,2025-11-07
MSV Duisburg,2.95,1.53,1.42,2.53,1.49,1.04,0.41,0.04,0.37,2.95,1.53,1.42,2,1,1,-0.42,41.70,49.03,49.24,0.34,0.61,151,7,15,13,44.12,21.31,11.28,4,1,29,10,16,77.3,56.3,53.93,90.7,134.1,78.65,2,MSV Duisburg 2-1 Waldhof Mannheim,2025-11-07
Saarbrücken,1.53,1.71,-0.18,0.75,1.71,-0.96,0.77,0.00,0.77,1.53,1.71,-0.18,0,2,-2,-1.82,66.80,66.56,43.46,1.12,0.55,237,22,18,10,16.07,18.18,8.66,3,7,33,10,13,173.3,84.83,22.53,11.28,61.0,32.21,0,Alemannia Aachen 2-0 Saarbrücken,2025-11-02
Alemannia Aachen,1.71,1.53,0.18,1.71,0.75,0.96,0.00,0.77,-0.77,1.71,1.53,0.18,2,0,2,1.82,33.20,33.44,44.98,0.55,1.12,130,4,10,18,18.18,16.07,13.95,7,3,2,0,11,31.0,15.17,177.2,88.72,128.4,67.79,2,Alemannia Aachen 2-0 Saarbrücken,2025-11-02
Schweinfurt,2.03,2.19,-0.16,1.24,2.00,-0.76,0.03,0.19,-0.16,1.27,2.19,-0.92,1,2,-1,-0.84,44.80,42.26,46.11,0.41,0.65,161,10,17,24,41.46,36.92,10.15,3,7,16,4,16,58.5,30.33,46.07,50.96,52.37,27.51,3,Rot-Weiss Essen 2-1 Schweinfurt,2025-11-02
Rot-Weiss Essen,2.19,2.03,0.16,2.00,1.24,0.76,0.19,0.03,0.16,2.19,1.27,0.92,2,1,1,0.84,55.20,57.74,52.08,0.65,0.41,262,18,24,17,36.92,41.46,8.76,7,3,33,12,11,134.4,69.67,44.33,49.04,138.03,72.49,6,Rot-Weiss Essen 2-1 Schweinfurt,2025-11-02
Waldhof Mannheim,4.81,4.16,0.65,4.02,2.97,1.05,0.79,1.19,-0.40,4.81,4.16,0.65,0,2,-2,-2.65,56.50,54.71,42.77,1.95,1.36,157,22,23,19,11.79,13.97,8.46,3,4,26,4,21,121.4,58.06,34.8,35.9,109.53,50.61,2,Hoffenheim II 2-0 Waldhof Mannheim,2025-11-02
Hoffenheim II,4.16,4.81,-0.65,2.97,4.02,-1.05,1.19,0.79,0.40,4.16,4.81,-0.65,2,0,2,2.65,43.50,45.29,42.84,1.36,1.95,141,15,19,23,13.97,11.79,10.32,4,3,18,5,17,87.7,41.94,62.13,64.1,106.87,49.39,0,Hoffenheim II 2-0 Waldhof Mannheim,2025-11-02
Verl,2.25,3.66,-1.41,2.23,1.96,0.27,0.02,1.71,-1.69,2.25,3.66,-1.41,2,2,0,1.41,60.00,46.72,40.99,0.56,0.76,183,11,12,21,21.43,27.63,9.06,5,4,10,5,10,68.6,41.96,24.8,19.59,41.7,23.01,2,Hansa Rostock 2-2 Verl,2025-11-01
Hansa Rostock,3.66,2.25,1.41,1.96,2.23,-0.27,1.71,0.02,1.69,3.66,2.25,1.41,2,2,0,-1.41,40.00,53.28,45.47,0.76,0.56,162,19,21,12,27.63,21.43,12.89,4,5,17,8,19,94.9,58.04,101.8,80.41,139.5,76.99,4,Hansa Rostock 2-2 Verl,2025-11-01
Energie Cottbus,1.00,1.27,-0.27,0.38,0.38,0.00,0.62,0.13,0.49,1.00,0.51,0.49,0,3,-3,-2.73,48.70,55.97,48.59,0.62,0.25,211,14,15,10,24.19,40.0,12.24,5,6,24,14,13,120.9,61.25,50.73,60.44,113.83,54.05,1,1860 München 3-0 Energie Cottbus,2025-11-01
1860 München,1.27,1.00,0.27,0.38,0.38,0.00,0.13,0.62,-0.49,0.51,1.00,-0.49,3,0,3,2.73,51.30,44.03,41.65,0.25,0.62,152,6,10,15,40.0,24.19,11.73,6,5,14,6,10,76.5,38.75,33.2,39.56,96.77,45.95,3,1860 München 3-0 Energie Cottbus,2025-11-01
Wehen Wiesbaden,1.63,2.46,-0.83,1.63,1.93,-0.30,0.00,0.53,-0.53,1.63,2.46,-0.83,2,0,2,2.83,49.10,51.06,43.40,0.44,0.82,139,5,9,17,20.45,20.73,9.86,9,6,14,2,12,69.4,46.39,62.87,60.84,99.73,57.93,1,Havelse 0-2 Wehen Wiesbaden,2025-11-01
Havelse,2.46,1.63,0.83,1.93,1.63,0.30,0.53,0.00,0.53,2.46,1.63,0.83,0,2,-2,-2.83,50.90,48.94,40.51,0.82,0.44,143,10,17,9,20.73,20.45,8.12,6,9,17,8,21,80.2,53.61,40.47,39.16,72.43,42.07,1,Havelse 0-2 Wehen Wiesbaden,2025-11-01
MSV Duisburg,0.33,2.26,-1.93,0.33,2.03,-1.70,0.00,0.24,-0.24,0.33,2.26,-1.93,0,0,0,1.93,50.40,43.94,42.11,0.26,0.64,166,7,6,15,23.08,23.44,9.95,12,4,8,0,14,33.6,19.79,41.13,42.14,32.6,17.8,1,Osnabrück 0-0 MSV Duisburg,2025-11-01
Osnabrück,2.26,0.33,1.93,2.03,0.33,1.70,0.24,0.00,0.24,2.26,0.33,1.93,0,0,0,-1.93,49.60,56.06,46.44,0.64,0.26,209,16,15,6,23.44,23.08,13.83,4,12,23,6,7,136.2,80.21,56.47,57.86,150.53,82.2,3,Osnabrück 0-0 MSV Duisburg,2025-11-01
Jahn Regensburg,2.24,2.65,-0.41,1.73,1.06,0.67,0.51,1.59,-1.08,2.24,2.65,-0.41,3,4,-1,-0.59,47.20,45.65,44.34,0.92,0.81,133,16,21,18,22.83,22.22,7.00,3,3,18,7,16,74.8,51.84,46.07,66.89,88.87,60.39,3,Erzgebirge Aue 4-3 Jahn Regensburg,2025-11-01
Erzgebirge Aue,2.65,2.24,0.41,1.06,1.73,-0.67,1.59,0.51,1.08,2.65,2.24,0.41,4,3,1,0.59,52.80,54.35,44.86,0.81,0.92,155,14,18,21,22.22,22.83,9.10,3,3,25,10,14,69.5,48.16,22.8,33.11,58.3,39.61,4,Erzgebirge Aue 4-3 Jahn Regensburg,2025-11-01
Stuttgart II,4.01,1.75,2.26,3.96,1.06,2.90,0.05,0.69,-0.64,4.01,1.75,2.26,3,1,2,-0.26,58.30,64.57,48.27,0.81,0.66,210,13,19,7,23.46,10.61,6.71,6,8,23,9,11,140.8,75.74,24.8,23.94,114.37,71.82,2,Ulm 1-3 Stuttgart II,2025-11-01
Ulm,1.75,4.01,-2.26,1.06,3.96,-2.90,0.69,0.05,0.64,1.75,4.01,-2.26,1,3,-2,0.26,41.70,35.43,44.19,0.66,0.81,125,10,7,19,10.61,23.46,9.45,8,6,12,5,21,45.1,24.26,78.8,76.06,44.87,28.18,0,Ulm 1-3 Stuttgart II,2025-11-01
Ingolstadt,1.61,3.33,-1.72,1.46,3.29,-1.83,0.15,0.05,0.10,1.61,3.33,-1.72,1,3,-2,-0.28,42.90,42.63,41.11,0.72,1.13,144,9,8,20,11.11,17.7,13.77,7,5,17,3,15,26.8,18.11,63.33,69.24,43.13,31.83,1,Viktoria Köln 3-1 Ingolstadt,2025-10-31
Viktoria Köln,3.33,1.61,1.72,3.29,1.46,1.83,0.05,0.15,-0.10,3.33,1.61,1.72,3,1,2,0.28,57.10,57.37,43.58,1.13,0.72,196,18,20,8,17.7,11.11,12.22,5,7,21,9,10,121.2,81.89,28.13,30.76,92.37,68.17,8,Viktoria Köln 3-1 Ingolstadt,2025-10-31
Rot-Weiss Essen,1.20,2.89,-1.69,1.20,1.95,-0.75,0.00,0.94,-0.94,1.20,2.89,-1.69,1,1,0,1.69,61.70,49.26,45.04,0.29,2.07,202,3,13,20,44.83,9.66,7.61,5,6,14,2,8,80.3,38.75,11.8,10.23,32.73,16.06,1,MSV Duisburg 1-1 Rot-Weiss Essen,2025-10-26
MSV Duisburg,2.89,1.20,1.69,1.95,1.20,0.75,0.94,0.00,0.94,2.89,1.20,1.69,1,1,0,-1.69,38.30,50.74,47.70,2.07,0.29,157,19,20,13,9.66,44.83,12.83,6,5,32,10,13,126.9,61.25,103.6,89.77,171.13,83.94,3,MSV Duisburg 1-1 Rot-Weiss Essen,2025-10-26
Hansa Rostock,2.75,2.86,-0.11,1.88,1.03,0.85,0.11,0.31,-0.20,1.99,1.34,0.65,4,2,2,2.11,44.90,51.3,44.09,0.91,1.0,179,13,18,9,19.78,9.0,12.05,3,4,15,6,13,115.4,62.24,79.87,62.92,156.97,83.61,1,Viktoria Köln 2-4 Hansa Rostock,2025-10-26
Viktoria Köln,2.86,2.75,0.11,1.03,1.88,-0.85,0.31,0.11,0.20,1.34,1.99,-0.65,2,4,-2,-2.11,55.10,48.7,41.68,1.0,0.91,187,15,9,18,9.0,19.78,11.63,4,3,18,4,14,70.0,37.76,47.07,37.08,30.77,16.39,6,Viktoria Köln 2-4 Hansa Rostock,2025-10-26
Erzgebirge Aue,1.62,1.63,-0.01,1.17,1.40,-0.23,0.44,0.24,0.20,1.62,1.63,-0.01,1,1,0,0.01,49.30,46.52,44.40,0.84,1.17,193,10,16,13,19.05,11.11,15.83,3,7,19,8,15,86.2,48.08,49.4,49.07,61.43,27.85,1,Hoffenheim II 1-1 Erzgebirge Aue,2025-10-26
Hoffenheim II,1.63,1.62,0.01,1.40,1.17,0.23,0.24,0.44,-0.20,1.63,1.62,0.01,1,1,0,-0.01,50.70,53.48,48.89,1.17,0.84,254,12,13,16,11.11,19.05,9.24,7,3,12,4,11,93.1,51.92,51.27,50.93,159.13,72.15,2,Hoffenheim II 1-1 Erzgebirge Aue,2025-10-26
Osnabrück,3.11,1.30,1.81,2.43,1.26,1.17,0.68,0.04,0.64,3.11,1.30,1.81,2,1,1,-0.81,50.20,58.02,51.08,1.12,0.77,239,18,21,14,18.75,18.18,13.61,5,5,32,10,10,141.8,73.43,59.4,61.28,167.53,88.17,2,Schweinfurt 1-2 Osnabrück,2025-10-25
Schweinfurt,1.30,3.11,-1.81,1.26,2.43,-1.17,0.04,0.68,-0.64,1.30,3.11,-1.81,1,2,-1,0.81,49.80,41.98,44.73,0.77,1.12,172,10,14,21,18.18,18.75,12.44,5,5,18,2,9,51.3,26.57,37.53,38.72,22.47,11.83,3,Schweinfurt 1-2 Osnabrück,2025-10-25
Ulm,0.54,2.19,-1.65,0.25,1.99,-1.74,0.29,0.20,0.09,0.54,2.19,-1.65,0,5,-5,-3.35,35.60,41.5,41.32,0.58,0.61,141,4,5,18,8.62,29.51,18.66,9,6,15,7,11,37.9,20.65,139.07,81.23,53.72,16.25,0,Verl 5-0 Ulm,2025-10-25
Verl,2.19,0.54,1.65,1.99,0.25,1.74,0.20,0.29,-0.09,2.19,0.54,1.65,5,0,5,3.35,64.40,58.5,42.71,0.61,0.58,253,16,18,5,29.51,8.62,12.00,6,9,6,4,12,145.6,79.35,32.13,18.77,276.87,83.75,3,Verl 5-0 Ulm,2025-10-25
Stuttgart II,2.72,1.53,1.19,1.37,1.13,0.24,0.60,0.40,0.20,1.96,1.53,0.43,2,3,-1,-2.19,55.30,57.18,46.50,0.82,1.14,219,15,18,12,21.95,10.53,10.14,4,6,15,4,11,117.2,64.36,35.2,31.37,114.63,55.41,3,Jahn Regensburg 3-2 Stuttgart II,2025-10-25
Jahn Regensburg,1.53,2.72,-1.19,1.13,1.37,-0.24,0.40,0.60,-0.20,1.53,1.96,-0.43,3,2,1,2.19,44.70,42.82,45.63,1.14,0.82,159,14,12,18,10.53,21.95,10.64,6,4,30,8,12,64.9,35.64,77.0,68.63,92.23,44.59,0,Jahn Regensburg 3-2 Stuttgart II,2025-10-25
Havelse,2.51,4.11,-1.60,2.51,4.01,-1.50,0.00,0.10,-0.10,2.51,4.11,-1.60,3,4,-1,0.60,42.00,38.35,42.12,0.68,1.26,116,7,11,15,16.18,11.9,11.58,2,7,14,2,15,27.6,15.85,46.07,57.49,32.2,14.38,3,Energie Cottbus 4-3 Havelse,2025-10-25
Energie Cottbus,4.11,2.51,1.60,4.01,2.51,1.50,0.10,0.00,0.10,4.11,2.51,1.60,4,3,1,-0.60,58.00,61.65,46.44,1.26,0.68,217,13,15,11,11.9,16.18,8.05,7,2,21,4,19,146.5,84.15,34.07,42.51,191.7,85.62,0,Energie Cottbus 4-3 Havelse,2025-10-25
Saarbrücken,0.53,1.51,-0.98,0.48,1.39,-0.91,0.05,0.12,-0.07,0.53,1.51,-0.98,1,2,-1,-0.02,47.00,45.75,43.07,0.68,1.3,170,7,5,19,7.35,14.62,18.95,2,5,14,2,7,40.7,26.28,36.87,42.38,32.43,19.2,1,Ingolstadt 2-1 Saarbrücken,2025-10-25
Ingolstadt,1.51,0.53,0.98,1.39,0.48,0.91,0.12,0.05,0.07,1.51,0.53,0.98,2,1,1,0.02,53.00,54.25,45.62,1.3,0.68,206,19,19,5,14.62,7.35,10.62,5,2,36,7,10,114.2,73.72,50.13,57.62,136.5,80.8,4,Ingolstadt 2-1 Saarbrücken,2025-10-25
1860 München,0.85,2.01,-1.16,0.76,2.01,-1.25,0.10,0.00,0.10,0.85,2.01,-1.16,1,3,-2,-0.84,46.60,39.67,41.32,0.44,0.43,147,9,14,19,31.82,44.19,12.53,4,4,12,1,16,74.6,36.11,61.6,62.94,65.83,33.25,4,Waldhof Mannheim 3-1 1860 München,2025-10-25
Waldhof Mannheim,2.01,0.85,1.16,2.01,0.76,1.25,0.00,0.10,-0.10,2.01,0.85,1.16,3,1,2,0.84,53.40,60.33,48.95,0.43,0.44,245,15,19,14,44.19,31.82,10.36,4,4,21,7,13,132.0,63.89,36.27,37.06,132.17,66.75,3,Waldhof Mannheim 3-1 1860 München,2025-10-25
Alemannia Aachen,2.03,2.87,-0.84,1.11,1.65,-0.54,0.15,0.46,-0.31,1.27,2.11,-0.84,2,1,1,1.84,35.90,37.04,44.33,0.51,1.45,126,9,13,16,25.49,11.03,14.90,7,8,6,4,13,73.6,39.85,102.27,94.11,145.57,79.47,2,Wehen Wiesbaden 1-2 Alemannia Aachen,2025-10-24
Wehen Wiesbaden,2.87,2.03,0.84,1.65,1.11,0.54,0.46,0.15,0.31,2.11,1.27,0.84,1,2,-1,-1.84,64.10,62.96,45.08,1.45,0.51,233,21,16,13,11.03,25.49,7.46,8,7,33,7,14,111.1,60.15,6.4,5.89,37.6,20.53,3,Wehen Wiesbaden 1-2 Alemannia Aachen,2025-10-24
Jahn Regensburg,2.82,0.78,2.04,2.82,0.71,2.11,0.00,0.07,-0.07,2.82,0.78,2.04,2,1,1,-1.04,54.10,53.01,43.24,1.15,0.65,176,10,13,11,11.3,16.92,8.26,3,5,13,1,15,100.2,58.32,23.53,30.56,89.6,54.33,1,Havelse 1-2 Jahn Regensburg,2025-10-19
Havelse,0.78,2.82,-2.04,0.71,2.82,-2.11,0.07,0.00,0.07,0.78,2.82,-2.04,1,2,-1,1.04,45.90,46.99,46.28,0.65,1.15,182,9,11,13,16.92,11.3,10.15,5,3,19,4,16,71.6,41.68,53.47,69.44,75.33,45.67,5,Havelse 1-2 Jahn Regensburg,2025-10-19
MSV Duisburg,0.99,2.10,-1.11,0.69,1.84,-1.15,0.30,0.27,0.03,0.99,2.10,-1.11,1,3,-2,-0.89,61.30,71.59,47.71,0.62,0.34,235,10,15,11,24.19,32.35,9.12,3,1,24,8,18,146.4,76.69,38.67,33.18,101.07,69.83,4,1860 München 3-1 MSV Duisburg,2025-10-19
1860 München,2.10,0.99,1.11,1.84,0.69,1.15,0.27,0.30,-0.03,2.10,0.99,1.11,3,1,2,0.89,38.70,28.41,37.46,0.34,0.62,89,11,11,15,32.35,24.19,12.91,1,3,12,3,14,44.5,23.31,77.87,66.82,43.67,30.17,4,1860 München 3-1 MSV Duisburg,2025-10-19
Energie Cottbus,2.67,0.58,2.09,1.58,0.58,1.00,0.33,0.00,0.33,1.91,0.58,1.33,2,1,1,-1.09,49.40,50.88,48.79,0.98,0.51,206,11,13,8,13.27,15.69,10.50,2,4,18,5,18,109.3,55.94,65.4,64.67,126.53,66.39,1,Ulm 1-2 Energie Cottbus,2025-10-19
Ulm,0.58,2.67,-2.09,0.58,1.58,-1.00,0.00,0.33,-0.33,0.58,1.91,-1.33,1,2,-1,1.09,50.60,49.12,45.07,0.51,0.98,181,10,8,13,15.69,13.27,10.24,4,2,18,4,20,86.1,44.06,35.73,35.33,64.07,33.61,0,Ulm 1-2 Energie Cottbus,2025-10-19
Viktoria Köln,1.11,1.84,-0.73,1.10,1.68,-0.58,0.01,0.16,-0.15,1.11,1.84,-0.73,0,1,-1,-0.27,46.40,54.06,47.87,1.02,0.28,214,12,12,14,11.76,50.0,12.65,10,4,20,3,13,104.6,52.56,66.47,74.13,115.53,59.52,3,Rot-Weiss Essen 1-0 Viktoria Köln,2025-10-18
Rot-Weiss Essen,1.84,1.11,0.73,1.68,1.10,0.58,0.16,0.01,0.15,1.84,1.11,0.73,1,0,1,0.27,53.60,45.94,44.13,0.28,1.02,211,5,14,12,50.0,11.76,13.31,4,10,19,4,6,94.4,47.44,23.2,25.87,78.57,40.48,5,Rot-Weiss Essen 1-0 Viktoria Köln,2025-10-18
Wehen Wiesbaden,1.30,2.77,-1.47,0.49,1.79,-1.30,0.05,0.22,-0.17,0.54,2.01,-1.47,0,3,-3,-1.53,45.30,38.97,44.20,0.47,0.81,173,9,7,23,14.89,28.4,13.54,1,4,18,4,11,55.3,22.26,48.53,55.24,42.87,16.22,2,Hansa Rostock 3-0 Wehen Wiesbaden,2025-10-18
Hansa Rostock,2.77,1.30,1.47,1.79,0.49,1.30,0.22,0.05,0.17,2.01,0.54,1.47,3,0,3,1.53,54.70,61.03,49.84,0.81,0.47,262,18,23,7,28.4,14.89,8.59,4,1,29,9,17,193.1,77.74,39.33,44.76,221.43,83.78,2,Hansa Rostock 3-0 Wehen Wiesbaden,2025-10-18
Hoffenheim II,2.50,1.15,1.35,2.50,1.08,1.42,0.00,0.07,-0.07,2.50,1.15,1.35,4,0,4,2.65,46.60,44.01,40.31,0.32,0.64,136,6,14,11,43.75,17.19,9.35,6,3,7,3,10,63.7,45.02,32.33,37.59,62.87,57.12,2,Osnabrück 0-4 Hoffenheim II,2025-10-18
Osnabrück,1.15,2.50,-1.35,1.08,2.50,-1.42,0.07,0.00,0.07,1.15,2.50,-1.35,0,4,-4,-2.65,53.40,55.99,45.23,0.64,0.32,195,19,11,14,17.19,43.75,8.13,3,6,25,6,24,77.8,54.98,53.67,62.41,47.2,42.88,2,Osnabrück 0-4 Hoffenheim II,2025-10-18
Schweinfurt,1.45,2.94,-1.49,1.29,1.09,0.20,0.17,0.33,-0.16,1.45,1.42,0.03,0,3,-3,-1.51,47.80,50.78,43.84,0.95,0.5,151,13,11,14,11.58,28.0,11.86,7,5,29,5,18,70.2,46.68,64.33,63.11,47.2,26.62,1,Stuttgart II 3-0 Schweinfurt,2025-10-18
Stuttgart II,2.94,1.45,1.49,1.09,1.29,-0.20,0.33,0.17,0.16,1.42,1.45,-0.03,3,0,3,1.51,52.20,49.22,42.35,0.5,0.95,181,6,14,11,28.0,11.58,9.45,5,7,10,3,14,80.2,53.32,37.6,36.89,130.1,73.38,1,Stuttgart II 3-0 Schweinfurt,2025-10-18
Verl,2.88,1.71,1.17,2.68,1.10,1.58,0.20,0.61,-0.41,2.88,1.71,1.17,4,2,2,0.83,59.70,57.1,45.77,0.77,0.64,280,12,19,17,24.68,26.56,10.31,6,5,10,7,8,159.8,64.28,32.93,21.05,126.03,56.98,2,Saarbrücken 2-4 Verl,2025-10-18
Saarbrücken,1.71,2.88,-1.17,1.10,2.68,-1.58,0.61,0.20,0.41,1.71,2.88,-1.17,2,4,-2,-0.83,40.30,42.9,47.40,0.64,0.77,197,12,17,19,26.56,24.68,16.67,5,6,27,9,14,88.8,35.72,123.47,78.95,95.17,43.02,0,Saarbrücken 2-4 Verl,2025-10-18
Ingolstadt,2.63,1.91,0.72,2.42,1.84,0.58,0.21,0.07,0.14,2.63,1.91,0.72,1,0,1,0.28,55.00,38.83,40.84,0.74,0.88,153,12,18,20,24.32,22.73,8.55,4,8,22,8,12,83.4,43.8,30.53,31.01,74.0,35.73,1,Alemannia Aachen 0-1 Ingolstadt,2025-10-18
Alemannia Aachen,1.91,2.63,-0.72,1.84,2.42,-0.58,0.07,0.21,-0.14,1.91,2.63,-0.72,0,1,-1,-0.28,45.00,61.17,49.17,0.88,0.74,196,17,20,18,22.73,24.32,10.62,8,4,21,7,15,107.0,56.2,67.93,68.99,133.1,64.27,2,Alemannia Aachen 0-1 Ingolstadt,2025-10-18
Waldhof Mannheim,2.69,1.75,0.94,2.60,1.59,1.01,0.09,0.16,-0.07,2.69,1.75,0.94,2,0,2,1.06,43.40,42.29,40.91,0.54,0.85,143,9,13,16,24.07,18.82,19.04,2,4,12,4,7,77.3,39.62,71.53,60.38,93.5,60.05,0,Erzgebirge Aue 0-2 Waldhof Mannheim,2025-10-17
Erzgebirge Aue,1.75,2.69,-0.94,1.59,2.60,-1.01,0.16,0.09,0.07,1.75,2.69,-0.94,0,2,-2,-1.06,56.60,57.71,44.17,0.85,0.54,214,12,16,13,18.82,24.07,14.88,4,2,20,6,8,117.8,60.38,46.93,39.62,62.2,39.95,4,Erzgebirge Aue 0-2 Waldhof Mannheim,2025-10-17
Stuttgart II,2.74,2.56,0.18,1.60,1.76,-0.16,0.38,0.03,0.35,1.98,1.80,0.18,3,1,2,1.82,46.70,47.45,43.65,0.77,0.64,158,16,14,20,18.18,31.25,17.50,3,3,11,5,16,91.3,47.9,63.93,51.53,120.3,62.07,2,Hoffenheim II 1-3 Stuttgart II,2025-10-05
Hoffenheim II,2.56,2.74,-0.18,1.76,1.60,0.16,0.03,0.38,-0.35,1.80,1.98,-0.18,1,3,-2,-1.82,53.30,52.55,43.65,0.64,0.77,177,13,20,14,31.25,18.18,15.70,3,3,19,5,11,99.3,52.1,60.13,48.47,73.5,37.93,1,Hoffenheim II 1-3 Stuttgart II,2025-10-05
1860 München,0.79,2.56,-1.77,0.30,2.19,-1.89,0.49,0.37,0.12,0.79,2.56,-1.77,0,1,-1,0.77,56.60,47.47,41.98,0.47,0.6,205,11,13,23,27.66,38.33,10.83,5,4,19,7,9,72.8,32.81,23.73,17.92,37.73,15.89,3,Wehen Wiesbaden 1-0 1860 München,2025-10-05
Wehen Wiesbaden,2.56,0.79,1.77,2.19,0.30,1.89,0.37,0.49,-0.12,2.56,0.79,1.77,1,0,1,-0.77,43.40,52.53,46.68,0.6,0.47,196,16,23,13,38.33,27.66,23.00,4,5,26,8,12,149.1,67.19,108.67,82.08,199.77,84.11,3,Wehen Wiesbaden 1-0 1860 München,2025-10-05
Rot-Weiss Essen,0.96,0.44,0.52,0.83,0.38,0.45,0.13,0.06,0.07,0.96,0.44,0.52,2,2,0,-0.52,55.40,56.25,50.23,0.88,0.42,258,12,20,10,22.73,23.81,11.96,7,4,32,10,10,134.4,64.71,28.93,29.68,96.97,52.15,5,Erzgebirge Aue 2-2 Rot-Weiss Essen,2025-10-05
Erzgebirge Aue,0.44,0.96,-0.52,0.38,0.83,-0.45,0.06,0.13,-0.07,0.44,0.96,-0.52,2,2,0,0.52,44.60,43.75,48.21,0.42,0.88,174,9,10,20,23.81,22.73,14.20,4,7,11,3,8,73.3,35.29,68.53,70.32,88.97,47.85,4,Erzgebirge Aue 2-2 Rot-Weiss Essen,2025-10-05
Alemannia Aachen,2.95,2.23,0.72,2.19,1.30,0.89,0.00,0.17,-0.17,2.19,1.47,0.72,2,3,-1,-1.72,42.90,48.33,45.75,0.59,0.94,151,12,14,11,23.73,11.7,10.15,4,2,20,6,15,92.2,57.37,67.67,73.82,117.7,78.24,2,Energie Cottbus 3-2 Alemannia Aachen,2025-10-04
Energie Cottbus,2.23,2.95,-0.72,1.30,2.19,-0.89,0.17,0.00,0.17,1.47,2.19,-0.72,3,2,1,1.72,57.10,51.67,41.89,0.94,0.59,173,11,11,14,11.7,23.73,9.42,2,4,17,5,15,68.5,42.63,24.0,26.18,32.73,21.76,0,Energie Cottbus 3-2 Alemannia Aachen,2025-10-04
Verl,1.74,1.78,-0.04,1.46,1.74,-0.28,0.27,0.04,0.23,1.74,1.78,-0.04,2,1,1,1.04,74.40,77.93,56.12,0.93,0.07,395,17,20,12,21.51,171.43,5.09,6,2,32,10,13,293.6,96.26,13.33,8.54,179.83,85.88,1,Schweinfurt 1-2 Verl,2025-10-04
Schweinfurt,1.78,1.74,0.04,1.74,1.46,0.28,0.04,0.27,-0.23,1.78,1.74,0.04,1,2,-1,-1.04,25.60,22.07,44.09,0.07,0.93,84,6,12,20,171.43,21.51,20.89,2,6,10,3,16,11.4,3.74,142.67,91.46,29.57,14.12,1,Schweinfurt 1-2 Verl,2025-10-04
Saarbrücken,0.87,0.90,-0.03,0.47,0.88,-0.41,0.40,0.02,0.38,0.87,0.90,-0.03,1,1,0,0.03,40.90,47.39,52.68,0.58,0.67,178,11,10,6,17.24,8.96,9.78,5,2,18,6,12,93.1,51.92,101.93,92.45,165.0,83.46,0,Jahn Regensburg 1-1 Saarbrücken,2025-10-04
Jahn Regensburg,0.90,0.87,0.03,0.88,0.47,0.41,0.02,0.40,-0.38,0.90,0.87,0.03,1,1,0,-0.03,59.10,52.61,43.94,0.67,0.58,178,14,6,10,8.96,17.24,8.92,2,5,18,3,14,86.2,48.08,8.33,7.55,32.7,16.54,4,Jahn Regensburg 1-1 Saarbrücken,2025-10-04
Havelse,2.09,5.78,-3.69,1.10,5.52,-4.42,0.24,0.26,-0.02,1.33,5.78,-4.45,1,4,-3,0.69,42.70,39.6,40.94,0.6,2.13,156,8,14,26,23.33,12.21,15.48,4,5,18,5,13,53.0,21.4,94.33,76.86,44.46,14.17,0,Viktoria Köln 4-1 Havelse,2025-10-04
Viktoria Köln,5.78,2.09,3.69,5.52,1.10,4.42,0.26,0.24,0.02,5.78,1.33,4.45,4,1,3,-0.69,57.30,60.4,45.09,2.13,0.6,244,21,26,14,12.21,23.33,8.81,5,4,17,4,15,194.7,78.6,28.4,23.14,269.4,85.83,3,Viktoria Köln 4-1 Havelse,2025-10-04
Ulm,1.57,4.40,-2.83,0.69,4.06,-3.37,0.12,0.34,-0.22,0.81,4.40,-3.59,1,4,-3,-0.17,48.40,49.85,47.31,0.6,1.04,196,10,15,20,25.0,19.23,12.83,3,3,16,5,10,104.4,51.18,59.73,61.41,91.67,50.0,2,Ingolstadt 4-1 Ulm,2025-10-04
Ingolstadt,4.40,1.57,2.83,4.06,0.69,3.37,0.34,0.12,0.22,4.40,0.81,3.59,4,1,3,0.17,51.60,50.15,45.21,1.04,0.6,186,20,20,15,19.23,25.0,12.30,3,3,21,4,11,99.6,48.82,37.53,38.59,91.66,50.0,6,Ingolstadt 4-1 Ulm,2025-10-04
Osnabrück,3.42,1.52,1.90,3.37,1.47,1.90,0.05,0.05,0.00,3.42,1.52,1.90,4,1,3,1.10,41.30,43.96,46.67,1.14,0.66,164,18,13,16,11.4,24.24,13.31,5,5,17,3,15,78.6,40.29,90.07,83.14,131.07,69.37,3,Waldhof Mannheim 1-4 Osnabrück,2025-10-04
Waldhof Mannheim,1.52,3.42,-1.90,1.47,3.37,-1.90,0.05,0.05,0.00,1.52,3.42,-1.90,1,4,-3,-1.10,58.70,56.04,45.67,0.66,1.14,225,17,16,13,24.24,11.4,9.27,5,5,26,9,13,116.5,59.71,18.27,16.86,57.87,30.63,0,Waldhof Mannheim 1-4 Osnabrück,2025-10-04
Hansa Rostock,0.71,2.01,-1.30,0.52,1.97,-1.45,0.19,0.04,0.15,0.71,2.01,-1.30,2,2,0,1.30,52.00,44.91,43.25,0.6,0.91,168,11,12,12,20.0,13.19,11.16,3,11,10,3,13,81.8,47.64,33.13,34.06,74.63,38.4,3,MSV Duisburg 2-2 Hansa Rostock,2025-10-03
MSV Duisburg,2.01,0.71,1.30,1.97,0.52,1.45,0.04,0.19,-0.15,2.01,0.71,1.30,2,2,0,-1.30,48.00,55.09,46.14,0.91,0.6,185,11,12,12,13.19,20.0,9.76,11,3,29,6,12,89.9,52.36,64.13,65.94,119.73,61.6,5,MSV Duisburg 2-2 Hansa Rostock,2025-10-03
Ingolstadt,2.18,1.70,0.48,1.59,1.42,0.17,0.59,0.29,0.30,2.18,1.70,0.48,2,2,0,-0.48,38.00,44.12,41.77,0.99,0.99,149,17,15,17,15.15,17.17,23.38,9,6,24,6,9,64.9,28.87,137.13,92.37,85.1,47.3,9,Verl 2-2 Ingolstadt,2025-10-01
Verl,1.70,2.18,-0.48,1.42,1.59,-0.17,0.29,0.59,-0.30,1.70,2.18,-0.48,2,2,0,0.48,62.00,55.88,48.13,0.99,0.99,322,14,17,15,17.17,15.15,15.05,6,9,10,4,8,159.9,71.13,11.33,7.63,94.8,52.7,0,Verl 2-2 Ingolstadt,2025-10-01
Viktoria Köln,1.92,2.46,-0.54,0.47,2.31,-1.84,0.69,0.15,0.54,1.16,2.46,-1.30,2,2,0,0.54,28.10,11.37,35.58,0.48,1.49,70,7,6,23,12.5,15.44,23.95,4,6,10,2,12,13.8,3.31,125.73,88.75,38.53,13.27,1,1860 München 2-2 Viktoria Köln,2025-10-01
1860 München,2.46,1.92,0.54,2.31,0.47,1.84,0.15,0.69,-0.54,2.46,1.16,1.30,2,2,0,-0.54,71.90,88.63,57.64,1.49,0.48,524,27,23,6,15.44,12.5,7.00,6,4,55,9,11,402.7,96.69,15.93,11.25,251.93,86.73,2,1860 München 2-2 Viktoria Köln,2025-10-01
Hoffenheim II,2.19,2.41,-0.22,1.22,2.33,-1.11,0.96,0.08,0.88,2.19,2.41,-0.22,1,3,-2,-1.78,69.60,74.85,51.76,1.52,0.55,369,20,19,12,12.5,21.82,8.41,6,2,35,16,11,177.8,78.33,2.73,2.09,93.19,40.23,2,Rot-Weiss Essen 3-1 Hoffenheim II,2025-10-01
Rot-Weiss Essen,2.41,2.19,0.22,2.33,1.22,1.11,0.08,0.96,-0.88,2.41,2.19,0.22,3,1,2,1.78,30.40,25.15,41.89,0.55,1.52,90,8,12,19,21.82,12.5,20.25,2,6,11,2,13,49.2,21.67,127.67,97.91,138.46,59.77,1,Rot-Weiss Essen 3-1 Hoffenheim II,2025-10-01
Jahn Regensburg,1.44,2.35,-0.91,1.16,1.79,-0.63,0.28,0.56,-0.28,1.44,2.35,-0.91,0,2,-2,-1.09,57.70,58.73,44.42,1.36,1.04,232,13,14,16,10.29,15.38,7.20,8,3,20,3,18,106.3,59.69,12.53,12.46,61.77,30.09,0,Osnabrück 2-0 Jahn Regensburg,2025-10-01
Osnabrück,2.35,1.44,0.91,1.79,1.16,0.63,0.56,0.28,0.28,2.35,1.44,0.91,2,0,2,1.09,42.30,41.27,43.78,1.04,1.36,164,17,16,14,15.38,10.29,12.66,3,8,16,5,11,71.8,40.31,88.0,87.54,143.53,69.91,1,Osnabrück 2-0 Jahn Regensburg,2025-10-01
Schweinfurt,2.28,3.80,-1.52,2.28,3.00,-0.72,0.00,0.79,-0.79,2.28,3.80,-1.52,1,5,-4,-2.48,46.70,50.99,49.82,0.77,0.93,228,7,12,11,15.58,11.83,12.91,4,1,21,3,15,59.6,40.3,81.4,70.78,67.89,35.25,3,Ulm 5-1 Schweinfurt,2025-10-01
Ulm,3.80,2.28,1.52,3.00,2.28,0.72,0.79,0.00,0.79,3.80,2.28,1.52,5,1,4,2.48,53.30,49.01,47.26,0.93,0.77,258,9,11,12,11.83,15.58,11.06,1,4,21,8,19,88.3,59.7,33.6,29.22,124.7,64.75,0,Ulm 5-1 Schweinfurt,2025-10-01
Erzgebirge Aue,1.21,1.05,0.16,0.79,0.95,-0.16,0.42,0.09,0.33,1.21,1.05,0.16,1,0,1,0.84,45.90,44.76,41.18,0.37,0.69,154,10,11,14,29.73,20.29,11.83,7,6,16,7,10,69.0,39.32,54.47,48.34,85.57,48.63,1,Alemannia Aachen 0-1 Erzgebirge Aue,2025-09-30
Alemannia Aachen,1.05,1.21,-0.16,0.95,0.79,0.16,0.09,0.42,-0.33,1.05,1.21,-0.16,0,1,-1,-0.84,54.10,55.24,49.29,0.69,0.37,228,16,14,11,20.29,29.73,13.48,6,7,25,4,11,106.5,60.68,58.2,51.66,90.4,51.37,7,Alemannia Aachen 0-1 Erzgebirge Aue,2025-09-30
Waldhof Mannheim,1.67,2.34,-0.67,1.67,1.01,0.66,0.00,1.33,-1.33,1.67,2.34,-0.67,3,2,1,1.67,62.40,57.33,44.96,0.92,0.29,207,14,12,16,13.04,55.17,8.35,2,4,21,5,9,114.0,61.92,13.6,11.57,47.87,41.14,0,Havelse 2-3 Waldhof Mannheim,2025-09-30
Havelse,2.34,1.67,0.67,1.01,1.67,-0.66,1.33,0.00,1.33,2.34,1.67,0.67,2,3,-1,-1.67,37.60,42.67,43.62,0.29,0.92,132,11,16,12,55.17,13.04,14.23,4,2,17,4,20,70.1,38.08,103.93,88.43,68.5,58.86,6,Havelse 2-3 Waldhof Mannheim,2025-09-30
Energie Cottbus,1.44,2.27,-0.83,1.10,1.51,-0.41,0.35,0.76,-0.41,1.44,2.27,-0.83,3,1,2,2.83,43.80,32.68,42.26,0.5,0.82,163,13,10,18,20.0,21.95,17.17,4,11,15,4,9,50.4,22.22,66.73,72.53,64.0,33.77,1,Hansa Rostock 1-3 Energie Cottbus,2025-09-30
Hansa Rostock,2.27,1.44,0.83,1.51,1.10,0.41,0.76,0.35,0.41,2.27,1.44,0.83,1,3,-2,-2.83,56.20,67.32,50.60,0.82,0.5,293,15,18,10,21.95,20.0,9.73,11,4,24,7,10,176.4,77.78,25.27,27.47,125.53,66.23,3,Hansa Rostock 1-3 Energie Cottbus,2025-09-30
Wehen Wiesbaden,1.27,1.44,-0.17,0.59,1.15,-0.56,0.68,0.30,0.38,1.27,1.44,-0.17,0,0,0,0.17,40.70,42.9,42.94,0.36,0.59,171,15,9,10,25.0,16.95,15.51,8,1,19,5,13,67.9,34.1,95.53,79.57,87.8,52.29,3,Stuttgart II 0-0 Wehen Wiesbaden,2025-09-30
Stuttgart II,1.44,1.27,0.17,1.15,0.59,0.56,0.30,0.68,-0.38,1.44,1.27,0.17,0,0,0,-0.17,59.30,57.1,46.04,0.59,0.36,268,9,10,9,16.95,25.0,11.65,1,8,17,3,14,131.2,65.9,24.53,20.43,80.1,47.71,0,Stuttgart II 0-0 Wehen Wiesbaden,2025-09-30
MSV Duisburg,1.30,0.39,0.91,1.26,0.35,0.91,0.03,0.04,-0.01,1.30,0.39,0.91,0,0,0,-0.91,37.30,46.96,44.59,0.72,0.27,133,8,17,8,23.61,29.63,14.94,8,3,11,1,18,78.0,58.6,96.07,84.27,143.5,77.16,3,Saarbrücken 0-0 MSV Duisburg,2025-09-30
Saarbrücken,0.39,1.30,-0.91,0.35,1.26,-0.91,0.04,0.03,0.01,0.39,1.30,-0.91,0,0,0,0.91,62.70,53.04,41.75,0.27,0.72,191,3,8,17,29.63,23.61,9.46,3,8,17,4,9,55.1,41.4,17.93,15.73,42.47,22.84,1,Saarbrücken 0-0 MSV Duisburg,2025-09-30
Osnabrück,0.88,1.45,-0.57,0.80,1.23,-0.43,0.08,0.22,-0.14,0.88,1.45,-0.57,0,0,0,0.57,53.30,45.14,44.18,0.82,0.63,219,16,13,16,15.85,25.4,14.92,4,6,16,5,14,84.6,46.0,33.53,38.43,71.77,40.22,3,Viktoria Köln 0-0 Osnabrück,2025-09-28
Viktoria Köln,1.45,0.88,0.57,1.23,0.80,0.43,0.22,0.08,0.14,1.45,0.88,0.57,0,0,0,-0.57,46.70,54.86,44.64,0.63,0.82,205,16,16,13,25.4,15.85,13.64,6,4,26,7,11,99.3,54.0,53.73,61.57,106.67,59.78,1,Viktoria Köln 0-0 Osnabrück,2025-09-28
Ulm,1.30,1.96,-0.66,1.30,1.82,-0.52,0.00,0.14,-0.14,1.30,1.96,-0.66,1,1,0,0.66,43.40,35.61,38.78,0.36,0.99,120,5,8,16,22.22,16.16,17.44,0,5,14,5,12,47.6,23.99,52.67,68.58,65.8,31.52,1,Hoffenheim II 1-1 Ulm,2025-09-28
Hoffenheim II,1.96,1.30,0.66,1.82,1.30,0.52,0.14,0.00,0.14,1.96,1.30,0.66,1,1,0,-0.66,56.60,64.39,46.71,0.99,0.36,233,11,16,8,16.16,22.22,10.41,5,0,12,2,14,150.8,76.01,24.13,31.42,142.97,68.48,2,Hoffenheim II 1-1 Ulm,2025-09-28
Verl,1.63,0.69,0.94,1.29,0.47,0.82,0.34,0.23,0.11,1.63,0.69,0.94,0,2,-2,-2.94,73.00,62.95,42.71,0.8,0.87,253,20,19,7,23.75,8.05,8.08,5,5,16,7,7,132.6,79.69,3.53,1.75,37.67,21.64,5,Jahn Regensburg 2-0 Verl,2025-09-28
Jahn Regensburg,0.69,1.63,-0.94,0.47,1.29,-0.82,0.23,0.34,-0.11,0.69,1.63,-0.94,2,0,2,2.94,27.00,37.05,40.93,0.87,0.8,94,9,7,19,8.05,23.75,15.49,5,5,16,6,15,33.8,20.31,197.93,98.25,136.37,78.36,4,Jahn Regensburg 2-0 Verl,2025-09-28
Rot-Weiss Essen,1.35,2.75,-1.40,1.08,1.71,-0.63,0.27,0.28,-0.01,1.35,1.99,-0.64,1,6,-5,-3.60,53.60,54.17,46.81,1.24,0.45,196,24,19,17,15.32,37.78,9.26,2,4,26,5,17,110.9,60.44,45.2,50.6,119.27,52.56,3,Waldhof Mannheim 6-1 Rot-Weiss Essen,2025-09-27
Waldhof Mannheim,2.75,1.35,1.40,1.71,1.08,0.63,0.28,0.27,0.01,1.99,1.35,0.64,6,1,5,3.60,46.40,45.83,43.35,0.45,1.24,148,12,17,19,37.78,15.32,10.37,4,2,24,4,10,72.6,39.56,44.13,49.4,107.67,47.44,1,Waldhof Mannheim 6-1 Rot-Weiss Essen,2025-09-27
Alemannia Aachen,3.66,1.40,2.26,2.85,1.38,1.47,0.05,0.02,0.03,2.90,1.40,1.50,5,1,4,1.74,54.80,62.45,44.37,0.57,0.23,216,15,17,10,29.82,43.48,9.26,5,4,17,4,15,113.3,74.39,22.07,23.23,95.73,63.34,3,Schweinfurt 1-5 Alemannia Aachen,2025-09-27
Schweinfurt,1.40,3.66,-2.26,1.38,2.85,-1.47,0.02,0.05,-0.03,1.40,2.90,-1.50,1,5,-4,-1.74,45.20,37.55,39.24,0.23,0.57,118,3,10,17,43.48,29.82,15.00,4,5,6,2,13,39.0,25.61,72.93,76.77,55.4,36.66,1,Schweinfurt 1-5 Alemannia Aachen,2025-09-27
Ingolstadt,0.48,2.40,-1.92,0.45,1.25,-0.80,0.03,1.16,-1.13,0.48,2.40,-1.92,1,2,-1,0.92,54.10,52.36,40.18,0.71,0.54,146,13,5,17,7.04,31.48,8.97,0,4,17,2,16,49.9,34.27,39.0,37.43,57.17,31.18,3,MSV Duisburg 2-1 Ingolstadt,2025-09-27
MSV Duisburg,2.40,0.48,1.92,1.25,0.45,0.80,1.16,0.03,1.13,2.40,0.48,1.92,2,1,1,-0.92,45.90,47.64,44.29,0.54,0.71,155,12,17,5,31.48,7.04,12.74,4,0,24,9,17,95.7,65.73,65.2,62.57,126.17,68.82,1,MSV Duisburg 2-1 Ingolstadt,2025-09-27
Saarbrücken,2.45,2.20,0.25,1.67,1.37,0.30,0.02,0.07,-0.05,1.69,1.44,0.25,1,1,0,-0.25,49.80,52.68,50.07,0.64,1.18,233,10,10,16,15.62,13.56,12.03,1,6,23,8,12,91.7,48.88,63.73,59.45,93.67,50.02,0,Wehen Wiesbaden 1-1 Saarbrücken,2025-09-27
Wehen Wiesbaden,2.20,2.45,-0.25,1.37,1.67,-0.30,0.07,0.02,0.05,1.44,1.69,-0.25,1,1,0,0.25,50.20,47.32,47.55,1.18,0.64,237,14,16,10,13.56,15.62,10.39,6,1,21,6,19,95.9,51.12,43.47,40.55,93.6,49.98,2,Wehen Wiesbaden 1-1 Saarbrücken,2025-09-27
Havelse,0.68,2.16,-1.48,0.65,2.00,-1.35,0.02,0.15,-0.13,0.68,2.16,-1.48,1,1,0,1.48,41.80,45.04,44.37,0.43,0.9,143,8,12,19,27.91,21.11,11.19,4,5,18,5,16,47.4,25.01,66.0,76.04,86.67,42.52,2,Hansa Rostock 1-1 Havelse,2025-09-27
Hansa Rostock,2.16,0.68,1.48,2.00,0.65,1.35,0.15,0.02,0.13,2.16,0.68,1.48,1,1,0,-1.48,58.20,54.96,44.11,0.9,0.43,174,16,19,12,21.11,27.91,6.95,5,4,17,7,17,142.1,74.99,20.8,23.96,117.17,57.48,2,Hansa Rostock 1-1 Havelse,2025-09-27
1860 München,0.98,0.81,0.17,0.79,0.81,-0.02,0.18,0.00,0.18,0.98,0.81,0.17,0,2,-2,-2.17,57.60,56.87,44.64,0.83,0.5,224,10,11,9,13.25,18.0,14.86,3,3,32,6,14,108.2,62.87,39.87,29.16,57.47,35.66,7,Erzgebirge Aue 2-0 1860 München,2025-09-27
Erzgebirge Aue,0.81,0.98,-0.17,0.81,0.79,0.02,0.00,0.18,-0.18,0.81,0.98,-0.17,2,0,2,2.17,42.40,43.13,44.42,0.5,0.83,162,13,9,11,18.0,13.25,19.30,3,3,12,2,8,63.9,37.13,96.87,70.84,103.67,64.34,1,Erzgebirge Aue 2-0 1860 München,2025-09-27
Stuttgart II,0.65,2.87,-2.22,0.49,2.27,-1.78,0.15,0.60,-0.45,0.65,2.87,-2.22,0,5,-5,-2.78,59.20,67.64,50.41,1.19,0.83,279,10,8,16,6.72,19.28,7.00,9,6,35,8,16,113.7,63.17,51.0,42.74,62.34,27.26,2,Energie Cottbus 5-0 Stuttgart II,2025-09-26
Energie Cottbus,2.87,0.65,2.22,2.27,0.49,1.78,0.60,0.15,0.45,2.87,0.65,2.22,5,0,5,2.78,40.80,32.36,42.22,0.83,1.19,136,13,16,8,19.28,6.72,9.30,6,9,16,8,19,66.3,36.83,68.33,57.26,166.31,72.74,0,Energie Cottbus 5-0 Stuttgart II,2025-09-26
Jahn Regensburg,1.47,1.99,-0.52,1.40,1.79,-0.39,0.07,0.20,-0.13,1.47,1.99,-0.52,1,2,-1,-0.48,46.30,44.76,44.24,0.85,0.98,167,11,15,11,17.65,11.22,9.51,4,4,18,6,14,70.2,45.2,57.67,56.95,74.0,58.44,3,Ulm 2-1 Jahn Regensburg,2025-09-21
Ulm,1.99,1.47,0.52,1.79,1.40,0.39,0.20,0.07,0.13,1.99,1.47,0.52,2,1,1,0.48,53.70,55.24,46.30,0.98,0.85,214,10,11,15,11.22,17.65,9.27,4,4,22,5,12,85.1,54.8,43.6,43.05,52.63,41.56,1,Ulm 2-1 Jahn Regensburg,2025-09-21
Energie Cottbus,2.36,1.71,0.65,2.32,1.50,0.82,0.04,0.20,-0.16,2.36,1.71,0.65,1,2,-1,-1.65,38.20,44.28,48.31,0.62,1.59,187,13,11,15,17.74,9.43,15.56,1,9,16,2,15,101.7,40.75,100.33,82.47,133.63,58.77,0,Verl 2-1 Energie Cottbus,2025-09-21
Verl,1.71,2.36,-0.65,1.50,2.32,-0.82,0.20,0.04,0.16,1.71,2.36,-0.65,2,1,1,1.65,61.80,55.72,45.96,1.59,0.62,264,18,15,11,9.43,17.74,6.34,9,1,19,7,17,147.9,59.25,21.33,17.53,93.73,41.23,1,Verl 2-1 Energie Cottbus,2025-09-21
MSV Duisburg,2.54,0.61,1.93,2.12,0.61,1.51,0.42,0.00,0.42,2.54,0.61,1.93,1,1,0,-1.93,51.00,59.27,51.60,0.72,0.41,220,18,21,7,29.17,17.07,9.55,5,1,26,3,15,131.0,72.1,63.33,72.58,167.27,78.77,2,Havelse 1-1 MSV Duisburg,2025-09-21
Havelse,0.61,2.54,-1.93,0.61,2.12,-1.51,0.00,0.42,-0.42,0.61,2.54,-1.93,1,1,0,1.93,49.00,40.73,41.47,0.41,0.72,135,12,7,21,17.07,29.17,12.25,1,5,7,3,12,50.7,27.9,23.93,27.42,45.07,21.23,2,Havelse 1-1 MSV Duisburg,2025-09-21
Hoffenheim II,2.76,2.40,0.36,2.76,2.18,0.58,0.00,0.22,-0.22,2.76,2.40,0.36,5,1,4,3.64,51.10,45.7,42.43,0.62,0.68,142,15,13,14,20.97,20.59,10.58,3,5,9,2,13,66.2,41.9,26.6,39.47,80.8,62.39,4,1860 München 1-5 Hoffenheim II,2025-09-20
1860 München,2.40,2.76,-0.36,2.18,2.76,-0.58,0.22,0.00,0.22,2.40,2.76,-0.36,1,5,-4,-3.64,48.90,54.3,44.35,0.68,0.62,154,11,14,13,20.59,20.97,12.34,5,3,21,6,13,91.8,58.1,40.8,60.53,48.7,37.61,3,1860 München 1-5 Hoffenheim II,2025-09-20
Hansa Rostock,3.74,1.77,1.97,2.75,0.82,1.93,0.23,0.19,0.04,2.98,1.01,1.97,0,3,-3,-4.97,70.20,74.29,51.67,1.26,0.3,297,22,26,12,20.63,40.0,4.56,9,5,38,10,15,254.0,86.63,5.27,4.35,143.3,60.29,6,Rot-Weiss Essen 3-0 Hansa Rostock,2025-09-20
Rot-Weiss Essen,1.77,3.74,-1.97,0.82,2.75,-1.93,0.19,0.23,-0.04,1.01,2.98,-1.97,3,0,3,4.97,29.80,25.71,44.15,0.3,1.26,95,5,12,26,40.0,20.63,11.53,5,9,5,3,19,39.2,13.37,115.93,95.65,94.38,39.71,1,Rot-Weiss Essen 3-0 Hansa Rostock,2025-09-20
Waldhof Mannheim,2.97,1.36,1.61,2.09,1.33,0.76,0.88,0.03,0.85,2.97,1.36,1.61,2,3,-1,-2.61,49.10,49.24,45.78,0.85,0.89,163,14,14,14,16.47,15.73,10.00,2,4,25,6,12,61.2,44.9,46.13,56.95,74.67,53.73,4,Alemannia Aachen 3-2 Waldhof Mannheim,2025-09-20
Alemannia Aachen,1.36,2.97,-1.61,1.33,2.09,-0.76,0.03,0.88,-0.85,1.36,2.97,-1.61,3,2,1,2.61,50.90,50.76,47.36,0.89,0.85,172,16,14,14,15.73,16.47,10.48,4,2,23,5,18,75.1,55.1,34.87,43.05,64.3,46.27,6,Alemannia Aachen 3-2 Waldhof Mannheim,2025-09-20
Erzgebirge Aue,1.12,2.30,-1.18,0.97,1.31,-0.34,0.15,0.23,-0.08,1.12,1.54,-0.42,1,3,-2,-0.82,56.80,64.41,49.51,0.79,0.57,241,16,16,13,20.25,22.81,12.40,5,3,20,5,12,140.0,70.74,36.87,33.89,119.13,58.7,9,Osnabrück 3-1 Erzgebirge Aue,2025-09-20
Osnabrück,2.30,1.12,1.18,1.31,0.97,0.34,0.23,0.15,0.08,1.54,1.12,0.42,3,1,2,0.82,43.20,35.59,43.38,0.57,0.79,124,11,13,16,22.81,20.25,14.12,3,5,14,5,9,57.9,29.26,71.93,66.11,83.8,41.3,4,Osnabrück 3-1 Erzgebirge Aue,2025-09-20
Viktoria Köln,1.84,2.21,-0.37,1.84,1.31,0.53,0.00,0.14,-0.14,1.84,1.45,0.39,1,2,-1,-0.63,66.20,73.23,47.82,1.18,0.34,318,14,13,9,11.02,26.47,10.86,4,5,26,4,13,140.3,84.42,29.73,25.19,87.97,60.54,4,Stuttgart II 2-1 Viktoria Köln,2025-09-20
Stuttgart II,2.21,1.84,0.37,1.31,1.84,-0.53,0.14,0.00,0.14,1.45,1.84,-0.39,2,1,1,0.63,33.80,26.77,34.33,0.34,1.18,71,4,9,13,26.47,11.02,16.27,5,4,5,2,14,25.9,15.58,88.27,74.81,57.33,39.46,0,Stuttgart II 2-1 Viktoria Köln,2025-09-20
Wehen Wiesbaden,1.15,1.52,-0.37,0.94,1.33,-0.39,0.21,0.19,0.02,1.15,1.52,-0.37,0,0,0,0.37,46.00,56.07,44.91,0.63,0.78,184,18,12,13,19.05,16.67,18.76,4,3,27,7,13,79.5,55.06,102.87,79.58,133.87,75.77,6,Ingolstadt 0-0 Wehen Wiesbaden,2025-09-20
Ingolstadt,1.52,1.15,0.37,1.33,0.94,0.39,0.19,0.21,-0.02,1.52,1.15,0.37,0,0,0,-0.37,54.00,43.93,39.47,0.78,0.63,138,13,13,12,16.67,19.05,14.40,3,4,19,7,11,64.9,44.94,26.4,20.42,42.8,24.23,4,Ingolstadt 0-0 Wehen Wiesbaden,2025-09-20
Schweinfurt,1.20,1.51,-0.31,1.19,1.41,-0.22,0.01,0.10,-0.09,1.20,1.51,-0.31,1,2,-1,-0.69,50.10,47.83,46.61,0.58,0.86,193,10,13,15,22.41,17.44,10.55,4,3,18,4,12,98.9,41.82,58.2,45.3,51.93,22.05,0,Saarbrücken 2-1 Schweinfurt,2025-09-19
Saarbrücken,1.51,1.20,0.31,1.41,1.19,0.22,0.10,0.01,0.09,1.51,1.20,0.31,2,1,1,0.69,49.90,52.17,48.65,0.86,0.58,220,12,15,13,17.44,22.41,9.56,3,4,22,4,16,137.6,58.18,70.27,54.7,183.53,77.95,0,Saarbrücken 2-1 Schweinfurt,2025-09-19
Osnabrück,2.15,1.58,0.57,1.39,0.81,0.58,0.00,0.78,-0.78,1.39,1.58,-0.19,1,1,0,-0.57,49.80,52.84,45.35,0.81,0.62,184,12,15,16,18.52,25.81,13.03,2,6,18,7,16,104.4,59.02,55.33,59.08,120.6,63.21,5,Rot-Weiss Essen 1-1 Osnabrück,2025-09-17
Rot-Weiss Essen,1.58,2.15,-0.57,0.81,1.39,-0.58,0.78,0.00,0.78,1.58,1.39,0.19,1,1,0,0.57,50.20,47.16,43.44,0.62,0.81,181,8,16,15,25.81,18.52,9.84,6,2,21,4,10,72.5,40.98,38.33,40.92,70.2,36.79,3,Rot-Weiss Essen 1-1 Osnabrück,2025-09-17
Ingolstadt,3.29,2.05,1.24,3.29,1.29,2.00,0.00,0.00,0.00,3.29,1.29,2.00,6,2,4,2.76,62.50,47.85,42.61,1.22,0.58,201,21,20,20,16.39,34.48,10.43,1,3,17,3,12,110.0,53.14,15.87,9.8,60.93,29.67,5,Havelse 2-6 Ingolstadt,2025-09-17
Havelse,2.05,3.29,-1.24,1.29,3.29,-2.00,0.00,0.00,0.00,1.29,3.29,-2.00,2,6,-4,-2.76,37.50,52.15,50.24,0.58,1.22,168,11,20,20,34.48,16.39,14.62,3,1,16,2,16,97.0,46.86,146.0,90.2,144.43,70.33,3,Havelse 2-6 Ingolstadt,2025-09-17
1860 München,1.65,1.78,-0.13,0.60,1.67,-1.07,1.05,0.10,0.95,1.65,1.78,-0.13,1,2,-1,-0.87,56.10,52.5,47.65,0.44,0.49,234,10,11,15,25.0,30.61,10.09,5,5,28,9,13,69.0,42.91,26.6,28.94,39.33,19.96,2,Hansa Rostock 2-1 1860 München,2025-09-17
Hansa Rostock,1.78,1.65,0.13,1.67,0.60,1.07,0.10,1.05,-0.95,1.78,1.65,0.13,2,1,1,0.87,43.90,47.5,45.07,0.49,0.44,165,10,15,11,30.61,25.0,11.45,5,5,11,3,9,91.8,57.09,65.33,71.06,157.7,80.04,1,Hansa Rostock 2-1 1860 München,2025-09-17
Erzgebirge Aue,1.57,2.88,-1.31,1.48,2.07,-0.59,0.09,0.05,0.04,1.57,2.12,-0.55,1,2,-1,0.31,47.00,45.1,47.99,0.58,1.0,189,16,14,13,24.14,13.0,11.74,5,7,16,9,12,85.5,44.74,63.33,63.33,90.57,47.45,6,Energie Cottbus 2-1 Erzgebirge Aue,2025-09-17
Energie Cottbus,2.88,1.57,1.31,2.07,1.48,0.59,0.05,0.09,-0.04,2.12,1.57,0.55,2,1,1,-0.31,53.00,54.9,48.19,1.0,0.58,214,15,13,14,13.0,24.14,10.77,7,5,23,9,8,105.6,55.26,36.67,36.67,100.3,52.55,1,Energie Cottbus 2-1 Erzgebirge Aue,2025-09-17
Stuttgart II,1.56,1.29,0.27,1.42,1.06,0.36,0.14,0.23,-0.09,1.56,1.29,0.27,1,0,1,0.73,64.10,60.31,45.84,0.59,0.41,264,8,14,8,23.73,19.51,13.08,0,5,18,6,9,137.8,75.26,27.2,21.23,91.6,55.71,1,Waldhof Mannheim 0-1 Stuttgart II,2025-09-17
Waldhof Mannheim,1.29,1.56,-0.27,1.06,1.42,-0.36,0.23,0.14,0.09,1.29,1.56,-0.27,0,1,-1,-0.73,35.90,39.69,44.29,0.41,0.59,141,13,8,14,19.51,23.73,15.46,5,0,19,9,11,45.3,24.74,100.93,78.77,72.83,44.29,3,Waldhof Mannheim 0-1 Stuttgart II,2025-09-17
MSV Duisburg,2.47,1.20,1.27,1.43,1.01,0.42,1.03,0.20,0.83,2.47,1.20,1.27,3,0,3,1.73,38.30,49.22,45.37,0.72,0.41,147,9,17,16,23.61,39.02,16.93,5,3,27,6,16,77.4,44.87,103.4,94.98,164.6,83.14,2,Schweinfurt 0-3 MSV Duisburg,2025-09-16
Schweinfurt,1.20,2.47,-1.27,1.01,1.43,-0.42,0.20,1.03,-0.83,1.20,2.47,-1.27,0,3,-3,-1.73,61.70,50.78,43.28,0.41,0.72,190,10,16,17,39.02,23.61,9.75,3,5,14,3,8,95.1,55.13,5.47,5.02,33.37,16.86,0,Schweinfurt 0-3 MSV Duisburg,2025-09-16
Alemannia Aachen,1.52,2.81,-1.29,1.48,2.05,-0.57,0.03,0.00,0.03,1.52,2.05,-0.53,1,2,-1,0.29,37.90,49.82,46.49,1.35,0.37,168,22,17,9,12.59,24.32,12.93,8,4,15,2,14,102.2,62.28,138.87,96.08,199.3,86.8,4,Verl 2-1 Alemannia Aachen,2025-09-16
Verl,2.81,1.52,1.29,2.05,1.48,0.57,0.00,0.03,-0.03,2.05,1.52,0.53,2,1,1,-0.29,62.10,50.18,39.77,0.37,1.35,178,8,9,17,24.32,12.59,9.03,4,8,9,2,16,61.9,37.72,5.67,3.92,30.3,13.2,3,Verl 2-1 Alemannia Aachen,2025-09-16
Jahn Regensburg,3.10,3.49,-0.39,2.20,2.33,-0.13,0.89,0.40,0.49,3.10,2.73,0.37,0,2,-2,-1.61,48.60,53.41,45.60,1.14,1.01,159,16,19,18,16.67,17.82,9.41,4,5,21,7,20,90.0,48.21,82.0,74.59,112.47,60.73,1,Wehen Wiesbaden 2-0 Jahn Regensburg,2025-09-16
Wehen Wiesbaden,3.49,3.10,0.39,2.33,2.20,0.13,0.40,0.89,-0.49,2.73,3.10,-0.37,2,0,2,1.61,51.40,46.59,39.41,1.01,1.14,138,21,18,19,17.82,16.67,9.69,5,4,22,5,13,96.7,51.79,27.93,25.41,72.73,39.27,3,Wehen Wiesbaden 2-0 Jahn Regensburg,2025-09-16
Hoffenheim II,0.48,2.13,-1.65,0.41,1.30,-0.89,0.07,0.07,0.00,0.48,1.37,-0.89,1,2,-1,0.65,44.10,45.1,39.22,0.29,0.41,143,8,6,11,20.69,26.83,14.66,4,0,10,1,15,45.8,33.43,102.0,59.67,69.67,39.04,0,Viktoria Köln 2-1 Hoffenheim II,2025-09-16
Viktoria Köln,2.13,0.48,1.65,1.30,0.41,0.89,0.07,0.07,0.00,1.37,0.48,0.89,2,1,1,-0.65,55.90,54.9,43.94,0.41,0.29,205,8,11,6,26.83,20.69,12.97,0,4,17,5,11,91.2,66.57,68.93,40.33,108.8,60.96,1,Viktoria Köln 2-1 Hoffenheim II,2025-09-16
Ulm,3.05,3.25,-0.20,2.42,3.23,-0.81,0.63,0.02,0.61,3.05,3.25,-0.20,1,3,-2,-1.80,43.00,41.16,45.49,1.39,1.2,180,14,15,16,10.79,13.33,13.25,4,6,18,2,9,86.9,38.2,82.07,85.13,99.8,41.68,4,Saarbrücken 3-1 Ulm,2025-09-16
Saarbrücken,3.25,3.05,0.20,3.23,2.42,0.81,0.02,0.63,-0.61,3.25,3.05,0.20,3,1,2,1.80,57.00,58.84,47.86,1.2,1.39,246,17,16,15,13.33,10.79,8.55,6,4,16,1,12,140.6,61.8,14.33,14.87,139.67,58.32,0,Saarbrücken 3-1 Ulm,2025-09-16
Havelse,0.77,4.00,-3.23,0.73,4.00,-3.27,0.04,0.00,0.04,0.77,4.00,-3.23,2,3,-1,2.23,39.50,40.82,45.96,0.4,1.84,149,4,14,17,35.0,9.24,17.04,1,2,17,6,9,45.5,29.26,74.0,75.36,39.37,19.9,1,1860 München 3-2 Havelse,2025-09-14
1860 München,4.00,0.77,3.23,4.00,0.73,3.27,0.00,0.04,-0.04,4.00,0.77,3.23,3,2,1,-2.23,60.50,59.18,46.24,1.84,0.4,228,27,17,14,9.24,35.0,9.30,2,1,23,6,15,110.0,70.74,24.2,24.64,158.5,80.1,4,1860 München 3-2 Havelse,2025-09-14
Energie Cottbus,4.09,0.43,3.66,3.61,0.43,3.18,0.48,0.00,0.48,4.09,0.43,3.66,3,0,3,-0.66,54.90,65.2,49.98,0.8,0.4,260,13,19,7,23.75,17.5,5.93,12,3,22,10,26,158.3,82.28,61.47,52.96,186.67,92.52,1,Waldhof Mannheim 0-3 Energie Cottbus,2025-09-14
Waldhof Mannheim,0.43,4.09,-3.66,0.43,3.61,-3.18,0.00,0.48,-0.48,0.43,4.09,-3.66,0,3,-3,0.66,45.10,34.8,41.49,0.4,0.8,148,5,7,19,17.5,23.75,8.00,3,12,18,6,18,34.1,17.72,54.6,47.04,15.1,7.48,0,Waldhof Mannheim 0-3 Energie Cottbus,2025-09-14
Hansa Rostock,0.50,0.76,-0.26,0.35,0.61,-0.26,0.15,0.15,0.00,0.50,0.76,-0.26,0,0,0,0.26,53.50,38.84,42.46,0.27,0.46,162,5,6,13,22.22,28.26,9.13,4,3,11,3,16,45.5,27.18,35.07,36.3,38.27,21.33,0,Osnabrück 0-0 Hansa Rostock,2025-09-14
Osnabrück,0.76,0.50,0.26,0.61,0.35,0.26,0.15,0.15,0.00,0.76,0.50,0.26,0,0,0,-0.26,46.50,61.16,44.44,0.46,0.27,168,11,13,6,28.26,22.22,11.00,3,4,16,6,15,121.9,72.82,61.53,63.7,141.13,78.67,3,Osnabrück 0-0 Hansa Rostock,2025-09-14
Ulm,2.89,2.28,0.61,2.86,1.26,1.60,0.03,1.02,-0.99,2.89,2.28,0.61,3,1,2,1.39,42.80,45.33,46.39,0.43,0.88,170,10,14,15,32.56,17.05,11.78,2,5,13,2,16,92.2,48.2,53.73,61.81,128.67,70.27,4,Alemannia Aachen 1-3 Ulm,2025-09-13
Alemannia Aachen,2.28,2.89,-0.61,1.26,2.86,-1.60,1.02,0.03,0.99,2.28,2.89,-0.61,1,3,-2,-1.39,57.20,54.67,47.78,0.88,0.43,229,20,15,14,17.05,32.56,10.17,5,2,21,5,6,99.1,51.8,33.2,38.19,54.43,29.73,3,Alemannia Aachen 1-3 Ulm,2025-09-13
Verl,2.16,2.04,0.12,2.10,1.90,0.20,0.06,0.14,-0.08,2.16,2.04,0.12,4,2,2,1.88,61.90,63.74,48.33,1.19,0.38,278,13,13,11,10.92,28.95,9.23,6,5,14,5,15,172.7,79.26,26.0,21.4,126.5,61.54,1,Hoffenheim II 2-4 Verl,2025-09-13
Hoffenheim II,2.04,2.16,-0.12,1.90,2.10,-0.20,0.14,0.06,0.08,2.04,2.16,-0.12,2,4,-2,-1.88,38.10,36.26,41.01,0.38,1.19,141,6,11,13,28.95,10.92,14.90,5,6,9,4,11,45.2,20.74,95.47,78.6,79.07,38.46,4,Hoffenheim II 2-4 Verl,2025-09-13
Wehen Wiesbaden,1.69,1.44,0.25,1.03,1.44,-0.41,0.66,0.00,0.66,1.69,1.44,0.25,1,3,-2,-2.25,63.10,61.05,44.82,0.32,0.43,247,9,14,10,43.75,23.26,10.03,6,1,20,5,12,125.2,77.19,19.6,15.62,60.37,39.91,1,MSV Duisburg 3-1 Wehen Wiesbaden,2025-09-13
MSV Duisburg,1.44,1.69,-0.25,1.44,1.03,0.41,0.00,0.66,-0.66,1.44,1.69,-0.25,3,1,2,2.25,36.90,38.95,41.77,0.43,0.32,114,4,10,14,23.26,43.75,19.33,1,6,10,3,12,37.0,22.81,105.87,84.38,90.9,60.09,3,MSV Duisburg 3-1 Wehen Wiesbaden,2025-09-13
Viktoria Köln,1.65,2.44,-0.79,1.47,2.42,-0.95,0.18,0.02,0.16,1.65,2.44,-0.79,3,0,3,3.79,47.50,32.94,41.91,1.35,0.94,161,17,12,19,8.89,20.21,11.68,3,1,8,3,13,47.5,24.0,59.93,56.22,99.57,50.89,5,Erzgebirge Aue 0-3 Viktoria Köln,2025-09-13
Erzgebirge Aue,2.44,1.65,0.79,2.42,1.47,0.95,0.02,0.18,-0.16,2.44,1.65,0.79,0,3,-3,-3.79,52.50,67.06,49.70,0.94,1.35,258,15,19,12,20.21,8.89,11.38,1,3,24,4,13,150.4,76.0,46.67,43.78,96.1,49.11,1,Erzgebirge Aue 0-3 Viktoria Köln,2025-09-13
Saarbrücken,1.64,1.42,0.22,1.42,1.17,0.25,0.23,0.24,-0.01,1.64,1.42,0.22,3,1,2,1.78,38.60,34.64,41.72,0.66,1.45,127,12,14,18,21.21,12.41,11.53,2,4,15,4,17,57.7,26.36,104.27,82.27,121.63,61.13,1,Stuttgart II 1-3 Saarbrücken,2025-09-13
Stuttgart II,1.42,1.64,-0.22,1.17,1.42,-0.25,0.24,0.23,0.01,1.42,1.64,-0.22,1,3,-2,-1.78,61.40,65.36,49.04,1.45,0.66,294,10,18,14,12.41,21.21,8.14,4,2,26,4,17,161.2,73.64,22.47,17.73,77.33,38.87,4,Stuttgart II 1-3 Saarbrücken,2025-09-13
Schweinfurt,2.10,2.85,-0.75,0.92,2.79,-1.87,0.42,0.06,0.36,1.34,2.85,-1.51,3,2,1,1.75,43.20,56.63,49.31,0.61,1.02,174,14,15,20,24.59,19.61,9.81,4,3,17,6,18,92.8,49.0,95.93,88.94,92.92,42.07,2,Ingolstadt 2-3 Schweinfurt,2025-09-13
Ingolstadt,2.85,2.10,0.75,2.79,0.92,1.87,0.06,0.42,-0.36,2.85,1.34,1.51,2,3,-1,-1.75,56.80,43.37,42.39,1.02,0.61,186,16,20,15,19.61,24.59,6.85,3,4,22,5,22,96.6,51.0,11.93,11.06,127.94,57.93,3,Ingolstadt 2-3 Schweinfurt,2025-09-13
Rot-Weiss Essen,1.68,1.23,0.45,1.63,1.23,0.40,0.05,0.00,0.05,1.68,1.23,0.45,3,1,2,1.55,47.80,52.94,46.45,0.49,0.78,174,15,12,11,24.49,14.1,10.82,6,5,16,5,12,76.7,53.71,45.87,67.78,102.8,68.38,6,Jahn Regensburg 1-3 Rot-Weiss Essen,2025-09-12
Jahn Regensburg,1.23,1.68,-0.45,1.23,1.63,-0.40,0.00,0.05,-0.05,1.23,1.68,-0.45,1,3,-2,-1.55,52.20,47.06,43.56,0.78,0.49,169,13,11,12,14.1,24.49,8.13,5,6,18,4,11,66.1,46.29,21.8,32.22,47.53,31.62,2,Jahn Regensburg 1-3 Rot-Weiss Essen,2025-09-12
Alemannia Aachen,4.64,2.40,2.24,2.31,2.29,0.02,0.04,0.11,-0.07,2.36,2.40,-0.04,3,2,1,-1.24,41.00,38.49,44.71,1.1,0.77,124,16,17,21,15.45,27.27,8.58,4,5,10,2,21,71.6,38.49,95.53,82.55,132.1,82.99,3,Rot-Weiss Essen 2-3 Alemannia Aachen,2025-08-31
Rot-Weiss Essen,2.40,4.64,-2.24,2.29,2.31,-0.02,0.11,0.04,0.07,2.40,2.36,0.04,2,3,-1,1.24,59.00,61.51,44.58,0.77,1.1,204,16,21,17,27.27,15.45,8.59,5,4,28,5,11,114.4,61.51,20.2,17.45,27.07,17.01,6,Rot-Weiss Essen 2-3 Alemannia Aachen,2025-08-31
Wehen Wiesbaden,2.87,2.85,0.02,2.79,2.05,0.74,0.08,0.04,0.04,2.87,2.09,0.78,1,0,1,0.98,45.00,38.97,42.43,0.48,1.17,157,15,18,19,37.5,16.24,20.44,3,0,20,2,14,75.4,33.69,61.33,50.35,65.57,32.4,6,Schweinfurt 0-1 Wehen Wiesbaden,2025-08-31
Schweinfurt,2.85,2.87,-0.02,2.05,2.79,-0.74,0.04,0.08,-0.04,2.09,2.87,-0.78,0,1,-1,-0.98,55.00,61.03,46.77,1.17,0.48,223,19,19,18,16.24,37.5,14.26,0,3,18,5,9,148.4,66.31,60.47,49.65,136.8,67.6,4,Schweinfurt 0-1 Wehen Wiesbaden,2025-08-31
Waldhof Mannheim,2.43,2.23,0.20,0.85,2.12,-1.27,0.81,0.11,0.70,1.67,2.23,-0.56,2,1,1,0.80,53.50,51.84,48.25,1.03,0.43,188,16,18,17,17.48,39.53,8.72,4,2,16,10,12,97.5,60.07,38.4,46.98,118.5,66.79,1,Ulm 1-2 Waldhof Mannheim,2025-08-31
Ulm,2.23,2.43,-0.20,2.12,0.85,1.27,0.11,0.81,-0.70,2.23,1.67,0.56,1,2,-1,-0.80,46.50,48.16,46.58,0.43,1.03,151,8,17,18,39.53,17.48,10.28,2,4,23,8,19,64.8,39.93,43.33,53.02,58.93,33.21,3,Ulm 1-2 Waldhof Mannheim,2025-08-31
Hoffenheim II,1.73,1.25,0.48,1.63,0.99,0.64,0.10,0.26,-0.16,1.73,1.25,0.48,1,0,1,0.52,45.40,48.37,47.73,0.52,0.68,183,15,18,17,34.62,25.0,14.42,10,7,17,6,11,72.7,44.33,45.13,63.81,111.47,60.38,3,Hansa Rostock 0-1 Hoffenheim II,2025-08-30
Hansa Rostock,1.25,1.73,-0.48,0.99,1.63,-0.64,0.26,0.10,0.16,1.25,1.73,-0.48,0,1,-1,-0.52,54.60,51.63,44.21,0.68,0.52,184,19,17,18,25.0,34.62,7.95,7,10,27,9,10,91.3,55.67,25.6,36.19,73.13,39.62,2,Hansa Rostock 0-1 Hoffenheim II,2025-08-30
MSV Duisburg,1.72,1.30,0.42,1.69,0.93,0.76,0.03,0.37,-0.34,1.72,1.30,0.42,3,2,1,0.58,32.80,38.32,42.19,0.7,0.97,100,10,9,14,12.86,14.43,14.87,4,5,10,4,19,67.3,30.48,119.47,89.42,97.87,47.33,1,Verl 2-3 MSV Duisburg,2025-08-30
Verl,1.30,1.72,-0.42,0.93,1.69,-0.76,0.37,0.03,0.34,1.30,1.72,-0.42,2,3,-1,-0.58,67.20,61.68,43.96,0.97,0.7,208,17,14,9,14.43,12.86,7.39,5,4,15,5,12,153.5,69.52,14.13,10.58,108.9,52.67,4,Verl 2-3 MSV Duisburg,2025-08-30
Stuttgart II,1.95,1.92,0.03,1.45,1.47,-0.02,0.50,0.45,0.05,1.95,1.92,0.03,1,1,0,-0.03,45.00,36.05,42.49,0.69,0.94,147,9,10,14,14.49,14.89,14.75,1,5,12,6,12,73.8,34.17,51.87,67.48,81.63,52.36,4,1860 München 1-1 Stuttgart II,2025-08-30
1860 München,1.92,1.95,-0.03,1.47,1.45,0.02,0.45,0.50,-0.05,1.92,1.95,-0.03,1,1,0,0.03,55.00,63.95,50.59,0.94,0.69,232,28,14,10,14.89,14.49,8.31,5,1,38,14,16,142.2,65.83,25.0,32.52,74.27,47.64,10,1860 München 1-1 Stuttgart II,2025-08-30
Osnabrück,2.08,0.60,1.48,1.80,0.48,1.32,0.28,0.12,0.16,2.08,0.60,1.48,2,0,2,0.52,44.30,54.72,49.59,1.08,0.41,206,22,17,11,15.74,26.83,11.10,3,4,16,8,19,110.4,75.82,77.6,75.39,175.93,95.82,1,Havelse 0-2 Osnabrück,2025-08-30
Havelse,0.60,2.08,-1.48,0.48,1.80,-1.32,0.12,0.28,-0.16,0.60,2.08,-1.48,0,2,-2,-0.52,55.70,45.28,45.18,0.41,1.08,201,5,11,17,26.83,15.74,11.14,4,3,17,6,8,35.2,24.18,25.33,24.61,7.67,4.18,0,Havelse 0-2 Osnabrück,2025-08-30
Ingolstadt,2.72,3.01,-0.29,2.15,1.82,0.33,0.57,0.43,0.14,2.72,2.25,0.47,1,1,0,0.29,54.40,44.72,44.42,1.11,0.74,199,20,18,17,16.22,22.97,10.63,3,6,23,6,8,87.8,40.04,26.47,28.0,60.77,27.15,5,Energie Cottbus 1-1 Ingolstadt,2025-08-30
Energie Cottbus,3.01,2.72,0.29,1.82,2.15,-0.33,0.43,0.57,-0.14,2.25,2.72,-0.47,1,1,0,-0.29,45.60,55.28,50.53,0.74,1.11,238,10,17,18,22.97,16.22,12.94,6,3,19,5,13,131.5,59.96,68.07,72.0,163.07,72.85,0,Energie Cottbus 1-1 Ingolstadt,2025-08-30
Erzgebirge Aue,1.05,2.59,-1.54,0.96,2.35,-1.39,0.09,0.24,-0.15,1.05,2.59,-1.54,1,4,-3,-1.46,48.30,52.38,45.95,0.28,0.39,188,8,15,12,53.57,30.77,11.66,2,3,9,5,11,76.0,46.68,65.13,65.88,61.33,36.33,3,Saarbrücken 4-1 Erzgebirge Aue,2025-08-30
Saarbrücken,2.59,1.05,1.54,2.35,0.96,1.39,0.24,0.09,0.15,2.59,1.05,1.54,4,1,3,1.46,51.70,47.62,45.94,0.39,0.28,191,9,12,15,30.77,53.57,10.45,3,2,19,6,15,86.8,53.32,33.73,34.12,107.47,63.67,0,Saarbrücken 4-1 Erzgebirge Aue,2025-08-30
Jahn Regensburg,1.53,2.11,-0.58,0.82,1.14,-0.32,0.71,0.96,-0.25,1.53,2.11,-0.58,0,1,-1,-0.42,48.00,55.22,42.80,0.91,0.69,169,13,13,18,14.29,26.09,10.09,4,5,22,6,24,95.3,44.66,57.67,46.81,78.9,37.59,4,Viktoria Köln 1-0 Jahn Regensburg,2025-08-29
Viktoria Köln,2.11,1.53,0.58,1.14,0.82,0.32,0.96,0.71,0.25,2.11,1.53,0.58,1,0,1,0.42,52.00,44.78,40.97,0.69,0.91,145,10,18,13,26.09,14.29,9.12,5,4,16,4,10,118.1,55.34,65.53,53.19,130.97,62.41,0,Viktoria Köln 1-0 Jahn Regensburg,2025-08-29
Viktoria Köln,2.51,1.06,1.45,2.51,1.02,1.49,0.00,0.04,-0.04,2.51,1.06,1.45,0,2,-2,-3.45,59.60,58.77,46.38,0.9,0.5,261,20,11,8,12.22,16.0,8.88,7,6,23,2,13,114.2,72.23,25.33,21.43,59.9,34.87,3,Waldhof Mannheim 2-0 Viktoria Köln,2025-08-24
Waldhof Mannheim,1.06,2.51,-1.45,1.02,2.51,-1.49,0.04,0.00,0.04,1.06,2.51,-1.45,2,0,2,3.45,40.40,41.23,42.86,0.5,0.9,151,7,8,11,16.0,12.22,17.07,6,7,13,4,15,43.9,27.77,92.87,78.57,111.87,65.13,0,Waldhof Mannheim 2-0 Viktoria Köln,2025-08-24
Havelse,1.42,2.22,-0.80,0.91,2.19,-1.28,0.51,0.03,0.48,1.42,2.22,-0.80,1,2,-1,-0.20,39.70,33.08,44.26,0.41,1.64,151,8,17,24,41.46,14.63,12.67,2,6,15,6,11,43.1,17.77,88.93,77.83,75.17,40.89,0,Erzgebirge Aue 2-1 Havelse,2025-08-24
Erzgebirge Aue,2.22,1.42,0.80,2.19,0.91,1.28,0.03,0.51,-0.48,2.22,1.42,0.80,2,1,1,0.20,60.30,66.92,53.58,1.64,0.41,316,21,24,17,14.63,41.46,7.58,6,2,30,6,13,199.5,82.23,25.33,22.17,108.67,59.11,2,Erzgebirge Aue 2-1 Havelse,2025-08-24
Hansa Rostock,1.02,1.61,-0.59,0.70,1.56,-0.86,0.32,0.04,0.28,1.02,1.61,-0.59,1,1,0,0.59,53.70,62.76,49.27,1.0,0.9,254,18,20,17,20.0,18.89,12.93,5,2,25,10,8,132.9,72.23,43.0,59.45,143.53,74.91,3,Ingolstadt 1-1 Hansa Rostock,2025-08-24
Ingolstadt,1.61,1.02,0.59,1.56,0.70,0.86,0.04,0.32,-0.28,1.61,1.02,0.59,1,1,0,-0.59,46.30,37.24,39.32,0.9,1.0,134,22,17,20,18.89,20.0,18.00,2,5,15,3,14,51.1,27.77,29.33,40.55,48.07,25.09,4,Ingolstadt 1-1 Hansa Rostock,2025-08-24
Ulm,1.83,1.49,0.34,1.70,1.29,0.41,0.12,0.21,-0.09,1.83,1.49,0.34,1,2,-1,-1.34,61.80,56.63,46.75,0.84,0.68,245,13,18,15,21.43,22.06,7.55,2,9,27,5,18,135.9,61.86,22.4,20.35,82.77,41.87,2,MSV Duisburg 2-1 Ulm,2025-08-23
MSV Duisburg,1.49,1.83,-0.34,1.29,1.70,-0.41,0.21,0.12,0.09,1.49,1.83,-0.34,2,1,1,1.34,38.20,43.37,45.46,0.68,0.84,139,9,15,18,22.06,21.43,10.53,9,2,30,8,11,83.8,38.14,87.67,79.65,114.93,58.13,1,MSV Duisburg 2-1 Ulm,2025-08-23
Energie Cottbus,2.57,2.59,-0.02,1.67,2.29,-0.62,0.14,0.30,-0.16,1.81,2.59,-0.78,1,4,-3,-2.98,44.50,39.2,42.17,1.29,0.68,165,11,13,20,10.08,29.41,11.67,5,4,22,6,14,52.6,25.65,75.27,65.83,21.32,6.12,1,Hoffenheim II 4-1 Energie Cottbus,2025-08-23
Hoffenheim II,2.59,2.57,0.02,2.29,1.67,0.62,0.30,0.14,0.16,2.59,1.81,0.78,4,1,3,2.98,55.50,60.8,49.32,0.68,1.29,280,16,20,13,29.41,10.08,15.67,4,5,15,7,10,152.5,74.35,39.07,34.17,327.28,93.88,1,Hoffenheim II 4-1 Energie Cottbus,2025-08-23
1860 München,1.87,1.00,0.87,1.87,1.00,0.87,0.00,0.00,0.00,1.87,1.00,0.87,2,0,2,1.13,54.10,44.08,35.29,0.57,0.43,98,13,12,11,21.05,25.58,8.25,5,5,13,2,11,52.4,53.31,13.73,14.83,38.8,29.01,4,Alemannia Aachen 0-2 1860 München,2025-08-23
Alemannia Aachen,1.00,1.87,-0.87,1.00,1.87,-0.87,0.00,0.00,0.00,1.00,1.87,-0.87,0,2,-2,-1.13,45.90,55.92,42.82,0.43,0.57,131,8,11,12,25.58,21.05,11.48,5,5,10,3,16,45.9,46.69,78.87,85.17,94.93,70.99,6,Alemannia Aachen 0-2 1860 München,2025-08-23
Schweinfurt,0.83,3.07,-2.24,0.81,2.62,-1.81,0.02,0.45,-0.43,0.83,3.07,-2.24,0,3,-3,-0.76,54.60,53.97,42.67,0.74,0.96,188,14,14,17,18.92,17.71,7.86,9,5,5,2,16,97.4,50.65,39.93,41.05,79.1,33.92,4,Jahn Regensburg 3-0 Schweinfurt,2025-08-23
Jahn Regensburg,3.07,0.83,2.24,2.62,0.81,1.81,0.45,0.02,0.43,3.07,0.83,2.24,3,0,3,0.76,45.40,46.03,44.66,0.96,0.74,180,15,17,14,17.71,18.92,9.59,5,9,14,6,16,94.9,49.35,57.33,58.95,154.11,66.08,0,Jahn Regensburg 3-0 Schweinfurt,2025-08-23
Saarbrücken,0.49,1.57,-1.08,0.40,0.60,-0.20,0.09,0.98,-0.89,0.49,1.57,-1.08,0,2,-2,-0.92,46.60,30.84,41.89,0.25,0.71,155,5,5,18,20.0,25.35,12.50,4,9,10,3,13,31.4,15.38,53.13,44.25,18.5,9.14,0,Osnabrück 2-0 Saarbrücken,2025-08-23
Osnabrück,1.57,0.49,1.08,0.60,0.40,0.20,0.98,0.09,0.89,1.57,0.49,1.08,2,0,2,0.92,53.40,69.16,51.84,0.71,0.25,270,13,18,5,25.35,20.0,10.61,9,4,29,12,11,172.8,84.62,66.93,55.75,183.8,90.86,2,Osnabrück 2-0 Saarbrücken,2025-08-23
Verl,2.85,1.96,0.89,2.24,1.08,1.16,0.61,0.13,0.48,2.85,1.20,1.65,1,1,0,-0.89,65.60,68.54,50.45,0.97,0.44,318,23,22,8,22.68,18.18,8.47,5,5,26,8,14,221.4,82.43,15.2,11.63,145.57,67.18,1,Stuttgart II 1-1 Verl,2025-08-23
Stuttgart II,1.96,2.85,-0.89,1.08,2.24,-1.16,0.13,0.61,-0.48,1.20,2.85,-1.65,1,1,0,0.89,34.40,31.46,41.51,0.44,0.97,119,8,8,22,18.18,22.68,14.03,5,5,12,5,13,47.2,17.57,115.47,88.37,71.13,32.82,3,Stuttgart II 1-1 Verl,2025-08-23
Rot-Weiss Essen,2.91,2.76,0.15,1.90,1.68,0.22,0.25,0.31,-0.06,2.15,2.00,0.15,4,3,1,0.85,52.60,57.19,50.00,0.67,0.73,230,16,25,16,37.31,21.92,15.23,4,8,24,6,12,134.8,65.12,49.0,50.0,137.8,69.18,5,Wehen Wiesbaden 3-4 Rot-Weiss Essen,2025-08-22
Wehen Wiesbaden,2.76,2.91,-0.15,1.68,1.90,-0.22,0.31,0.25,0.06,2.00,2.15,-0.15,3,4,-1,-0.85,47.40,42.81,44.35,0.73,0.67,181,15,16,25,21.92,37.31,9.21,8,4,27,6,16,72.2,34.88,49.0,50.0,61.4,30.82,4,Wehen Wiesbaden 3-4 Rot-Weiss Essen,2025-08-22
Ingolstadt,1.88,1.13,0.75,1.87,1.02,0.85,0.01,0.11,-0.10,1.88,1.13,0.75,1,2,-1,-1.75,54.00,63.02,46.30,1.99,0.54,243,32,20,11,10.05,20.37,13.57,4,6,32,3,12,173.5,73.96,52.0,47.76,148.43,67.34,10,Stuttgart II 2-1 Ingolstadt,2025-08-10
Stuttgart II,1.13,1.88,-0.75,1.02,1.87,-0.85,0.11,0.01,0.10,1.13,1.88,-0.75,2,1,1,1.75,46.00,36.98,43.31,0.54,1.99,181,7,11,20,20.37,10.05,15.00,6,4,13,3,14,61.1,26.04,56.87,52.24,72.0,32.66,3,Stuttgart II 2-1 Ingolstadt,2025-08-10
Waldhof Mannheim,0.65,0.30,0.35,0.58,0.28,0.30,0.07,0.02,0.05,0.65,0.30,0.35,0,1,-1,-1.35,45.40,49.62,43.95,0.35,0.48,163,11,6,7,17.14,14.58,10.68,6,9,11,2,18,63.2,59.4,60.0,66.42,83.27,67.55,6,Hansa Rostock 1-0 Waldhof Mannheim,2025-08-10
Hansa Rostock,0.30,0.65,-0.35,0.28,0.58,-0.30,0.02,0.07,-0.05,0.30,0.65,-0.35,1,0,1,1.35,54.60,50.38,45.06,0.48,0.35,202,9,7,6,14.58,17.14,5.62,9,6,17,4,23,43.2,40.6,30.33,33.58,40.0,32.45,3,Hansa Rostock 1-0 Waldhof Mannheim,2025-08-10
MSV Duisburg,3.17,0.60,2.57,2.68,0.29,2.39,0.49,0.30,0.19,3.17,0.60,2.57,4,0,4,1.43,77.60,73.45,45.45,0.82,0.18,263,17,15,4,18.29,22.22,6.61,3,0,20,6,12,154.0,91.12,2.13,1.12,62.03,39.31,0,Jahn Regensburg 0-4 MSV Duisburg,2025-08-10
Jahn Regensburg,0.60,3.17,-2.57,0.29,2.68,-2.39,0.30,0.49,-0.19,0.60,3.17,-2.57,0,4,-4,-1.43,22.40,26.55,37.53,0.18,0.82,56,4,4,15,22.22,18.29,38.61,0,3,4,1,13,15.0,8.88,188.07,98.88,95.77,60.69,1,Jahn Regensburg 0-4 MSV Duisburg,2025-08-10
Wehen Wiesbaden,1.52,3.89,-2.37,1.52,2.58,-1.06,0.00,0.55,-0.55,1.52,3.13,-1.61,2,2,0,2.37,24.70,25.85,44.36,0.5,0.89,88,5,7,27,14.0,30.34,21.36,1,4,13,1,22,27.1,8.86,158.33,99.96,93.43,43.52,3,Verl 2-2 Wehen Wiesbaden,2025-08-09
Verl,3.89,1.52,2.37,2.58,1.52,1.06,0.55,0.00,0.55,3.13,1.52,1.61,2,2,0,-2.37,75.30,74.15,48.98,0.89,0.5,348,17,27,7,30.34,14.0,5.66,4,1,20,10,5,278.8,91.14,0.07,0.04,121.27,56.48,2,Verl 2-2 Wehen Wiesbaden,2025-08-09
Osnabrück,3.20,3.16,0.04,2.83,2.98,-0.15,0.37,0.18,0.19,3.20,3.16,0.04,1,3,-2,-2.04,58.80,62.7,50.38,0.97,1.01,258,14,17,19,17.53,18.81,8.84,1,10,28,8,14,134.8,62.12,24.27,25.89,68.44,33.35,1,1860 München 3-1 Osnabrück,2025-08-09
1860 München,3.16,3.20,-0.04,2.98,2.83,0.15,0.18,0.37,-0.19,3.16,3.20,-0.04,3,1,2,2.04,41.20,37.3,43.21,1.01,0.97,141,15,19,17,18.81,17.53,9.81,10,1,9,4,14,82.2,37.88,69.47,74.11,136.78,66.65,6,1860 München 3-1 Osnabrück,2025-08-09
Hoffenheim II,2.64,1.47,1.17,2.58,0.71,1.87,0.07,0.00,0.07,2.64,0.71,1.93,4,2,2,0.83,54.70,47.58,41.31,0.36,0.65,162,7,10,11,27.78,16.92,8.39,2,5,6,4,17,53.5,44.18,29.13,25.72,52.23,40.47,0,Alemannia Aachen 2-4 Hoffenheim II,2025-08-09
Alemannia Aachen,1.47,2.64,-1.17,0.71,2.58,-1.87,0.00,0.07,-0.07,0.71,2.64,-1.93,2,4,-2,-0.83,45.30,52.42,42.42,0.65,0.36,145,13,11,10,16.92,27.78,10.80,5,2,20,4,13,67.6,55.82,84.13,74.28,76.83,59.53,3,Alemannia Aachen 2-4 Hoffenheim II,2025-08-09
Rot-Weiss Essen,2.31,0.52,1.79,1.85,0.51,1.34,0.46,0.01,0.45,2.31,0.52,1.79,1,1,0,-1.79,72.60,70.38,49.87,0.53,0.27,305,17,23,6,43.4,22.22,8.22,0,1,31,12,9,221.3,91.67,4.67,3.68,127.63,75.76,6,Havelse 1-1 Rot-Weiss Essen,2025-08-09
Havelse,0.52,2.31,-1.79,0.51,1.85,-1.34,0.01,0.46,-0.45,0.52,2.31,-1.79,1,1,0,1.79,27.40,29.62,42.34,0.27,0.53,77,1,6,23,22.22,43.4,21.95,1,0,5,3,10,20.1,8.33,122.07,96.32,40.83,24.24,0,Havelse 1-1 Rot-Weiss Essen,2025-08-09
Erzgebirge Aue,2.00,1.82,0.18,1.73,1.73,0.00,0.27,0.09,0.18,2.00,1.82,0.18,0,1,-1,-1.18,53.50,55.81,46.82,0.88,1.29,203,12,16,20,18.18,15.5,15.05,0,4,24,7,10,69.2,52.11,30.13,33.14,58.57,36.56,5,Ulm 1-0 Erzgebirge Aue,2025-08-09
Ulm,1.82,2.00,-0.18,1.73,1.73,0.00,0.09,0.27,-0.18,1.82,2.00,-0.18,1,0,1,1.18,46.50,44.19,47.29,1.29,0.88,181,18,20,16,15.5,18.18,13.36,4,0,22,4,11,63.6,47.89,60.8,66.86,101.63,63.44,5,Ulm 1-0 Erzgebirge Aue,2025-08-09
Viktoria Köln,0.71,1.55,-0.84,0.56,1.20,-0.64,0.16,0.35,-0.19,0.71,1.55,-0.84,1,2,-1,-0.16,68.50,67.03,49.29,1.0,0.26,310,12,9,7,9.0,26.92,5.81,2,2,19,3,22,140.8,80.83,17.33,10.55,68.1,33.83,2,Saarbrücken 2-1 Viktoria Köln,2025-08-09
Saarbrücken,1.55,0.71,0.84,1.20,0.56,0.64,0.35,0.16,0.19,1.55,0.71,0.84,2,1,1,0.16,31.50,32.97,40.47,0.26,1.0,97,7,7,9,26.92,9.0,14.26,2,2,11,2,18,33.4,19.17,147.0,89.45,133.2,66.17,1,Saarbrücken 2-1 Viktoria Köln,2025-08-09
Energie Cottbus,3.77,0.60,3.17,3.28,0.56,2.72,0.49,0.04,0.45,3.77,0.60,3.17,2,0,2,-1.17,52.00,62.77,53.63,0.97,0.25,262,21,23,9,23.71,36.0,8.70,5,2,34,7,19,167.5,82.19,39.33,43.35,146.2,84.52,0,Schweinfurt 0-2 Energie Cottbus,2025-08-08
Schweinfurt,0.60,3.77,-3.17,0.56,3.28,-2.72,0.04,0.49,-0.45,0.60,3.77,-3.17,0,2,-2,1.17,48.00,37.23,44.45,0.25,0.97,151,10,9,23,36.0,23.71,12.58,2,5,25,3,14,36.3,17.81,51.4,56.65,26.77,15.48,2,Schweinfurt 0-2 Energie Cottbus,2025-08-08
Ulm,1.32,4.53,-3.21,1.08,3.56,-2.48,0.24,0.21,0.03,1.32,3.77,-2.45,1,3,-2,1.21,59.80,56.08,43.33,0.65,0.81,176,10,16,24,24.62,29.63,7.78,5,5,23,5,14,70.0,44.11,4.2,4.58,27.31,12.48,1,Wehen Wiesbaden 3-1 Ulm,2025-08-03
Wehen Wiesbaden,4.53,1.32,3.21,3.56,1.08,2.48,0.21,0.24,-0.03,3.77,1.32,2.45,3,1,2,-1.21,40.20,43.92,45.45,0.81,0.65,132,18,24,16,29.63,24.62,10.78,5,5,13,5,19,88.7,55.89,87.53,95.42,191.56,87.52,4,Wehen Wiesbaden 3-1 Ulm,2025-08-03
Schweinfurt,1.39,2.55,-1.16,0.63,2.34,-1.71,0.01,0.21,-0.20,0.63,2.55,-1.92,0,2,-2,-0.84,44.00,46.69,45.16,0.97,0.34,157,12,12,14,12.37,41.18,9.49,3,7,19,4,17,57.2,36.78,65.07,65.95,54.9,39.3,4,Viktoria Köln 2-0 Schweinfurt,2025-08-03
Viktoria Köln,2.55,1.39,1.16,2.34,0.63,1.71,0.21,0.01,0.20,2.55,0.63,1.92,2,0,2,0.84,56.00,53.31,45.50,0.34,0.97,195,10,14,12,41.18,12.37,9.22,7,3,18,4,16,98.3,63.22,33.6,34.05,84.8,60.7,2,Viktoria Köln 2-0 Schweinfurt,2025-08-03
Hansa Rostock,2.15,2.51,-0.36,2.12,1.38,0.74,0.03,0.37,-0.34,2.15,1.75,0.40,0,0,0,0.36,55.50,57.09,46.20,0.79,0.87,208,14,14,15,17.72,17.24,10.90,6,10,14,2,10,105.4,59.95,31.33,36.32,101.67,52.97,3,Erzgebirge Aue 0-0 Hansa Rostock,2025-08-03
Erzgebirge Aue,2.51,2.15,0.36,1.38,2.12,-0.74,0.37,0.03,0.34,1.75,2.15,-0.40,0,0,0,-0.36,44.50,42.91,41.78,0.87,0.79,144,11,15,14,17.24,17.72,9.88,10,6,20,5,18,70.4,40.05,54.93,63.68,90.27,47.03,6,Erzgebirge Aue 0-0 Hansa Rostock,2025-08-03
Stuttgart II,1.41,2.49,-1.08,1.32,2.49,-1.17,0.09,0.00,0.09,1.41,2.49,-1.08,1,2,-1,0.08,64.20,52.63,45.41,0.59,0.58,221,10,13,11,22.03,18.97,5.74,1,6,19,2,16,66.4,55.2,8.53,8.19,32.77,23.77,2,MSV Duisburg 2-1 Stuttgart II,2025-08-02
MSV Duisburg,2.49,1.41,1.08,2.49,1.32,1.17,0.00,0.09,-0.09,2.49,1.41,1.08,2,1,1,-0.08,35.80,47.37,44.97,0.58,0.59,116,12,11,13,18.97,22.03,9.57,6,1,15,2,24,53.9,44.8,95.67,91.81,105.1,76.23,3,MSV Duisburg 2-1 Stuttgart II,2025-08-02
Saarbrücken,1.69,2.33,-0.64,0.91,1.88,-0.97,0.01,0.45,-0.44,0.93,2.33,-1.40,3,3,0,0.64,54.20,40.61,41.62,0.84,1.15,183,8,8,21,9.52,18.26,7.80,6,6,18,3,20,54.6,26.14,10.8,8.69,29.57,9.37,0,Energie Cottbus 3-3 Saarbrücken,2025-08-02
Energie Cottbus,2.33,1.69,0.64,1.88,0.91,0.97,0.45,0.01,0.44,2.33,0.93,1.40,3,3,0,-0.64,45.80,59.39,52.79,1.15,0.84,224,20,21,8,18.26,9.52,9.64,6,6,23,8,14,154.3,73.86,113.53,91.31,285.97,90.63,1,Energie Cottbus 3-3 Saarbrücken,2025-08-02
Jahn Regensburg,1.26,1.90,-0.64,1.01,0.73,0.28,0.25,1.17,-0.92,1.26,1.90,-0.64,1,1,0,0.64,49.70,50.14,48.57,0.78,1.21,203,16,18,16,23.08,13.22,11.11,4,4,32,6,11,104.2,47.28,51.27,59.66,110.87,45.23,7,Ingolstadt 1-1 Jahn Regensburg,2025-08-02
Ingolstadt,1.90,1.26,0.64,0.73,1.01,-0.28,1.17,0.25,0.92,1.90,1.26,0.64,1,1,0,-0.64,50.30,49.86,44.32,1.21,0.78,183,17,16,18,13.22,23.08,8.91,4,4,27,5,16,116.2,52.72,34.67,40.34,134.27,54.77,11,Ingolstadt 1-1 Jahn Regensburg,2025-08-02
Verl,0.43,2.05,-1.62,0.41,1.88,-1.47,0.02,0.16,-0.14,0.43,2.05,-1.62,2,2,0,1.62,44.90,30.0,36.82,0.2,0.9,102,2,8,17,40.0,18.89,9.79,3,8,2,2,12,26.3,13.05,42.87,40.01,16.43,8.76,2,Waldhof Mannheim 2-2 Verl,2025-08-02
Waldhof Mannheim,2.05,0.43,1.62,1.88,0.41,1.47,0.16,0.02,0.14,2.05,0.43,1.62,2,2,0,-1.62,55.10,70.0,52.87,0.9,0.2,265,15,17,8,18.89,40.0,8.97,8,3,28,6,14,175.2,86.95,64.27,59.99,171.23,91.24,6,Waldhof Mannheim 2-2 Verl,2025-08-02
Alemannia Aachen,0.94,1.18,-0.24,0.93,0.84,0.09,0.01,0.35,-0.34,0.94,1.18,-0.24,0,0,0,0.24,51.50,44.62,41.82,0.26,0.63,145,6,7,19,26.92,30.16,11.23,3,6,15,6,8,61.0,34.04,29.93,34.07,32.87,21.78,6,Osnabrück 0-0 Alemannia Aachen,2025-08-02
Osnabrück,1.18,0.94,0.24,0.84,0.93,-0.09,0.35,0.01,0.34,1.18,0.94,0.24,0,0,0,-0.24,48.50,55.38,44.68,0.63,0.26,150,13,19,7,30.16,26.92,9.62,6,3,23,9,16,118.2,65.96,57.93,65.93,118.07,78.22,3,Osnabrück 0-0 Alemannia Aachen,2025-08-02
Havelse,1.05,1.50,-0.45,1.03,1.50,-0.47,0.03,0.00,0.03,1.05,1.50,-0.45,0,0,0,0.45,40.40,41.23,46.29,1.29,0.77,146,12,12,18,9.3,23.38,17.52,1,5,19,5,7,43.9,24.24,83.8,80.48,61.7,40.27,1,Hoffenheim II 0-0 Havelse,2025-08-02
Hoffenheim II,1.50,1.05,0.45,1.50,1.03,0.47,0.00,0.03,-0.03,1.50,1.05,0.45,0,0,0,-0.45,59.60,58.77,49.01,0.77,1.29,245,21,18,12,23.38,9.3,9.33,5,1,27,4,18,137.2,75.76,20.33,19.52,91.53,59.73,2,Hoffenheim II 0-0 Havelse,2025-08-02
1860 München,0.67,2.15,-1.48,0.59,2.11,-1.52,0.09,0.04,0.05,0.67,2.15,-1.48,1,1,0,1.48,59.60,55.97,43.56,0.64,0.31,211,11,7,15,10.94,48.39,7.83,7,4,28,10,15,64.9,47.58,27.93,23.55,43.07,24.9,2,Rot-Weiss Essen 1-1 1860 München,2025-08-01
Rot-Weiss Essen,2.15,0.67,1.48,2.11,0.59,1.52,0.04,0.09,-0.05,2.15,0.67,1.48,1,1,0,-1.48,40.40,44.03,44.96,0.31,0.64,148,10,15,7,48.39,10.94,17.18,4,7,23,5,13,71.5,52.42,90.67,76.45,129.9,75.1,5,Rot-Weiss Essen 1-1 1860 München,2025-08-01
