Team,xG,xGA,xGD,Open Play xG,Open Play xGA,Open Play xGD,Set Piece xG,Set Piece xGA,Set Piece xGD,npxG,npxGA,npxGD,Goals,Goals Conceded,GD,GD-xGD,Possession,Field Tilt,Avg Pass Height,xT,xT Against,Passes in Opposition Half,Passes into Box,Shots,Shots Faced,Shots per 1.0 xT,Shots Faced per 1.0 xT Against,PPDA,High Recoveries,High Recoveries Against,Crosses,Corners,Fouls,On-Ball Pressure,On-Ball Pressure Share,Off-Ball Pressure,Off-Ball Pressure Share,Game Control,Game Control Share,Throw-Ins into the Box,Match,Date
Stade Briochin,2.86,4.43,-1.57,2.77,4.28,-1.51,0.10,0.15,-0.05,2.86,4.43,-1.57,2,2,0,1.57,42.20,31.61,40.42,0.57,1.68,127,10,14,32,24.56,19.05,17.39,0,6,10,2,16,23.4,11.39,54.6,78.22,34.23,15.95,1,Versailles 2-2 Stade Briochin,2026-05-15
Versailles,4.43,2.86,1.57,4.28,2.77,1.51,0.15,0.10,0.05,4.43,2.86,1.57,2,2,0,-1.57,57.80,68.39,53.84,1.68,0.57,271,24,32,14,19.05,24.56,8.46,6,0,23,8,14,182.0,88.61,15.2,21.78,180.43,84.05,1,Versailles 2-2 Stade Briochin,2026-05-15
Châteauroux,1.62,1.98,-0.36,1.06,1.82,-0.76,0.56,0.16,0.40,1.62,1.98,-0.36,2,2,0,0.36,49.70,57.59,50.89,1.0,0.86,245,15,18,14,18.0,16.28,9.60,7,7,28,4,14,114.6,65.9,62.0,67.3,142.2,63.7,1,Valenciennes 2-2 Châteauroux,2026-05-15
Valenciennes,1.98,1.62,0.36,1.82,1.06,0.76,0.16,0.56,-0.40,1.98,1.62,0.36,2,2,0,-0.36,50.30,42.41,43.14,0.86,1.0,168,12,14,18,16.28,18.0,9.15,7,7,15,5,15,59.3,34.1,30.13,32.7,81.03,36.3,2,Valenciennes 2-2 Châteauroux,2026-05-15
Paris 13 Atletico,1.07,2.40,-1.33,0.99,1.57,-0.58,0.07,0.07,0.00,1.07,1.64,-0.57,0,1,-1,0.33,55.20,37.34,36.61,0.26,0.51,135,5,8,24,30.77,47.06,11.70,6,16,6,3,10,35.0,16.76,13.87,10.87,26.07,8.64,3,Quevilly-Rouen Métropole 1-0 Paris 13 Atletico,2026-05-15
Quevilly-Rouen Métropole,2.40,1.07,1.33,1.57,0.99,0.58,0.07,0.07,0.00,1.64,1.07,0.57,1,0,1,-0.33,44.80,62.66,48.76,0.51,0.26,195,15,24,8,47.06,30.77,12.13,16,6,19,7,7,173.8,83.24,113.73,89.13,275.73,91.36,2,Quevilly-Rouen Métropole 1-0 Paris 13 Atletico,2026-05-15
Le Puy Foot,0.80,2.14,-1.34,0.60,2.13,-1.53,0.21,0.01,0.20,0.80,2.14,-1.34,2,2,0,1.34,48.20,24.9,33.96,0.46,0.87,94,5,7,20,15.22,22.99,14.26,4,14,6,3,6,9.5,5.07,47.0,30.89,21.4,7.05,0,Sochaux 2-2 Le Puy Foot,2026-05-15
Sochaux,2.14,0.80,1.34,2.13,0.60,1.53,0.01,0.21,-0.20,2.14,0.80,1.34,2,2,0,-1.34,51.80,75.1,50.74,0.87,0.46,277,11,20,7,22.99,15.22,10.95,14,4,14,5,10,177.8,94.93,105.13,69.11,282.33,92.95,1,Sochaux 2-2 Le Puy Foot,2026-05-15
Rouen,2.93,0.76,2.17,2.14,0.73,1.41,0.03,0.03,0.00,2.17,0.76,1.41,2,1,1,-1.17,55.90,63.3,54.07,1.26,0.2,255,21,16,9,12.7,45.0,8.11,5,5,21,8,12,165.9,89.58,34.47,51.19,169.57,88.3,2,Fleury 1-2 Rouen,2026-05-15
Fleury,0.76,2.93,-2.17,0.73,2.14,-1.41,0.03,0.03,0.00,0.76,2.17,-1.41,1,2,-1,1.17,44.10,36.7,45.72,0.2,1.26,147,6,9,16,45.0,12.7,8.89,5,5,14,4,17,19.3,10.42,32.87,48.81,22.47,11.7,0,Fleury 1-2 Rouen,2026-05-15
Orléans,1.20,4.79,-3.59,1.20,4.27,-3.07,0.00,0.52,-0.52,1.20,4.79,-3.59,2,3,-1,2.59,45.60,51.11,44.71,0.63,0.5,181,8,13,20,20.63,40.0,13.52,4,6,25,4,9,73.4,47.35,63.8,63.29,91.43,51.41,1,Dijon 3-2 Orléans,2026-05-15
Dijon,4.79,1.20,3.59,4.27,1.20,3.07,0.52,0.00,0.52,4.79,1.20,3.59,3,2,1,-2.59,54.40,48.89,43.74,0.5,0.63,197,17,20,13,40.0,20.63,10.24,6,4,20,4,12,81.6,52.65,37.0,36.71,86.43,48.59,0,Dijon 3-2 Orléans,2026-05-15
Villefranche,0.95,1.27,-0.32,0.84,1.17,-0.33,0.11,0.10,0.01,0.95,1.27,-0.32,2,2,0,0.32,55.70,52.42,41.46,1.13,0.75,176,11,9,13,7.96,17.33,13.21,3,10,23,8,10,61.4,51.86,43.33,39.39,42.03,22.85,0,Concarneau 2-2 Villefranche,2026-05-15
Concarneau,1.27,0.95,0.32,1.17,0.84,0.33,0.10,0.11,-0.01,1.27,0.95,0.32,2,2,0,-0.32,44.30,47.58,43.40,0.75,1.13,156,11,13,9,17.33,7.96,14.42,10,3,11,4,9,57.0,48.14,66.67,60.61,141.9,77.15,0,Concarneau 2-2 Villefranche,2026-05-15
Caen,2.92,2.21,0.71,2.92,2.00,0.92,0.00,0.21,-0.21,2.92,2.21,0.71,1,3,-2,-2.71,69.70,75.69,50.80,1.29,0.45,331,14,12,12,9.3,26.67,6.89,6,3,12,2,14,177.2,91.53,20.73,15.71,121.8,68.44,1,Aubagne 3-1 Caen,2026-05-15
Aubagne,2.21,2.92,-0.71,2.00,2.92,-0.92,0.21,0.00,0.21,2.21,2.92,-0.71,3,1,2,2.71,30.30,24.31,37.06,0.45,1.29,54,8,12,12,26.67,9.3,14.06,3,6,9,3,10,16.4,8.47,111.2,84.29,56.17,31.56,2,Aubagne 3-1 Caen,2026-05-15
Quevilly-Rouen Métropole,2.50,1.55,0.95,2.43,1.55,0.88,0.07,0.00,0.07,2.50,1.55,0.95,0,3,-3,-3.95,53.50,47.35,47.52,0.94,1.23,211,11,18,7,19.15,5.69,8.24,7,5,18,4,12,109.7,62.29,28.33,37.12,41.41,23.2,0,Stade Briochin 3-0 Quevilly-Rouen Métropole,2026-05-09
Stade Briochin,1.55,2.50,-0.95,1.55,2.43,-0.88,0.00,0.07,-0.07,1.55,2.50,-0.95,3,0,3,3.95,46.50,52.65,48.78,1.23,0.94,198,10,7,18,5.69,19.15,8.74,5,7,21,2,15,66.4,37.71,48.0,62.88,137.1,76.8,0,Stade Briochin 3-0 Quevilly-Rouen Métropole,2026-05-09
Concarneau,1.51,0.67,0.84,1.51,0.67,0.84,0.00,0.00,0.00,1.51,0.67,0.84,0,0,0,-0.84,34.50,32.93,40.27,0.8,0.54,98,6,7,8,8.75,14.81,16.63,4,7,9,3,10,37.9,27.27,104.4,88.12,86.43,59.31,0,Caen 0-0 Concarneau,2026-05-09
Caen,0.67,1.51,-0.84,0.67,1.51,-0.84,0.00,0.00,0.00,0.67,1.51,-0.84,0,0,0,0.84,65.50,67.07,49.42,0.54,0.8,291,4,8,7,14.81,8.75,8.75,7,4,19,4,10,101.1,72.73,14.07,11.88,59.3,40.69,0,Caen 0-0 Concarneau,2026-05-09
Aubagne,0.39,1.29,-0.90,0.27,1.12,-0.85,0.12,0.17,-0.05,0.39,1.29,-0.90,1,1,0,0.90,48.70,48.43,43.86,0.27,0.72,171,10,4,11,14.81,15.28,9.28,5,4,16,2,15,43.6,32.11,53.8,43.93,36.03,24.59,0,Paris 13 Atletico 1-1 Aubagne,2026-05-09
Paris 13 Atletico,1.29,0.39,0.90,1.12,0.27,0.85,0.17,0.12,0.05,1.29,0.39,0.90,1,1,0,-0.90,51.30,51.57,45.01,0.72,0.27,196,10,11,4,15.28,14.81,11.28,4,5,21,6,15,92.2,67.89,68.67,56.07,110.5,75.41,2,Paris 13 Atletico 1-1 Aubagne,2026-05-09
Fleury,0.91,3.64,-2.73,0.80,3.62,-2.82,0.11,0.02,0.09,0.91,3.64,-2.73,0,2,-2,0.73,52.00,51.01,44.48,0.56,1.19,182,10,6,27,10.71,22.69,16.85,5,8,15,9,6,55.7,29.96,35.2,38.29,37.17,12.76,1,Orléans 2-0 Fleury,2026-05-09
Orléans,3.64,0.91,2.73,3.62,0.80,2.82,0.02,0.11,-0.09,3.64,0.91,2.73,2,0,2,-0.73,48.00,48.99,43.91,1.19,0.56,156,17,27,6,22.69,10.71,11.69,8,5,12,5,13,130.2,70.04,56.73,61.71,254.07,87.24,0,Orléans 2-0 Fleury,2026-05-09
Dijon,1.41,0.89,0.52,1.41,0.84,0.57,0.00,0.05,-0.05,1.41,0.89,0.52,2,1,1,0.48,45.70,36.99,38.81,0.46,0.75,135,7,11,10,23.91,13.33,13.72,3,9,8,2,18,34.3,35.62,81.73,64.56,103.8,59.51,0,Le Puy Foot 1-2 Dijon,2026-05-09
Le Puy Foot,0.89,1.41,-0.52,0.84,1.41,-0.57,0.05,0.00,0.05,0.89,1.41,-0.52,1,2,-1,-0.48,54.30,63.01,39.70,0.75,0.46,175,11,10,11,13.33,23.91,11.79,9,3,22,9,12,62.0,64.38,44.87,35.44,70.63,40.49,1,Le Puy Foot 1-2 Dijon,2026-05-09
Versailles,0.85,1.93,-1.08,0.85,1.37,-0.52,0.00,0.56,-0.56,0.85,1.93,-1.08,3,1,2,3.08,40.90,29.94,43.17,0.5,1.3,119,8,13,17,26.0,13.08,10.27,5,5,11,4,17,23.7,13.42,59.67,71.89,55.97,36.51,0,Rouen 1-3 Versailles,2026-05-09
Rouen,1.93,0.85,1.08,1.37,0.85,0.52,0.56,0.00,0.56,1.93,0.85,1.08,1,3,-2,-3.08,59.10,70.06,49.35,1.3,0.5,232,20,17,13,13.08,26.0,6.80,5,5,33,13,12,152.9,86.58,23.33,28.11,97.33,63.49,2,Rouen 1-3 Versailles,2026-05-09
Valenciennes,1.16,0.90,0.26,1.06,0.65,0.41,0.10,0.25,-0.15,1.16,0.90,0.26,0,1,-1,-1.26,62.40,54.09,46.08,0.92,0.48,220,12,12,9,13.04,18.75,12.37,2,2,25,7,9,77.2,55.82,3.07,2.66,37.57,21.47,3,Bourg-Péronnas 1-0 Valenciennes,2026-05-09
Bourg-Péronnas,0.90,1.16,-0.26,0.65,1.06,-0.41,0.25,0.10,0.15,0.90,1.16,-0.26,1,0,1,1.26,37.60,45.91,47.84,0.48,0.92,150,11,9,12,18.75,13.04,17.40,2,2,23,8,11,61.1,44.18,112.53,97.34,137.43,78.53,1,Bourg-Péronnas 1-0 Valenciennes,2026-05-09
Sochaux,1.61,0.61,1.00,1.42,0.57,0.85,0.19,0.04,0.15,1.61,0.61,1.00,1,2,-1,-2.00,54.80,67.23,52.08,0.78,0.42,183,13,14,7,17.95,16.67,6.83,8,1,27,7,9,130.9,87.15,35.2,57.58,136.57,89.57,2,Châteauroux 2-1 Sochaux,2026-05-09
Châteauroux,0.61,1.61,-1.00,0.57,1.42,-0.85,0.04,0.19,-0.15,0.61,1.61,-1.00,2,1,1,2.00,45.20,32.77,40.11,0.42,0.78,85,5,7,14,16.67,17.95,10.55,1,8,9,4,14,19.3,12.85,25.93,42.42,15.9,10.43,0,Châteauroux 2-1 Sochaux,2026-05-09
Rouen,0.87,1.07,-0.20,0.87,1.04,-0.17,0.00,0.03,-0.03,0.87,1.07,-0.20,0,0,0,0.20,56.50,64.27,54.02,0.88,0.49,267,14,13,11,14.77,22.45,9.96,1,2,33,8,16,137.8,80.96,35.13,40.88,129.8,76.41,1,Quevilly-Rouen Métropole 0-0 Rouen,2026-05-02
Quevilly-Rouen Métropole,1.07,0.87,0.20,1.04,0.87,0.17,0.03,0.00,0.03,1.07,0.87,0.20,0,0,0,-0.20,43.50,35.73,43.40,0.49,0.88,123,9,11,13,22.45,14.77,10.55,2,1,17,2,12,32.4,19.04,50.8,59.12,40.07,23.59,0,Quevilly-Rouen Métropole 0-0 Rouen,2026-05-02
Villefranche,0.39,3.09,-2.70,0.22,2.25,-2.03,0.17,0.08,0.09,0.39,2.33,-1.94,0,1,-1,1.70,67.30,61.56,48.03,0.74,0.85,252,15,8,20,10.81,23.53,7.89,1,5,22,11,14,87.3,55.64,4.53,4.17,40.23,22.64,1,Bourg-Péronnas 1-0 Villefranche,2026-05-02
Bourg-Péronnas,3.09,0.39,2.70,2.25,0.22,2.03,0.08,0.17,-0.09,2.33,0.39,1.94,1,0,1,-1.70,32.70,38.44,41.98,0.85,0.74,103,11,20,8,23.53,10.81,11.87,5,1,15,7,17,69.6,44.36,104.0,95.83,137.5,77.36,0,Bourg-Péronnas 1-0 Villefranche,2026-05-02
Valenciennes,2.23,2.50,-0.27,1.39,2.45,-1.06,0.08,0.04,0.04,1.47,2.50,-1.03,1,1,0,0.27,45.50,37.04,41.56,0.3,1.59,121,6,12,14,40.0,8.81,9.06,6,4,13,3,13,35.6,20.16,39.53,55.94,35.43,19.22,2,Sochaux 1-1 Valenciennes,2026-05-02
Sochaux,2.50,2.23,0.27,2.45,1.39,1.06,0.04,0.08,-0.04,2.50,1.47,1.03,1,1,0,-0.27,54.50,62.96,52.97,1.59,0.3,232,16,14,12,8.81,40.0,12.08,4,6,23,5,15,141.0,79.84,31.13,44.06,148.93,80.78,1,Sochaux 1-1 Valenciennes,2026-05-02
Le Puy Foot,1.23,2.46,-1.23,1.11,1.88,-0.77,0.11,0.58,-0.47,1.23,2.46,-1.23,0,4,-4,-2.77,57.80,62.03,43.90,1.4,1.0,229,12,11,13,7.86,13.0,9.67,6,6,29,8,13,89.3,57.91,12.87,13.35,16.42,8.31,0,Fleury 4-0 Le Puy Foot,2026-05-01
Fleury,2.46,1.23,1.23,1.88,1.11,0.77,0.58,0.11,0.47,2.46,1.23,1.23,4,0,4,2.77,42.20,37.97,40.05,1.0,1.4,138,8,13,11,13.0,7.86,13.12,6,6,11,5,15,64.9,42.09,83.53,86.65,181.07,91.69,0,Fleury 4-0 Le Puy Foot,2026-05-01
Stade Briochin,1.10,1.79,-0.69,0.32,0.49,-0.17,0.03,0.54,-0.51,0.34,1.03,-0.69,2,1,1,1.69,44.10,46.36,41.53,0.26,0.47,122,6,9,13,34.62,27.66,8.95,6,10,11,4,15,60.5,38.36,96.0,65.99,71.9,41.81,1,Aubagne 1-2 Stade Briochin,2026-05-01
Aubagne,1.79,1.10,0.69,0.49,0.32,0.17,0.54,0.03,0.51,1.03,0.34,0.69,1,2,-1,-1.69,55.90,53.64,44.80,0.47,0.26,198,10,13,9,27.66,34.62,8.34,10,6,25,11,16,97.2,61.64,49.47,34.01,100.07,58.19,1,Aubagne 1-2 Stade Briochin,2026-05-01
Orléans,0.30,1.58,-1.28,0.30,1.49,-1.19,0.00,0.09,-0.09,0.30,1.58,-1.28,0,0,0,1.28,46.30,54.33,45.71,0.59,0.89,158,9,8,10,13.56,11.24,13.81,4,3,15,4,12,84.8,52.83,73.4,83.72,119.0,70.09,0,Versailles 0-0 Orléans,2026-05-01
Versailles,1.58,0.30,1.28,1.49,0.30,1.19,0.09,0.00,0.09,1.58,0.30,1.28,0,0,0,-1.28,53.70,45.67,38.72,0.89,0.59,142,12,10,8,11.24,13.56,10.37,3,4,14,6,16,75.7,47.17,14.27,16.28,50.77,29.91,2,Versailles 0-0 Orléans,2026-05-01
Paris 13 Atletico,0.16,0.82,-0.66,0.16,0.67,-0.51,0.00,0.16,-0.16,0.16,0.82,-0.66,0,0,0,0.66,40.60,23.61,33.31,0.09,0.71,77,3,1,12,11.11,16.9,17.50,3,4,6,2,11,7.9,4.15,79.33,64.81,17.93,10.3,1,Concarneau 0-0 Paris 13 Atletico,2026-04-30
Concarneau,0.82,0.16,0.66,0.67,0.16,0.51,0.16,0.00,0.16,0.82,0.16,0.66,0,0,0,-0.66,59.40,76.39,48.77,0.71,0.09,288,13,12,1,16.9,11.11,10.68,4,3,29,7,12,182.3,95.85,43.07,35.19,156.07,89.7,1,Concarneau 0-0 Paris 13 Atletico,2026-04-30
Châteauroux,2.74,2.28,0.46,1.89,2.03,-0.14,0.09,0.25,-0.16,1.98,2.28,-0.30,2,1,1,0.54,46.90,45.45,42.65,0.64,0.86,142,10,11,12,17.19,13.95,12.47,4,4,13,2,14,75.0,46.67,47.27,51.91,99.03,53.13,0,Dijon 1-2 Châteauroux,2026-04-30
Dijon,2.28,2.74,-0.46,2.03,1.89,0.14,0.25,0.09,0.16,2.28,1.98,0.30,1,2,-1,-0.54,53.10,54.55,43.18,0.86,0.64,147,15,12,11,13.95,17.19,9.39,4,4,23,4,12,85.7,53.33,43.8,48.09,87.37,46.87,3,Dijon 1-2 Châteauroux,2026-04-30
Dijon,1.38,0.56,0.82,1.38,0.37,1.01,0.00,0.19,-0.19,1.38,0.56,0.82,1,0,1,0.18,49.90,49.82,44.44,0.71,0.45,197,7,9,8,12.68,17.78,13.03,4,4,16,3,10,67.2,51.18,39.4,45.81,76.17,52.12,1,Valenciennes 0-1 Dijon,2026-04-24
Valenciennes,0.56,1.38,-0.82,0.37,1.38,-1.01,0.19,0.00,0.19,0.56,1.38,-0.82,0,1,-1,-0.18,50.10,50.18,42.57,0.45,0.71,175,11,8,9,17.78,12.68,15.43,4,4,28,5,11,64.1,48.82,46.6,54.19,69.97,47.88,2,Valenciennes 0-1 Dijon,2026-04-24
Concarneau,1.59,0.79,0.80,1.05,0.79,0.26,0.54,0.00,0.54,1.59,0.79,0.80,2,1,1,0.20,36.30,40.0,44.35,0.69,0.35,128,8,11,8,15.94,22.86,13.66,2,5,15,5,12,41.8,32.18,113.8,94.1,112.8,74.05,1,Stade Briochin 1-2 Concarneau,2026-04-24
Stade Briochin,0.79,1.59,-0.80,0.79,1.05,-0.26,0.00,0.54,-0.54,0.79,1.59,-0.80,1,2,-1,-0.20,63.70,60.0,44.43,0.35,0.69,220,6,8,11,22.86,15.94,11.25,5,2,15,4,11,88.1,67.82,7.13,5.9,39.53,25.95,2,Stade Briochin 1-2 Concarneau,2026-04-24
Bourg-Péronnas,1.07,2.08,-1.01,1.07,1.23,-0.16,0.00,0.09,-0.09,1.07,1.32,-0.25,1,2,-1,0.01,33.40,25.59,37.72,0.34,1.38,76,6,9,13,26.47,9.42,14.58,1,5,9,1,16,35.0,13.87,103.27,73.98,16.5,10.94,0,Sochaux 2-1 Bourg-Péronnas,2026-04-24
Sochaux,2.08,1.07,1.01,1.23,1.07,0.16,0.09,0.00,0.09,1.32,1.07,0.25,2,1,1,-0.01,66.60,74.41,56.20,1.38,0.34,348,18,13,9,9.42,26.47,6.50,5,1,30,5,15,217.4,86.13,36.33,26.02,134.27,89.06,3,Sochaux 2-1 Bourg-Péronnas,2026-04-24
Villefranche,0.58,2.60,-2.02,0.58,2.38,-1.80,0.00,0.22,-0.22,0.58,2.60,-2.02,0,3,-3,-0.98,42.90,35.87,41.15,0.34,1.05,130,7,9,17,26.47,16.19,12.15,4,13,11,1,13,38.6,21.4,76.8,74.85,37.82,13.25,0,Caen 3-0 Villefranche,2026-04-24
Caen,2.60,0.58,2.02,2.38,0.58,1.80,0.22,0.00,0.22,2.60,0.58,2.02,3,0,3,0.98,57.10,64.13,47.20,1.05,0.34,245,19,17,9,16.19,26.47,6.40,13,4,17,9,21,141.8,78.6,25.8,25.15,247.7,86.75,3,Caen 3-0 Villefranche,2026-04-24
Quevilly-Rouen Métropole,2.05,0.52,1.53,2.05,0.39,1.66,0.00,0.13,-0.13,2.05,0.52,1.53,3,0,3,1.47,43.70,38.14,42.01,0.83,0.41,138,6,6,10,7.23,24.39,13.66,5,12,11,0,14,31.2,23.48,76.4,65.04,80.0,50.74,1,Orléans 0-3 Quevilly-Rouen Métropole,2026-04-24
Orléans,0.52,2.05,-1.53,0.39,2.05,-1.66,0.13,0.00,0.13,0.52,2.05,-1.53,0,3,-3,-1.47,56.30,61.86,48.03,0.41,0.83,264,10,10,6,24.39,7.23,10.57,12,5,30,7,9,101.7,76.52,41.07,34.96,77.67,49.26,3,Orléans 0-3 Quevilly-Rouen Métropole,2026-04-24
Versailles,2.28,1.93,0.35,1.19,1.93,-0.74,0.33,0.00,0.33,1.52,1.93,-0.41,2,2,0,-0.35,50.40,59.07,48.75,1.36,0.73,194,25,22,7,16.18,9.59,9.32,3,1,25,8,14,134.5,79.26,68.13,61.2,162.67,78.93,0,Le Puy Foot 2-2 Versailles,2026-04-24
Le Puy Foot,1.93,2.28,-0.35,1.93,1.19,0.74,0.00,0.33,-0.33,1.93,1.52,0.41,2,2,0,0.35,49.60,40.93,42.18,0.73,1.36,148,8,7,22,9.59,16.18,11.57,1,3,17,1,14,35.2,20.74,43.2,38.8,43.43,21.07,3,Le Puy Foot 2-2 Versailles,2026-04-24
Aubagne,1.26,4.07,-2.81,1.20,3.89,-2.69,0.06,0.18,-0.12,1.26,4.07,-2.81,1,3,-2,0.81,49.60,41.04,43.28,0.72,1.56,136,10,9,22,12.5,14.1,7.44,5,6,7,2,18,67.7,28.48,26.67,33.42,54.77,19.92,1,Rouen 3-1 Aubagne,2026-04-24
Rouen,4.07,1.26,2.81,3.89,1.20,2.69,0.18,0.06,0.12,4.07,1.26,2.81,3,1,2,-0.81,50.40,58.96,51.40,1.56,0.72,204,27,22,9,14.1,12.5,7.79,6,5,32,8,13,170.0,71.52,53.13,66.58,220.17,80.08,1,Rouen 3-1 Aubagne,2026-04-24
Fleury,1.00,0.34,0.66,0.89,0.26,0.63,0.11,0.09,0.02,1.00,0.34,0.66,2,0,2,1.34,48.30,46.24,45.61,0.64,0.3,195,8,10,5,15.62,16.67,7.58,6,2,15,7,20,72.1,52.67,55.27,56.2,99.37,78.34,1,Châteauroux 0-2 Fleury,2026-04-24
Châteauroux,0.34,1.00,-0.66,0.26,0.89,-0.63,0.09,0.11,-0.02,0.34,1.00,-0.66,0,2,-2,-1.34,51.70,53.76,46.57,0.3,0.64,192,3,5,10,16.67,15.62,10.08,2,6,18,3,15,64.8,47.33,43.07,43.8,27.47,21.66,0,Châteauroux 0-2 Fleury,2026-04-24
Paris 13 Atletico,2.25,2.32,-0.07,1.35,1.56,-0.21,0.14,0.00,0.14,1.49,1.56,-0.07,1,3,-2,-1.93,47.30,61.44,50.28,0.5,0.55,216,17,19,12,38.0,21.82,11.75,6,4,18,7,16,107.2,68.5,83.2,78.2,111.0,55.5,1,Villefranche 3-1 Paris 13 Atletico,2026-04-17
Villefranche,2.32,2.25,0.07,1.56,1.35,0.21,0.00,0.14,-0.14,1.56,1.49,0.07,3,1,2,1.93,52.70,38.56,39.12,0.55,0.5,133,10,12,19,21.82,38.0,11.57,4,6,8,3,5,49.3,31.5,23.2,21.8,88.99,44.5,0,Villefranche 3-1 Paris 13 Atletico,2026-04-17
Châteauroux,0.75,2.65,-1.90,0.75,2.31,-1.56,0.00,0.34,-0.34,0.75,2.65,-1.90,0,4,-4,-2.10,52.30,40.94,38.34,0.22,0.59,139,1,3,16,13.64,27.12,12.66,2,9,7,0,10,34.2,20.85,23.4,22.69,10.88,3.35,0,Versailles 4-0 Châteauroux,2026-04-17
Versailles,2.65,0.75,1.90,2.31,0.75,1.56,0.34,0.00,0.34,2.65,0.75,1.90,4,0,4,2.10,47.70,59.06,46.40,0.59,0.22,206,13,16,3,27.12,13.64,8.68,9,2,12,6,25,129.8,79.15,79.73,77.31,313.52,96.65,0,Versailles 4-0 Châteauroux,2026-04-17
Le Puy Foot,0.40,1.31,-0.91,0.38,1.31,-0.93,0.01,0.00,0.01,0.40,1.31,-0.91,0,0,0,0.91,51.60,52.99,41.14,0.49,0.57,179,12,6,11,12.24,19.3,14.26,4,3,19,6,14,68.7,55.4,34.2,36.26,60.2,45.29,1,Quevilly-Rouen Métropole 0-0 Le Puy Foot,2026-04-17
Quevilly-Rouen Métropole,1.31,0.40,0.91,1.31,0.38,0.93,0.00,0.01,-0.01,1.31,0.40,0.91,0,0,0,-0.91,48.40,47.01,41.35,0.57,0.49,176,7,11,6,19.3,12.24,12.72,3,4,14,2,17,55.3,44.6,60.13,63.74,72.73,54.71,1,Quevilly-Rouen Métropole 0-0 Le Puy Foot,2026-04-17
Valenciennes,0.91,2.82,-1.91,0.55,2.82,-2.27,0.36,0.00,0.36,0.91,2.82,-1.91,0,2,-2,-0.09,56.30,60.33,48.61,0.95,0.45,237,13,13,10,13.68,22.22,11.96,3,7,32,8,8,105.2,73.0,31.87,38.89,80.97,63.74,0,Fleury 2-0 Valenciennes,2026-04-17
Fleury,2.82,0.91,1.91,2.82,0.55,2.27,0.00,0.36,-0.36,2.82,0.91,1.91,2,0,2,0.09,43.70,39.67,43.63,0.45,0.95,142,7,10,13,22.22,13.68,11.39,7,3,6,2,13,38.9,27.0,50.07,61.11,46.07,36.26,0,Fleury 2-0 Valenciennes,2026-04-17
Caen,2.63,0.93,1.70,2.43,0.80,1.63,0.20,0.14,0.06,2.63,0.93,1.70,2,0,2,0.30,53.20,44.41,39.83,0.51,0.69,158,12,9,10,17.65,14.49,12.16,1,9,13,4,13,58.7,39.77,35.07,29.72,59.43,41.26,2,Bourg-Péronnas 0-2 Caen,2026-04-17
Bourg-Péronnas,0.93,2.63,-1.70,0.80,2.43,-1.63,0.14,0.20,-0.06,0.93,2.63,-1.70,0,2,-2,-0.30,46.80,55.59,47.01,0.69,0.51,187,8,10,9,14.49,17.65,10.68,9,1,19,4,13,88.9,60.23,82.93,70.28,84.6,58.74,0,Bourg-Péronnas 0-2 Caen,2026-04-17
Sochaux,1.31,1.27,0.04,0.98,1.27,-0.29,0.33,0.00,0.33,1.31,1.27,0.04,0,0,0,-0.04,38.60,40.14,44.33,0.64,1.09,122,15,12,10,18.75,9.17,11.46,5,7,20,6,11,59.1,38.2,72.8,87.36,83.9,59.07,0,Dijon 0-0 Sochaux,2026-04-17
Dijon,1.27,1.31,-0.04,1.27,0.98,0.29,0.00,0.33,-0.33,1.27,1.31,-0.04,0,0,0,0.04,61.40,59.86,46.33,1.09,0.64,216,11,10,12,9.17,18.75,6.76,7,5,19,3,12,95.6,61.8,10.53,12.64,58.13,40.93,6,Dijon 0-0 Sochaux,2026-04-17
Rouen,0.74,2.32,-1.58,0.65,1.78,-1.13,0.09,0.54,-0.45,0.74,2.32,-1.58,0,0,0,1.58,54.20,53.31,44.22,0.42,0.58,184,12,7,18,16.67,31.03,10.55,7,3,19,8,12,76.3,48.91,26.53,34.25,68.7,41.59,2,Concarneau 0-0 Rouen,2026-04-17
Concarneau,2.32,0.74,1.58,1.78,0.65,1.13,0.54,0.09,0.45,2.32,0.74,1.58,0,0,0,-1.58,45.80,46.69,45.96,0.58,0.42,162,17,18,7,31.03,16.67,16.44,3,7,13,4,10,79.7,51.09,50.93,65.75,96.5,58.41,2,Concarneau 0-0 Rouen,2026-04-17
Orléans,3.63,0.70,2.93,2.07,0.70,1.37,0.04,0.00,0.04,2.11,0.70,1.41,2,0,2,-0.93,60.70,72.15,52.35,1.29,0.46,264,17,22,8,17.05,17.39,6.42,11,4,18,5,12,220.1,91.86,19.6,28.68,204.83,87.16,1,Aubagne 0-2 Orléans,2026-04-17
Aubagne,0.70,3.63,-2.93,0.70,2.07,-1.37,0.00,0.04,-0.04,0.70,2.11,-1.41,0,2,-2,0.93,39.30,27.85,37.43,0.46,1.29,85,13,8,22,17.39,17.05,12.00,4,11,10,1,15,19.5,8.14,48.73,71.32,30.17,12.84,1,Aubagne 0-2 Orléans,2026-04-17
Versailles,0.94,1.29,-0.35,0.88,1.29,-0.41,0.06,0.00,0.06,0.94,1.29,-0.35,0,1,-1,-0.65,48.20,49.81,44.74,0.77,0.77,167,12,12,13,15.58,16.88,13.41,3,1,25,9,8,60.6,48.52,51.13,66.18,81.97,55.52,1,Valenciennes 1-0 Versailles,2026-04-10
Valenciennes,1.29,0.94,0.35,1.29,0.88,0.41,0.00,0.06,-0.06,1.29,0.94,0.35,1,0,1,0.65,51.80,50.19,43.31,0.77,0.77,178,9,13,12,16.88,15.58,16.95,1,3,19,4,10,64.3,51.48,26.13,33.82,65.67,44.48,3,Valenciennes 1-0 Versailles,2026-04-10
Villefranche,1.33,2.68,-1.35,1.04,1.09,-0.05,0.30,1.60,-1.30,1.33,2.68,-1.35,0,0,0,1.35,41.90,32.36,35.32,0.41,0.88,89,7,10,23,24.39,26.14,19.86,3,2,10,3,10,40.1,20.94,56.07,54.79,56.63,26.37,0,Stade Briochin 0-0 Villefranche,2026-04-10
Stade Briochin,2.68,1.33,1.35,1.09,1.04,0.05,1.60,0.30,1.30,2.68,1.33,1.35,0,0,0,-1.35,58.10,67.64,48.35,0.88,0.41,245,19,23,10,26.14,24.39,9.67,2,3,30,12,15,151.4,79.06,46.27,45.21,158.13,73.63,2,Stade Briochin 0-0 Villefranche,2026-04-10
Fleury,1.68,2.17,-0.49,0.92,2.00,-1.08,0.00,0.17,-0.17,0.92,2.17,-1.25,2,2,0,0.49,58.40,40.62,41.98,0.58,0.83,152,7,11,17,18.97,20.48,5.63,2,10,8,1,18,50.4,28.39,10.27,10.04,19.1,9.09,2,Sochaux 2-2 Fleury,2026-04-10
Sochaux,2.17,1.68,0.49,2.00,0.92,1.08,0.17,0.00,0.17,2.17,0.92,1.25,2,2,0,-0.49,41.60,59.38,51.76,0.83,0.58,163,18,17,11,20.48,18.97,8.36,10,2,30,9,11,127.1,71.61,92.07,89.96,191.1,90.91,1,Sochaux 2-2 Fleury,2026-04-10
Caen,2.05,1.69,0.36,2.03,1.69,0.34,0.01,0.00,0.01,2.05,1.69,0.36,3,0,3,2.64,61.20,54.41,46.27,0.9,0.56,249,11,17,10,18.89,17.86,10.47,7,5,7,3,10,114.6,69.96,18.67,16.92,85.03,58.98,0,Paris 13 Atletico 0-3 Caen,2026-04-10
Paris 13 Atletico,1.69,2.05,-0.36,1.69,2.03,-0.34,0.00,0.01,-0.01,1.69,2.05,-0.36,0,3,-3,-2.64,38.80,45.59,42.30,0.56,0.9,135,7,10,17,17.86,18.89,17.89,5,7,13,4,10,49.2,30.04,91.67,83.08,59.13,41.02,1,Paris 13 Atletico 0-3 Caen,2026-04-10
Concarneau,3.72,2.00,1.72,3.72,1.79,1.93,0.00,0.21,-0.21,3.72,2.00,1.72,1,1,0,-1.72,34.50,28.08,40.13,1.03,0.93,94,10,10,13,9.71,13.98,11.62,5,4,15,3,18,46.3,18.87,73.8,79.3,66.1,31.27,2,Orléans 1-1 Concarneau,2026-04-10
Orléans,2.00,3.72,-1.72,1.79,3.72,-1.93,0.21,0.00,0.21,2.00,3.72,-1.72,1,1,0,1.72,65.50,71.92,52.35,0.93,1.03,315,22,13,10,13.98,9.71,8.67,4,5,35,8,9,199.0,81.13,19.27,20.7,145.27,68.73,0,Orléans 1-1 Concarneau,2026-04-10
Aubagne,1.96,2.56,-0.60,1.91,1.03,0.88,0.05,0.78,-0.73,1.96,1.80,0.16,2,1,1,1.60,40.00,46.92,47.35,0.4,1.23,166,5,11,12,27.5,9.76,11.92,2,3,18,4,21,72.3,44.96,95.8,92.36,115.5,70.37,1,Le Puy Foot 1-2 Aubagne,2026-04-10
Le Puy Foot,2.56,1.96,0.60,1.03,1.91,-0.88,0.78,0.05,0.73,1.80,1.96,-0.16,1,2,-1,-1.60,60.00,53.08,43.71,1.23,0.4,188,16,12,11,9.76,27.5,8.62,3,2,25,8,10,88.5,55.04,7.93,7.64,48.63,29.63,0,Le Puy Foot 1-2 Aubagne,2026-04-10
Quevilly-Rouen Métropole,4.08,1.52,2.56,2.99,1.41,1.58,0.33,0.11,0.22,3.32,1.52,1.80,5,3,2,-0.56,46.50,43.85,47.82,0.8,0.3,170,11,25,15,31.25,50.0,8.05,9,3,13,4,14,91.9,63.29,53.4,58.73,120.47,71.16,1,Châteauroux 3-5 Quevilly-Rouen Métropole,2026-04-10
Châteauroux,1.52,4.08,-2.56,1.41,2.99,-1.58,0.11,0.33,-0.22,1.52,3.32,-1.80,3,5,-2,0.56,53.50,56.15,47.13,0.3,0.8,196,10,15,25,50.0,31.25,13.30,3,9,21,7,11,53.3,36.71,37.53,41.27,48.83,28.84,0,Châteauroux 3-5 Quevilly-Rouen Métropole,2026-04-10
Bourg-Péronnas,0.19,2.04,-1.85,0.16,2.02,-1.86,0.03,0.02,0.01,0.19,2.04,-1.85,0,2,-2,-0.15,44.10,35.63,39.00,0.3,1.8,127,3,2,13,6.67,7.22,19.05,3,6,13,1,10,24.1,16.69,51.67,44.77,12.87,7.14,0,Dijon 2-0 Bourg-Péronnas,2026-04-10
Dijon,2.04,0.19,1.85,2.02,0.16,1.86,0.02,0.03,-0.01,2.04,0.19,1.85,2,0,2,0.15,55.90,64.37,45.31,1.8,0.3,210,16,13,2,7.22,6.67,9.76,6,3,27,7,13,120.3,83.31,63.73,55.23,167.4,92.86,3,Dijon 2-0 Bourg-Péronnas,2026-04-10
Rouen,2.15,1.93,0.22,1.05,1.93,-0.88,0.34,0.00,0.34,1.39,1.93,-0.54,1,2,-1,-1.22,61.40,70.34,52.59,1.07,0.36,265,17,16,13,14.95,36.11,6.68,6,4,30,11,22,156.0,83.29,13.2,14.42,109.0,67.9,1,Villefranche 2-1 Rouen,2026-04-03
Villefranche,1.93,2.15,-0.22,1.93,1.05,0.88,0.00,0.34,-0.34,1.93,1.39,0.54,2,1,1,1.22,38.60,29.66,41.03,0.36,1.07,92,2,13,16,36.11,14.95,11.10,4,6,13,4,15,31.3,16.71,78.33,85.58,51.53,32.1,1,Villefranche 2-1 Rouen,2026-04-03
Sochaux,1.03,1.34,-0.31,0.72,0.70,0.02,0.31,0.64,-0.33,1.03,1.34,-0.31,0,1,-1,-0.69,52.80,55.35,48.12,0.38,0.56,225,5,14,13,36.84,23.21,13.77,10,8,19,5,9,105.0,67.61,45.07,46.3,104.3,61.43,0,Versailles 1-0 Sochaux,2026-04-03
Versailles,1.34,1.03,0.31,0.70,0.72,-0.02,0.64,0.31,0.33,1.34,1.03,0.31,1,0,1,0.69,47.20,44.65,41.94,0.56,0.38,154,7,13,14,23.21,36.84,11.97,8,10,14,5,9,50.3,32.39,52.27,53.7,65.5,38.57,0,Versailles 1-0 Sochaux,2026-04-03
Valenciennes,3.69,2.80,0.89,3.55,1.97,1.58,0.14,0.07,0.07,3.69,2.04,1.65,2,3,-1,-1.89,64.10,68.23,49.08,0.86,0.4,271,17,15,9,17.44,22.5,9.59,6,5,33,9,8,127.3,77.1,17.87,19.49,70.07,47.87,2,Quevilly-Rouen Métropole 3-2 Valenciennes,2026-04-03
Quevilly-Rouen Métropole,2.80,3.69,-0.89,1.97,3.55,-1.58,0.07,0.14,-0.07,2.04,3.69,-1.65,3,2,1,1.89,35.90,31.77,43.97,0.4,0.86,117,4,9,15,22.5,17.44,16.07,5,6,15,7,14,37.8,22.9,73.8,80.51,76.3,52.13,0,Quevilly-Rouen Métropole 3-2 Valenciennes,2026-04-03
Stade Briochin,0.47,1.77,-1.30,0.47,1.72,-1.25,0.00,0.05,-0.05,0.47,1.77,-1.30,1,1,0,1.30,42.00,39.81,43.70,0.18,1.02,161,4,9,16,50.0,15.69,12.67,5,9,12,0,9,58.7,30.75,102.73,84.03,77.3,50.72,0,Caen 1-1 Stade Briochin,2026-04-03
Caen,1.77,0.47,1.30,1.72,0.47,1.25,0.05,0.00,0.05,1.77,0.47,1.30,1,1,0,-1.30,58.00,60.19,48.21,1.02,0.18,259,14,16,9,15.69,50.0,7.56,9,5,27,5,23,132.2,69.25,19.53,15.97,75.1,49.28,1,Caen 1-1 Stade Briochin,2026-04-03
Dijon,0.69,2.39,-1.70,0.41,1.13,-0.72,0.28,0.50,-0.22,0.69,1.63,-0.94,1,3,-2,-0.30,42.00,50.59,45.92,0.28,0.92,174,8,9,11,32.14,11.96,15.09,5,8,15,6,13,57.1,46.31,85.67,89.11,109.67,65.1,0,Fleury 3-1 Dijon,2026-04-03
Fleury,2.39,0.69,1.70,1.13,0.41,0.72,0.50,0.28,0.22,1.63,0.69,0.94,3,1,2,0.30,58.00,49.41,42.43,0.92,0.28,213,8,11,9,11.96,32.14,8.23,8,5,14,1,13,66.2,53.69,10.47,10.89,58.8,34.9,0,Fleury 3-1 Dijon,2026-04-03
Paris 13 Atletico,1.23,1.05,0.18,1.23,0.91,0.32,0.00,0.14,-0.14,1.23,1.05,0.18,0,1,-1,-1.18,53.50,44.41,41.35,0.76,0.62,157,6,3,13,3.95,20.97,10.40,5,3,10,3,15,53.7,31.61,23.07,23.78,28.93,15.22,1,Bourg-Péronnas 1-0 Paris 13 Atletico,2026-04-03
Bourg-Péronnas,1.05,1.23,-0.18,0.91,1.23,-0.32,0.14,0.00,0.14,1.05,1.23,-0.18,1,0,1,1.18,46.50,55.59,46.32,0.62,0.76,165,9,13,3,20.97,3.95,12.15,3,5,18,6,14,116.2,68.39,73.93,76.22,161.1,84.78,0,Bourg-Péronnas 1-0 Paris 13 Atletico,2026-04-03
Le Puy Foot,1.10,1.93,-0.83,1.10,0.93,0.17,0.00,0.24,-0.24,1.10,1.17,-0.07,3,0,3,3.83,52.60,36.13,39.91,0.31,0.72,168,4,9,14,29.03,19.44,13.52,2,4,11,0,10,50.8,28.36,55.93,36.59,41.33,20.45,0,Concarneau 0-3 Le Puy Foot,2026-04-03
Concarneau,1.93,1.10,0.83,0.93,1.10,-0.17,0.24,0.00,0.24,1.17,1.10,0.07,0,3,-3,-3.83,47.40,63.87,46.11,0.72,0.31,210,14,14,9,19.44,29.03,13.16,4,2,28,6,14,128.3,71.64,96.93,63.41,160.73,79.55,3,Concarneau 0-3 Le Puy Foot,2026-04-03
Châteauroux,3.32,1.55,1.77,2.36,1.26,1.10,0.20,0.29,-0.09,2.56,1.55,1.01,1,1,0,-1.77,61.70,54.06,45.11,0.84,0.68,188,9,18,16,21.43,23.53,8.73,7,3,16,6,10,99.8,64.35,6.4,6.02,64.2,41.59,2,Aubagne 1-1 Châteauroux,2026-04-03
Aubagne,1.55,3.32,-1.77,1.26,2.36,-1.10,0.29,0.20,0.09,1.55,2.56,-1.01,1,1,0,1.77,38.30,45.94,47.60,0.68,0.84,129,13,16,18,23.53,21.43,14.00,3,7,17,5,14,55.3,35.65,99.87,93.98,90.17,58.41,2,Aubagne 1-1 Châteauroux,2026-04-03
Caen,0.66,2.22,-1.56,0.55,1.34,-0.79,0.10,0.88,-0.78,0.66,2.22,-1.56,1,1,0,1.56,48.60,38.95,41.39,0.42,0.98,135,7,7,10,16.67,10.2,15.00,5,10,9,4,13,43.4,26.94,65.53,55.85,77.5,38.74,1,Rouen 1-1 Caen,2026-03-27
Rouen,2.22,0.66,1.56,1.34,0.55,0.79,0.88,0.10,0.78,2.22,0.66,1.56,1,1,0,-1.56,51.40,61.05,45.25,0.98,0.42,190,9,10,7,10.2,16.67,10.54,10,5,24,7,10,117.7,73.06,51.8,44.15,122.57,61.26,1,Rouen 1-1 Caen,2026-03-27
Aubagne,1.19,1.51,-0.32,1.19,0.85,0.34,0.00,0.66,-0.66,1.19,1.51,-0.32,0,0,0,0.32,34.50,25.72,40.16,0.47,0.68,99,11,9,21,19.15,30.88,20.20,1,10,9,1,7,36.1,15.39,96.93,88.34,54.53,29.11,0,Valenciennes 0-0 Aubagne,2026-03-27
Valenciennes,1.51,1.19,0.32,0.85,1.19,-0.34,0.66,0.00,0.66,1.51,1.19,0.32,0,0,0,-0.32,65.50,74.28,50.53,0.68,0.47,340,15,21,9,30.88,19.15,8.71,10,1,36,8,11,198.5,84.61,12.8,11.66,132.8,70.89,1,Valenciennes 0-0 Aubagne,2026-03-27
Paris 13 Atletico,0.71,0.77,-0.06,0.50,0.74,-0.24,0.20,0.03,0.17,0.71,0.77,-0.06,1,0,1,1.06,53.00,55.51,44.62,0.46,0.17,176,10,7,8,15.22,47.06,9.97,7,3,16,6,13,68.5,54.45,45.0,33.99,60.9,40.2,0,Stade Briochin 0-1 Paris 13 Atletico,2026-03-27
Stade Briochin,0.77,0.71,0.06,0.74,0.50,0.24,0.03,0.20,-0.17,0.77,0.71,0.06,0,1,-1,-1.06,47.00,44.49,40.48,0.17,0.46,132,5,8,7,47.06,15.22,17.62,3,7,13,5,11,57.3,45.55,87.4,66.01,90.6,59.8,1,Stade Briochin 0-1 Paris 13 Atletico,2026-03-27
Quevilly-Rouen Métropole,0.57,2.19,-1.62,0.39,1.89,-1.50,0.19,0.30,-0.11,0.57,2.19,-1.62,0,2,-2,-0.38,42.60,29.41,40.63,0.5,0.9,120,5,5,20,10.0,22.22,12.10,1,4,16,2,15,33.7,15.13,55.07,58.87,20.2,9.19,1,Sochaux 2-0 Quevilly-Rouen Métropole,2026-03-27
Sochaux,2.19,0.57,1.62,1.89,0.39,1.50,0.30,0.19,0.11,2.19,0.57,1.62,2,0,2,0.38,57.40,70.59,49.79,0.9,0.5,261,16,20,5,22.22,10.0,12.18,4,1,30,14,10,189.1,84.87,38.47,41.13,199.5,90.81,1,Sochaux 2-0 Quevilly-Rouen Métropole,2026-03-27
Villefranche,1.30,1.92,-0.62,1.24,1.33,-0.09,0.06,0.59,-0.53,1.30,1.92,-0.62,0,0,0,0.62,37.10,29.23,36.81,0.56,1.11,81,6,12,23,21.43,20.72,15.30,5,12,7,1,14,24.4,13.03,93.6,75.32,63.77,31.41,0,Orléans 0-0 Villefranche,2026-03-27
Orléans,1.92,1.30,0.62,1.33,1.24,0.09,0.59,0.06,0.53,1.92,1.30,0.62,0,0,0,-0.62,62.90,70.77,52.03,1.11,0.56,346,19,23,12,20.72,21.43,6.50,12,5,23,9,14,162.8,86.97,30.67,24.68,139.23,68.59,0,Orléans 0-0 Villefranche,2026-03-27
Bourg-Péronnas,0.75,3.16,-2.41,0.39,1.99,-1.60,0.36,0.41,-0.05,0.75,2.40,-1.65,0,3,-3,-0.59,51.30,59.94,48.09,0.64,1.12,222,7,9,10,14.06,8.93,11.09,7,1,23,6,14,118.0,64.2,47.47,48.14,76.7,45.16,1,Fleury 3-0 Bourg-Péronnas,2026-03-27
Fleury,3.16,0.75,2.41,1.99,0.39,1.60,0.41,0.36,0.05,2.40,0.75,1.65,3,0,3,0.59,48.70,40.06,46.35,1.12,0.64,202,13,10,9,8.93,14.06,13.07,1,7,15,7,13,65.8,35.8,51.13,51.86,93.13,54.84,0,Fleury 3-0 Bourg-Péronnas,2026-03-27
Concarneau,1.26,1.86,-0.60,1.23,1.00,0.23,0.03,0.10,-0.07,1.26,1.10,0.16,1,3,-2,-1.40,43.70,51.28,47.84,0.88,0.28,161,12,11,9,12.5,32.14,7.91,7,0,16,3,12,75.0,52.26,68.73,63.96,77.23,42.97,1,Châteauroux 3-1 Concarneau,2026-03-27
Châteauroux,1.86,1.26,0.60,1.00,1.23,-0.23,0.10,0.03,0.07,1.10,1.26,-0.16,3,1,2,1.40,56.30,48.72,44.82,0.28,0.88,178,6,9,11,32.14,12.5,9.17,0,7,16,5,20,68.5,47.74,38.73,36.04,102.5,57.03,0,Châteauroux 3-1 Concarneau,2026-03-27
Versailles,1.19,1.76,-0.57,1.11,1.72,-0.61,0.07,0.03,0.04,1.19,1.76,-0.57,1,3,-2,-1.43,39.00,36.36,43.09,0.11,0.34,116,7,5,15,45.45,44.12,10.73,5,11,12,1,8,21.2,15.68,79.67,83.56,59.4,36.67,1,Dijon 3-1 Versailles,2026-03-27
Dijon,1.76,1.19,0.57,1.72,1.11,0.61,0.03,0.07,-0.04,1.76,1.19,0.57,3,1,2,1.43,61.00,63.64,46.45,0.34,0.11,206,11,15,5,44.12,45.45,5.93,11,5,19,5,11,114.0,84.32,15.67,16.44,102.57,63.33,4,Dijon 3-1 Versailles,2026-03-27
Stade Briochin,0.62,1.61,-0.99,0.59,1.50,-0.91,0.03,0.12,-0.09,0.62,1.61,-0.99,1,1,0,0.99,33.40,28.07,45.56,0.0,1.22,119,3,4,22,inf,18.03,17.00,1,0,14,5,9,4.2,1.51,102.13,94.92,38.73,23.73,0,Bourg-Péronnas 1-1 Stade Briochin,2026-03-21
Bourg-Péronnas,1.61,0.62,0.99,1.50,0.59,0.91,0.12,0.03,0.09,1.61,0.62,0.99,1,1,0,-0.99,66.60,71.93,55.90,1.22,0.0,378,12,22,4,18.03,inf,8.75,0,1,42,5,15,274.1,98.49,5.47,5.08,124.47,76.27,0,Bourg-Péronnas 1-1 Stade Briochin,2026-03-21
Orléans,2.57,1.04,1.53,1.38,0.80,0.58,0.43,0.24,0.19,1.81,1.04,0.77,1,1,0,-1.53,52.60,54.06,46.67,0.72,0.36,211,13,14,8,19.44,22.22,8.88,5,7,23,6,10,92.6,61.69,47.33,50.53,101.17,64.75,1,Caen 1-1 Orléans,2026-03-21
Caen,1.04,2.57,-1.53,0.80,1.38,-0.58,0.24,0.43,-0.19,1.04,1.81,-0.77,1,1,0,1.53,47.40,45.94,41.61,0.36,0.72,149,5,8,14,22.22,19.44,10.16,7,5,12,3,19,57.5,38.31,46.33,49.47,55.07,35.25,0,Caen 1-1 Orléans,2026-03-21
Le Puy Foot,2.17,1.45,0.72,2.17,1.35,0.82,0.00,0.11,-0.11,2.17,1.45,0.72,3,2,1,0.28,38.80,27.91,38.62,0.47,0.78,105,4,6,20,12.77,25.64,10.67,6,8,1,0,18,15.9,7.04,63.8,69.5,44.6,37.42,1,Villefranche 2-3 Le Puy Foot,2026-03-20
Villefranche,1.45,2.17,-0.72,1.35,2.17,-0.82,0.11,0.00,0.11,1.45,2.17,-0.72,2,3,-1,-0.28,61.20,72.09,53.51,0.78,0.47,315,15,20,6,25.64,12.77,7.19,8,6,50,6,15,209.9,92.96,28.0,30.5,74.6,62.58,1,Villefranche 2-3 Le Puy Foot,2026-03-20
Fleury,1.01,1.20,-0.19,0.95,0.99,-0.04,0.05,0.21,-0.16,1.01,1.20,-0.19,1,1,0,0.19,48.40,36.53,40.04,0.48,0.8,127,7,8,16,16.67,20.0,6.46,6,5,9,2,22,48.7,27.78,47.33,49.34,61.3,33.63,0,Versailles 1-1 Fleury,2026-03-20
Versailles,1.20,1.01,0.19,0.99,0.95,0.04,0.21,0.05,0.16,1.20,1.01,0.19,1,1,0,-0.19,51.60,63.47,46.10,0.8,0.48,205,17,16,8,20.0,16.67,7.37,5,6,30,9,15,126.6,72.22,48.6,50.66,120.97,66.37,0,Versailles 1-1 Fleury,2026-03-20
Rouen,2.06,0.96,1.10,0.61,0.96,-0.35,0.68,0.00,0.68,1.30,0.96,0.34,0,0,0,-1.10,53.50,72.73,51.78,1.1,0.32,252,13,15,10,13.64,31.25,13.03,7,3,35,8,11,187.6,88.99,67.87,67.64,216.23,92.94,1,Paris 13 Atletico 0-0 Rouen,2026-03-20
Paris 13 Atletico,0.96,2.06,-1.10,0.96,0.61,0.35,0.00,0.68,-0.68,0.96,1.30,-0.34,0,0,0,1.10,46.50,27.27,40.26,0.32,1.1,141,4,10,15,31.25,13.64,16.71,3,7,12,2,7,23.2,11.01,32.47,32.36,16.43,7.06,0,Paris 13 Atletico 0-0 Rouen,2026-03-20
Valenciennes,1.70,1.45,0.25,0.61,1.29,-0.68,1.09,0.16,0.93,1.70,1.45,0.25,2,1,1,0.75,60.10,50.68,42.79,0.51,0.72,196,8,10,11,19.61,15.28,11.67,3,11,15,5,7,85.7,65.37,7.0,6.3,50.4,31.1,1,Concarneau 1-2 Valenciennes,2026-03-20
Concarneau,1.45,1.70,-0.25,1.29,0.61,0.68,0.16,1.09,-0.93,1.45,1.70,-0.25,1,2,-1,-0.75,39.90,49.32,44.95,0.72,0.51,150,7,11,10,15.28,19.61,12.80,11,3,28,7,11,45.4,34.63,104.07,93.7,111.67,68.9,4,Concarneau 1-2 Valenciennes,2026-03-20
Sochaux,2.59,0.60,1.99,1.73,0.60,1.13,0.10,0.00,0.10,1.83,0.60,1.23,4,1,3,1.01,49.10,59.62,48.11,0.83,0.36,186,11,19,9,22.89,25.0,8.93,8,5,20,3,18,129.6,83.88,70.2,67.81,188.87,90.17,1,Aubagne 1-4 Sochaux,2026-03-20
Aubagne,0.60,2.59,-1.99,0.60,1.73,-1.13,0.00,0.10,-0.10,0.60,1.83,-1.23,1,4,-3,-1.01,50.90,40.38,39.73,0.36,0.83,138,6,9,19,25.0,22.89,9.77,5,8,14,2,13,24.9,16.12,33.33,32.19,20.6,9.83,0,Aubagne 1-4 Sochaux,2026-03-20
Dijon,0.71,0.54,0.17,0.71,0.37,0.34,0.00,0.17,-0.17,0.71,0.54,0.17,1,0,1,0.83,58.00,63.91,47.23,0.33,0.45,244,1,5,8,15.15,17.78,7.12,9,5,20,3,17,71.3,66.08,24.33,23.67,71.4,51.43,0,Quevilly-Rouen Métropole 0-1 Dijon,2026-03-19
Quevilly-Rouen Métropole,0.54,0.71,-0.17,0.37,0.71,-0.34,0.17,0.00,0.17,0.54,0.71,-0.17,0,1,-1,-0.83,42.00,36.09,43.01,0.45,0.33,143,7,8,5,17.78,15.15,13.00,5,9,11,3,13,36.6,33.92,78.47,76.33,67.43,48.57,2,Quevilly-Rouen Métropole 0-1 Dijon,2026-03-19
Châteauroux,0.93,2.07,-1.14,0.71,2.03,-1.32,0.22,0.04,0.18,0.93,2.07,-1.14,0,2,-2,-0.86,59.20,60.88,48.01,0.95,0.4,229,18,11,10,11.58,25.0,6.10,6,2,24,6,13,121.8,66.41,9.87,11.36,85.03,40.83,1,Stade Briochin 2-0 Châteauroux,2026-03-17
Stade Briochin,2.07,0.93,1.14,2.03,0.71,1.32,0.04,0.22,-0.18,2.07,0.93,1.14,2,0,2,0.86,40.80,39.12,49.62,0.4,0.95,158,12,10,11,25.0,11.58,11.56,2,6,19,3,19,61.6,33.59,77.0,88.64,123.23,59.17,0,Stade Briochin 2-0 Châteauroux,2026-03-17
Bourg-Péronnas,0.34,1.29,-0.95,0.32,0.90,-0.58,0.02,0.39,-0.37,0.34,1.29,-0.95,0,1,-1,-0.05,45.50,45.36,44.02,0.61,0.91,147,11,11,15,18.03,16.48,14.54,5,2,21,3,14,54.3,32.85,51.67,49.43,59.77,32.64,0,Versailles 1-0 Bourg-Péronnas,2026-03-13
Versailles,1.29,0.34,0.95,0.90,0.32,0.58,0.39,0.02,0.37,1.29,0.34,0.95,1,0,1,0.05,54.50,54.64,49.10,0.91,0.61,229,16,15,11,16.48,18.03,13.57,2,5,28,10,14,111.0,67.15,52.87,50.57,123.37,67.36,0,Versailles 1-0 Bourg-Péronnas,2026-03-13
Concarneau,0.64,3.00,-2.36,0.59,2.09,-1.50,0.05,0.90,-0.85,0.64,3.00,-2.36,0,2,-2,0.36,43.90,42.37,43.64,0.47,0.74,132,4,7,17,14.89,22.97,15.67,4,0,17,3,14,30.4,19.77,74.07,73.14,41.6,22.36,0,Sochaux 2-0 Concarneau,2026-03-13
Sochaux,3.00,0.64,2.36,2.09,0.59,1.50,0.90,0.05,0.85,3.00,0.64,2.36,2,0,2,-0.36,56.10,57.63,43.41,0.74,0.47,192,9,17,7,22.97,14.89,15.17,0,4,20,10,7,123.4,80.23,27.2,26.86,144.43,77.64,1,Sochaux 2-0 Concarneau,2026-03-13
Paris 13 Atletico,0.42,2.52,-2.10,0.39,2.15,-1.76,0.03,0.37,-0.34,0.42,2.52,-2.10,1,2,-1,1.10,36.60,28.12,40.35,0.34,1.17,112,6,9,18,26.47,15.38,11.45,7,5,14,2,16,25.1,10.88,85.27,79.89,46.9,27.09,1,Orléans 2-1 Paris 13 Atletico,2026-03-13
Orléans,2.52,0.42,2.10,2.15,0.39,1.76,0.37,0.03,0.34,2.52,0.42,2.10,2,1,1,-1.10,63.40,71.88,50.63,1.17,0.34,323,18,18,9,15.38,26.47,7.79,5,7,40,7,10,205.7,89.12,21.47,20.11,126.2,72.91,0,Orléans 2-1 Paris 13 Atletico,2026-03-13
Caen,0.85,2.18,-1.33,0.83,1.42,-0.59,0.02,0.00,0.02,0.85,1.42,-0.57,0,1,-1,0.33,53.90,46.67,43.35,0.17,0.33,173,6,8,9,47.06,27.27,9.74,4,1,10,2,19,57.5,39.79,16.87,22.12,52.73,26.03,0,Le Puy Foot 1-0 Caen,2026-03-13
Le Puy Foot,2.18,0.85,1.33,1.42,0.83,0.59,0.00,0.02,-0.02,1.42,0.85,0.57,1,0,1,-0.33,46.10,53.33,44.10,0.33,0.17,155,9,9,8,27.27,47.06,14.62,1,4,12,3,17,87.0,60.21,59.4,77.88,149.87,73.97,6,Le Puy Foot 1-0 Caen,2026-03-13
Quevilly-Rouen Métropole,2.46,2.46,0.00,2.39,2.03,0.36,0.07,0.43,-0.36,2.46,2.46,0.00,1,2,-1,-1.00,49.10,53.5,44.96,0.75,1.22,180,10,13,13,17.33,10.66,11.51,1,3,21,2,15,94.7,51.36,72.33,57.07,66.5,36.53,1,Fleury 2-1 Quevilly-Rouen Métropole,2026-03-13
Fleury,2.46,2.46,0.00,2.03,2.39,-0.36,0.43,0.07,0.36,2.46,2.46,0.00,2,1,1,1.00,50.90,46.5,43.13,1.22,0.75,188,16,13,13,10.66,17.33,10.13,3,1,12,3,14,89.7,48.64,54.4,42.93,115.53,63.47,1,Fleury 2-1 Quevilly-Rouen Métropole,2026-03-13
Stade Briochin,2.44,2.85,-0.41,1.68,2.76,-1.08,0.00,0.09,-0.09,1.68,2.85,-1.17,2,3,-1,-0.59,50.50,44.62,45.77,0.64,0.94,202,11,9,17,14.06,18.09,11.70,1,2,13,3,19,52.1,25.64,34.47,43.89,25.68,11.49,0,Rouen 3-2 Stade Briochin,2026-03-13
Rouen,2.85,2.44,0.41,2.76,1.68,1.08,0.09,0.00,0.09,2.85,1.68,1.17,3,2,1,0.59,49.50,55.38,49.20,0.94,0.64,223,12,17,9,18.09,14.06,11.69,2,1,16,1,11,151.1,74.36,44.07,56.11,197.84,88.51,1,Rouen 3-2 Stade Briochin,2026-03-13
Villefranche,1.14,2.43,-1.29,0.38,2.43,-2.05,0.00,0.00,0.00,0.38,2.43,-2.05,1,0,1,2.29,34.00,28.53,42.57,0.31,1.73,99,5,7,19,22.58,10.98,17.70,1,4,7,0,12,19.4,7.95,101.87,92.05,35.33,26.91,0,Châteauroux 0-1 Villefranche,2026-03-13
Châteauroux,2.43,1.14,1.29,2.43,0.38,2.05,0.00,0.00,0.00,2.43,0.38,2.05,0,1,-1,-2.29,66.00,71.47,52.79,1.73,0.31,321,24,19,7,10.98,22.58,7.12,4,1,35,6,17,224.5,92.05,8.8,7.95,95.97,73.09,2,Châteauroux 0-1 Villefranche,2026-03-13
Aubagne,0.89,4.20,-3.31,0.40,1.48,-1.08,0.48,1.19,-0.71,0.89,2.68,-1.79,1,2,-1,2.31,41.40,33.33,38.42,0.27,1.26,105,4,8,16,29.63,12.7,18.71,3,8,13,2,12,40.4,18.82,46.47,54.03,29.73,15.1,1,Dijon 2-1 Aubagne,2026-03-13
Dijon,4.20,0.89,3.31,1.48,0.40,1.08,1.19,0.48,0.71,2.68,0.89,1.79,2,1,1,-2.31,58.60,66.67,48.48,1.26,0.27,254,12,16,8,12.7,29.63,7.68,8,3,21,5,14,174.3,81.18,39.53,45.97,167.1,84.9,3,Dijon 2-1 Aubagne,2026-03-13
Valenciennes,1.12,1.50,-0.38,1.00,1.50,-0.50,0.12,0.00,0.12,1.12,1.50,-0.38,3,2,1,1.38,65.20,67.6,48.11,0.53,0.45,252,10,13,10,24.53,22.22,12.36,5,4,24,5,6,150.3,81.07,25.13,20.79,110.8,64.99,2,Villefranche 2-3 Valenciennes,2026-03-06
Villefranche,1.50,1.12,0.38,1.50,1.00,0.50,0.00,0.12,-0.12,1.50,1.12,0.38,2,3,-1,-1.38,34.80,32.4,39.44,0.45,0.53,97,6,10,13,22.22,24.53,22.90,4,5,12,4,11,35.1,18.93,95.73,79.21,59.7,35.01,1,Villefranche 2-3 Valenciennes,2026-03-06
Versailles,2.05,1.06,0.99,1.19,0.74,0.45,0.10,0.32,-0.22,1.29,1.06,0.23,2,2,0,-0.99,55.60,57.44,46.35,0.71,0.43,197,15,15,6,21.13,13.95,9.03,5,3,14,2,10,105.5,69.18,33.47,40.55,96.23,61.08,1,Quevilly-Rouen Métropole 2-2 Versailles,2026-03-06
Quevilly-Rouen Métropole,1.06,2.05,-0.99,0.74,1.19,-0.45,0.32,0.10,0.22,1.06,1.29,-0.23,2,2,0,0.99,44.40,42.56,41.82,0.43,0.71,124,8,6,15,13.95,21.13,15.84,3,5,13,4,12,47.0,30.82,49.07,59.45,61.33,38.92,0,Quevilly-Rouen Métropole 2-2 Versailles,2026-03-06
Orléans,3.65,0.90,2.75,3.65,0.52,3.13,0.00,0.39,-0.39,3.65,0.90,2.75,3,1,2,-0.75,47.30,47.26,45.21,1.18,0.6,141,14,11,10,9.32,16.67,7.71,2,9,10,3,18,64.0,47.69,51.67,73.53,125.83,83.0,0,Stade Briochin 1-3 Orléans,2026-03-06
Stade Briochin,0.90,3.65,-2.75,0.52,3.65,-3.13,0.39,0.00,0.39,0.90,3.65,-2.75,1,3,-2,0.75,52.70,52.74,45.20,0.6,1.18,179,12,10,11,16.67,9.32,7.95,9,2,25,5,17,70.2,52.31,18.6,26.47,25.77,17.0,1,Stade Briochin 1-3 Orléans,2026-03-06
Châteauroux,0.60,1.75,-1.15,0.60,1.56,-0.96,0.00,0.19,-0.19,0.60,1.75,-1.15,2,2,0,1.15,40.10,43.58,43.75,0.53,0.71,148,6,6,17,11.32,23.94,12.03,5,8,14,2,10,30.5,20.12,87.93,83.85,46.01,22.75,0,Caen 2-2 Châteauroux,2026-03-06
Caen,1.75,0.60,1.15,1.56,0.60,0.96,0.19,0.00,0.19,1.75,0.60,1.15,2,2,0,-1.15,59.90,56.42,44.51,0.71,0.53,229,6,17,6,23.94,11.32,6.65,8,5,18,6,19,121.1,79.88,16.93,16.15,156.2,77.25,1,Caen 2-2 Châteauroux,2026-03-06
Le Puy Foot,1.00,1.65,-0.65,0.77,0.81,-0.04,0.23,0.84,-0.61,1.00,1.65,-0.65,1,0,1,1.65,42.20,40.3,45.44,0.7,0.73,149,20,12,10,17.14,13.7,14.38,0,5,19,5,13,88.3,42.88,68.67,75.4,95.47,44.14,1,Paris 13 Atletico 0-1 Le Puy Foot,2026-03-06
Paris 13 Atletico,1.65,1.00,0.65,0.81,0.77,0.04,0.84,0.23,0.61,1.65,1.00,0.65,0,1,-1,-1.65,57.80,59.7,48.80,0.73,0.7,246,14,10,12,13.7,17.14,8.78,5,0,41,9,14,117.6,57.12,22.4,24.6,120.8,55.86,1,Paris 13 Atletico 0-1 Le Puy Foot,2026-03-06
Rouen,1.92,1.84,0.08,1.35,1.84,-0.49,0.56,0.00,0.56,1.92,1.84,0.08,1,3,-2,-2.08,40.50,43.03,48.52,0.96,0.87,168,7,9,11,9.38,12.64,11.06,3,4,15,7,11,75.7,36.27,86.2,85.46,111.3,67.67,2,Bourg-Péronnas 3-1 Rouen,2026-03-06
Bourg-Péronnas,1.84,1.92,-0.08,1.84,1.35,0.49,0.00,0.56,-0.56,1.84,1.92,-0.08,3,1,2,2.08,59.50,56.97,48.71,0.87,0.96,236,8,11,9,12.64,9.38,8.52,4,3,23,3,17,133.0,63.73,14.67,14.54,53.17,32.33,0,Bourg-Péronnas 3-1 Rouen,2026-03-06
Dijon,0.67,0.80,-0.13,0.42,0.67,-0.25,0.24,0.13,0.11,0.67,0.80,-0.13,1,1,0,0.13,64.60,62.38,43.25,0.64,0.47,242,8,7,12,10.94,25.53,8.91,5,3,17,4,12,103.1,58.02,27.6,16.4,54.53,32.73,2,Concarneau 1-1 Dijon,2026-03-06
Concarneau,0.80,0.67,0.13,0.67,0.42,0.25,0.13,0.24,-0.11,0.80,0.67,0.13,1,1,0,-0.13,35.40,37.62,44.27,0.47,0.64,137,10,12,7,25.53,10.94,16.41,3,5,15,3,16,74.6,41.98,140.67,83.6,112.1,67.27,3,Concarneau 1-1 Dijon,2026-03-06
Fleury,1.11,1.34,-0.23,1.03,0.26,0.77,0.08,0.32,-0.24,1.11,0.58,0.53,2,1,1,1.23,45.90,43.95,47.44,0.49,0.69,183,8,12,11,24.49,15.94,9.72,4,3,7,2,18,54.7,38.31,49.67,59.31,58.5,36.98,1,Aubagne 1-2 Fleury,2026-03-06
Aubagne,1.34,1.11,0.23,0.26,1.03,-0.77,0.32,0.08,0.24,0.58,1.11,-0.53,1,2,-1,-1.23,54.10,56.05,46.56,0.69,0.49,193,12,11,12,15.94,24.49,8.44,3,4,39,12,15,88.1,61.69,34.07,40.69,99.7,63.02,1,Aubagne 1-2 Fleury,2026-03-06
Rouen,1.34,1.61,-0.27,0.37,1.49,-1.12,0.21,0.12,0.09,0.58,1.61,-1.03,1,1,0,0.27,37.90,45.29,47.41,0.58,1.02,140,10,9,18,15.52,17.65,10.93,8,13,16,4,15,54.4,34.39,109.27,91.01,106.87,66.31,1,Orléans 1-1 Rouen,2026-02-28
Orléans,1.61,1.34,0.27,1.49,0.37,1.12,0.12,0.21,-0.09,1.61,0.58,1.03,1,1,0,-0.27,62.10,54.71,45.20,1.02,0.58,224,17,18,9,17.65,15.52,6.21,13,8,18,6,16,103.8,65.61,10.8,8.99,54.3,33.69,0,Orléans 1-1 Rouen,2026-02-28
Bourg-Péronnas,1.76,0.48,1.28,1.00,0.48,0.52,0.00,0.00,0.00,1.00,0.48,0.52,2,2,0,-1.28,52.40,54.18,44.81,0.76,0.53,197,5,9,6,11.84,11.32,9.18,2,1,22,1,21,91.5,73.14,47.33,49.65,108.23,69.95,0,Quevilly-Rouen Métropole 2-2 Bourg-Péronnas,2026-02-28
Quevilly-Rouen Métropole,0.48,1.76,-1.28,0.48,1.00,-0.52,0.00,0.00,0.00,0.48,1.00,-0.52,2,2,0,1.28,47.60,45.82,42.23,0.53,0.76,148,6,6,9,11.32,11.84,12.25,1,2,17,2,18,33.6,26.86,48.0,50.35,46.5,30.05,1,Quevilly-Rouen Métropole 2-2 Bourg-Péronnas,2026-02-28
Caen,1.23,2.23,-1.00,1.10,1.96,-0.86,0.12,0.27,-0.15,1.23,2.23,-1.00,1,2,-1,0.00,62.50,56.0,43.71,0.94,0.61,230,13,11,16,11.7,26.23,9.87,8,2,14,5,9,110.8,56.79,16.27,12.64,66.57,33.93,0,Valenciennes 2-1 Caen,2026-02-28
Valenciennes,2.23,1.23,1.00,1.96,1.10,0.86,0.27,0.12,0.15,2.23,1.23,1.00,2,1,1,0.00,37.50,44.0,45.96,0.61,0.94,153,9,16,11,26.23,11.7,21.88,2,8,24,6,12,84.3,43.21,112.4,87.36,129.6,66.07,2,Valenciennes 2-1 Caen,2026-02-28
Aubagne,1.17,2.67,-1.50,1.12,2.55,-1.43,0.05,0.12,-0.07,1.17,2.67,-1.50,0,3,-3,-1.50,56.10,45.45,43.66,0.96,0.82,163,8,14,16,14.58,19.51,8.14,4,11,15,2,14,56.4,37.38,9.33,12.76,30.07,15.41,1,Versailles 3-0 Aubagne,2026-02-27
Versailles,2.67,1.17,1.50,2.55,1.12,1.43,0.12,0.05,0.07,2.67,1.17,1.50,3,0,3,1.50,43.90,54.55,45.44,0.82,0.96,149,18,16,14,19.51,14.58,11.68,11,4,13,2,9,94.5,62.62,63.8,87.24,165.12,84.59,1,Versailles 3-0 Aubagne,2026-02-27
Villefranche,0.47,3.89,-3.42,0.47,2.20,-1.73,0.00,0.18,-0.18,0.47,2.37,-1.90,1,2,-1,2.42,52.00,45.26,44.14,0.5,0.86,144,9,5,22,10.0,25.58,8.11,3,5,20,2,19,21.3,15.48,22.13,28.52,11.73,5.79,5,Sochaux 2-1 Villefranche,2026-02-27
Sochaux,3.89,0.47,3.42,2.20,0.47,1.73,0.18,0.00,0.18,2.37,0.47,1.90,2,1,1,-2.42,48.00,54.74,48.36,0.86,0.5,159,12,22,5,25.58,10.0,6.83,5,3,19,9,16,116.3,84.52,55.47,71.48,190.8,94.21,0,Sochaux 2-1 Villefranche,2026-02-27
Stade Briochin,1.11,2.73,-1.62,1.11,2.73,-1.62,0.00,0.00,0.00,1.11,2.73,-1.62,1,1,0,1.62,35.60,32.76,46.44,0.81,1.85,123,8,7,14,8.64,7.57,11.94,5,2,12,1,11,13.6,8.91,108.13,98.6,58.03,41.61,1,Le Puy Foot 1-1 Stade Briochin,2026-02-27
Le Puy Foot,2.73,1.11,1.62,2.73,1.11,1.62,0.00,0.00,0.00,2.73,1.11,1.62,1,1,0,-1.62,64.40,67.24,46.76,1.85,0.81,230,14,14,7,7.57,8.64,7.66,2,5,27,7,17,139.1,91.09,1.53,1.4,81.43,58.39,1,Le Puy Foot 1-1 Stade Briochin,2026-02-27
Concarneau,2.20,0.81,1.39,1.75,0.81,0.94,0.45,0.00,0.45,2.20,0.81,1.39,4,0,4,2.61,29.60,34.78,43.54,0.77,0.95,93,5,9,8,11.69,8.42,11.14,10,5,9,2,14,28.9,22.09,144.4,98.05,179.53,92.1,3,Fleury 0-4 Concarneau,2026-02-27
Fleury,0.81,2.20,-1.39,0.81,1.75,-0.94,0.00,0.45,-0.45,0.81,2.20,-1.39,0,4,-4,-2.61,70.40,65.22,46.74,0.95,0.77,258,15,8,9,8.42,11.69,6.19,5,10,11,3,11,101.9,77.91,2.87,1.95,15.4,7.9,1,Fleury 0-4 Concarneau,2026-02-27
Paris 13 Atletico,1.32,2.60,-1.28,0.56,2.35,-1.79,0.00,0.25,-0.25,0.56,2.60,-2.04,1,0,1,2.28,46.00,36.23,41.68,0.29,1.35,131,2,5,21,17.24,15.56,11.79,4,7,11,3,12,25.7,13.72,51.13,54.67,42.03,19.91,0,Châteauroux 0-1 Paris 13 Atletico,2026-02-27
Châteauroux,2.60,1.32,1.28,2.35,0.56,1.79,0.25,0.00,0.25,2.60,0.56,2.04,0,1,-1,-2.28,54.00,63.77,48.16,1.35,0.29,226,18,21,5,15.56,17.24,10.28,7,4,36,8,10,161.6,86.28,42.4,45.33,169.1,80.09,0,Châteauroux 0-1 Paris 13 Atletico,2026-02-27
Dijon,3.10,0.92,2.18,2.79,0.91,1.88,0.31,0.01,0.30,3.10,0.92,2.18,2,1,1,-1.18,52.10,59.36,46.34,0.77,0.39,208,14,21,9,27.27,23.08,7.36,10,2,16,4,10,122.0,82.82,39.33,57.39,145.33,84.33,1,Villefranche 1-2 Dijon,2026-02-20
Villefranche,0.92,3.10,-2.18,0.91,2.79,-1.88,0.01,0.31,-0.30,0.92,3.10,-2.18,1,2,-1,1.18,47.90,40.64,41.37,0.39,0.77,141,5,9,21,23.08,27.27,16.68,2,10,14,3,16,25.3,17.18,29.2,42.61,27.0,15.67,1,Villefranche 1-2 Dijon,2026-02-20
Sochaux,1.90,0.90,1.00,1.12,0.49,0.63,0.02,0.41,-0.39,1.14,0.90,0.24,3,1,2,1.00,37.50,41.22,45.80,0.42,0.77,152,7,8,10,19.05,12.99,17.10,3,5,15,4,13,50.2,34.57,128.6,94.51,132.23,82.58,0,Caen 1-3 Sochaux,2026-02-20
Caen,0.90,1.90,-1.00,0.49,1.12,-0.63,0.41,0.02,0.39,0.90,1.14,-0.24,1,3,-2,-1.00,62.50,58.78,44.19,0.77,0.42,222,12,10,8,12.99,19.05,10.18,5,3,27,5,10,95.0,65.43,7.47,5.49,27.9,17.42,1,Caen 1-3 Sochaux,2026-02-20
Valenciennes,0.80,1.97,-1.17,0.59,0.61,-0.02,0.21,0.61,-0.40,0.80,1.21,-0.41,1,1,0,1.17,52.50,53.96,48.59,0.72,0.6,221,14,9,11,12.5,18.33,11.09,10,4,16,4,10,99.5,49.11,30.73,35.22,69.77,41.3,4,Paris 13 Atletico 1-1 Valenciennes,2026-02-20
Paris 13 Atletico,1.97,0.80,1.17,0.61,0.59,0.02,0.61,0.21,0.40,1.21,0.80,0.41,1,1,0,-1.17,47.50,46.04,45.87,0.6,0.72,183,12,11,9,18.33,12.5,18.29,4,10,25,4,7,103.1,50.89,56.53,64.78,99.17,58.7,1,Paris 13 Atletico 1-1 Valenciennes,2026-02-20
Le Puy Foot,1.12,2.87,-1.75,1.12,2.20,-1.08,0.00,0.67,-0.67,1.12,2.87,-1.75,1,1,0,1.75,52.40,43.34,42.89,1.21,0.9,194,13,8,16,6.61,17.78,11.89,3,4,14,4,14,45.7,28.63,11.27,10.82,13.9,8.29,1,Rouen 1-1 Le Puy Foot,2026-02-20
Rouen,2.87,1.12,1.75,2.20,1.12,1.08,0.67,0.00,0.67,2.87,1.12,1.75,1,1,0,-1.75,47.60,56.66,51.87,0.9,1.21,244,16,16,8,17.78,6.61,14.25,4,3,27,8,10,113.9,71.37,92.87,89.18,153.7,91.71,0,Rouen 1-1 Le Puy Foot,2026-02-20
Orléans,1.72,0.25,1.47,1.72,0.25,1.47,0.00,0.00,0.00,1.72,0.25,1.47,3,0,3,1.53,53.30,61.09,46.46,0.93,0.21,245,12,8,5,8.6,23.81,13.48,5,3,20,4,11,98.7,77.53,53.73,46.46,116.7,76.47,2,Bourg-Péronnas 0-3 Orléans,2026-02-20
Bourg-Péronnas,0.25,1.72,-1.47,0.25,1.72,-1.47,0.00,0.00,0.00,0.25,1.72,-1.47,0,3,-3,-1.53,46.70,38.91,40.92,0.21,0.93,155,1,5,8,23.81,8.6,16.23,3,5,9,0,13,28.6,22.47,61.93,53.54,35.9,23.53,0,Bourg-Péronnas 0-3 Orléans,2026-02-20
Versailles,1.83,1.24,0.59,1.72,1.21,0.51,0.12,0.03,0.09,1.83,1.24,0.59,2,0,2,1.41,54.50,48.63,42.28,0.48,0.78,156,9,11,20,22.92,25.64,9.25,6,2,19,5,15,57.8,40.7,30.6,32.69,75.3,40.05,1,Concarneau 0-2 Versailles,2026-02-20
Concarneau,1.24,1.83,-0.59,1.21,1.72,-0.51,0.03,0.12,-0.09,1.24,1.83,-0.59,0,2,-2,-1.41,45.50,51.37,46.26,0.78,0.48,152,16,20,11,25.64,22.92,12.67,2,6,13,1,8,84.2,59.3,63.0,67.31,112.7,59.95,8,Concarneau 0-2 Versailles,2026-02-20
Quevilly-Rouen Métropole,0.42,0.55,-0.13,0.16,0.28,-0.12,0.26,0.27,-0.01,0.42,0.55,-0.13,1,0,1,1.13,36.30,32.52,46.68,0.65,0.51,114,4,9,10,13.85,19.61,14.22,4,4,11,2,18,43.7,30.12,75.4,96.17,107.17,67.6,2,Aubagne 0-1 Quevilly-Rouen Métropole,2026-02-20
Aubagne,0.55,0.42,0.13,0.28,0.16,0.12,0.27,0.26,0.01,0.55,0.42,0.13,0,1,-1,-1.13,63.70,67.48,45.03,0.51,0.65,195,11,10,9,19.61,13.85,5.02,4,4,28,7,13,101.4,69.88,3.0,3.83,51.37,32.4,4,Aubagne 0-1 Quevilly-Rouen Métropole,2026-02-20
Fleury,3.08,1.65,1.43,1.23,1.57,-0.34,1.85,0.08,1.77,3.08,1.65,1.43,3,2,1,-0.43,60.70,60.96,50.70,1.21,0.8,304,30,22,10,18.18,12.5,10.58,5,2,29,7,8,158.7,74.26,16.07,14.93,108.3,64.86,0,Stade Briochin 2-3 Fleury,2026-02-17
Stade Briochin,1.65,3.08,-1.43,1.57,1.23,0.34,0.08,1.85,-1.77,1.65,3.08,-1.43,2,3,-1,0.43,39.30,39.04,48.88,0.8,1.21,178,11,10,22,12.5,18.18,20.90,2,5,22,4,9,55.0,25.74,91.53,85.07,58.67,35.14,0,Stade Briochin 2-3 Fleury,2026-02-17
Stade Briochin,1.82,2.45,-0.63,1.71,2.08,-0.37,0.11,0.37,-0.26,1.82,2.45,-0.63,2,1,1,1.63,36.30,32.19,39.90,0.79,0.68,97,10,12,18,15.19,26.47,12.44,4,6,12,4,12,54.4,24.19,67.0,86.93,94.77,59.6,0,Valenciennes 1-2 Stade Briochin,2026-02-13
Valenciennes,2.45,1.82,0.63,2.08,1.71,0.37,0.37,0.11,0.26,2.45,1.82,0.63,1,2,-1,-1.63,63.70,67.81,50.51,0.68,0.79,317,18,18,12,26.47,15.19,10.75,6,4,28,8,11,170.5,75.81,10.07,13.07,64.23,40.4,6,Valenciennes 1-2 Stade Briochin,2026-02-13
Paris 13 Atletico,1.34,1.20,0.14,0.58,0.89,-0.31,0.00,0.30,-0.30,0.58,1.20,-0.62,1,1,0,-0.14,27.30,18.55,42.06,0.09,1.15,88,2,7,18,77.78,15.65,15.64,3,9,9,2,16,13.9,4.56,138.6,96.84,25.53,15.35,0,Sochaux 1-1 Paris 13 Atletico,2026-02-13
Sochaux,1.20,1.34,-0.14,0.89,0.58,0.31,0.30,0.00,0.30,1.20,0.58,0.62,1,1,0,0.14,72.70,81.45,55.73,1.15,0.09,434,20,18,7,15.65,77.78,6.11,9,3,38,6,6,290.7,95.44,4.53,3.16,140.77,84.65,2,Sochaux 1-1 Paris 13 Atletico,2026-02-13
Orléans,1.87,1.52,0.35,1.68,0.84,0.84,0.19,0.68,-0.49,1.87,1.52,0.35,1,1,0,-0.35,43.10,48.36,51.51,0.85,1.44,200,17,18,16,21.18,11.11,9.81,5,2,15,3,12,99.1,48.15,83.13,88.95,147.4,72.75,0,Le Puy Foot 1-1 Orléans,2026-02-13
Le Puy Foot,1.52,1.87,-0.35,0.84,1.68,-0.84,0.68,0.19,0.49,1.52,1.87,-0.35,1,1,0,0.35,56.90,51.64,42.95,1.44,0.85,203,19,16,18,11.11,21.18,10.67,2,5,22,7,16,106.7,51.85,10.33,11.05,55.2,27.25,1,Le Puy Foot 1-1 Orléans,2026-02-13
Villefranche,2.30,1.83,0.47,1.36,1.79,-0.43,0.18,0.04,0.14,1.54,1.83,-0.29,2,2,0,-0.47,41.00,49.49,52.11,0.76,1.51,148,15,12,11,15.79,7.28,11.48,6,0,18,6,13,92.9,55.9,57.2,94.59,127.03,63.82,3,Fleury 2-2 Villefranche,2026-02-13
Fleury,1.83,2.30,-0.47,1.79,1.36,0.43,0.04,0.18,-0.14,1.83,1.54,0.29,2,2,0,0.47,59.00,50.51,45.55,1.51,0.76,160,18,11,12,7.28,15.79,6.55,0,6,20,7,15,73.3,44.1,3.27,5.41,72.0,36.18,0,Fleury 2-2 Villefranche,2026-02-13
Rouen,3.03,0.89,2.14,2.97,0.81,2.16,0.07,0.07,0.00,3.03,0.89,2.14,2,1,1,-1.14,45.20,52.22,53.72,1.05,0.44,184,21,18,10,17.14,22.73,9.67,3,2,14,2,18,123.5,67.08,78.2,83.91,168.63,80.28,0,Châteauroux 1-2 Rouen,2026-02-13
Châteauroux,0.89,3.03,-2.14,0.81,2.97,-2.16,0.07,0.07,0.00,0.89,3.03,-2.14,1,2,-1,1.14,54.80,47.78,46.75,0.44,1.05,169,14,10,18,22.73,17.14,8.25,2,3,19,6,15,60.6,32.92,15.0,16.09,41.43,19.72,0,Châteauroux 1-2 Rouen,2026-02-13
Caen,1.48,5.19,-3.71,0.72,4.78,-4.06,0.00,0.41,-0.41,0.72,5.19,-4.47,3,3,0,3.71,43.60,31.91,37.49,0.3,1.57,100,5,6,29,20.0,18.47,9.94,4,7,6,2,13,14.8,7.32,43.53,64.08,22.5,15.2,1,Dijon 3-3 Caen,2026-02-13
Dijon,5.19,1.48,3.71,4.78,0.72,4.06,0.41,0.00,0.41,5.19,0.72,4.47,3,3,0,-3.71,56.40,68.09,48.58,1.57,0.3,216,17,29,6,18.47,20.0,8.89,7,4,47,8,10,187.4,92.68,24.4,35.92,125.57,84.8,0,Dijon 3-3 Caen,2026-02-13
Bourg-Péronnas,1.16,2.52,-1.36,1.16,2.52,-1.36,0.00,0.00,0.00,1.16,2.52,-1.36,0,1,-1,0.36,42.20,52.31,46.96,0.49,0.77,177,7,9,9,18.37,11.69,17.46,4,2,24,1,10,84.0,60.69,79.07,70.01,113.27,70.91,1,Aubagne 1-0 Bourg-Péronnas,2026-02-13
Aubagne,2.52,1.16,1.36,2.52,1.16,1.36,0.00,0.00,0.00,2.52,1.16,1.36,1,0,1,-0.36,57.80,47.69,45.21,0.77,0.49,199,11,9,9,11.69,18.37,13.22,2,4,11,3,7,54.4,39.31,33.87,29.99,46.47,29.09,0,Aubagne 1-0 Bourg-Péronnas,2026-02-13
Concarneau,2.21,1.55,0.66,1.45,0.93,0.52,0.00,0.62,-0.62,1.45,1.55,-0.10,1,2,-1,-1.66,46.90,56.16,46.82,0.89,0.56,154,12,10,12,11.24,21.43,9.46,6,2,13,2,14,75.7,46.82,106.13,73.37,114.47,75.29,6,Quevilly-Rouen Métropole 2-1 Concarneau,2026-02-12
Quevilly-Rouen Métropole,1.55,2.21,-0.66,0.93,1.45,-0.52,0.62,0.00,0.62,1.55,1.45,0.10,2,1,1,1.66,53.10,43.84,40.54,0.56,0.89,130,8,12,10,21.43,11.24,10.80,2,6,26,5,11,86.0,53.18,38.53,26.63,37.57,24.71,0,Quevilly-Rouen Métropole 2-1 Concarneau,2026-02-12
Versailles,1.90,1.92,-0.02,1.36,1.80,-0.44,0.54,0.12,0.42,1.90,1.92,-0.02,0,1,-1,-0.98,51.20,60.95,49.15,0.9,0.61,206,14,17,11,18.89,18.03,7.78,5,2,23,8,18,118.4,73.45,36.27,48.66,107.6,72.6,4,Villefranche 1-0 Versailles,2026-02-06
Villefranche,1.92,1.90,0.02,1.80,1.36,0.44,0.12,0.54,-0.42,1.92,1.90,0.02,1,0,1,0.98,48.80,39.05,42.98,0.61,0.9,128,5,11,17,18.03,18.89,8.54,2,5,13,3,16,42.8,26.55,38.27,51.34,40.6,27.4,0,Villefranche 1-0 Versailles,2026-02-06
Sochaux,0.61,0.70,-0.09,0.50,0.70,-0.20,0.10,0.00,0.10,0.61,0.70,-0.09,1,1,0,0.09,59.10,57.04,44.50,0.38,0.33,185,5,7,8,18.42,24.24,6.75,5,8,19,3,11,80.4,59.25,13.87,12.63,66.57,38.57,0,Stade Briochin 1-1 Sochaux,2026-02-06
Stade Briochin,0.70,0.61,0.09,0.70,0.50,0.20,0.00,0.10,-0.10,0.70,0.61,0.09,1,1,0,-0.09,40.90,42.96,45.60,0.33,0.38,136,9,8,7,24.24,18.42,9.85,8,5,23,6,21,55.3,40.75,95.93,87.37,106.03,61.43,2,Stade Briochin 1-1 Sochaux,2026-02-06
Fleury,1.59,1.33,0.26,1.33,1.29,0.04,0.26,0.04,0.22,1.59,1.33,0.26,0,1,-1,-1.26,46.20,55.95,51.79,0.83,0.5,198,11,11,10,13.25,20.0,11.43,4,4,21,4,9,115.9,63.33,66.47,74.74,122.1,75.42,1,Caen 1-0 Fleury,2026-02-06
Caen,1.33,1.59,-0.26,1.29,1.33,-0.04,0.04,0.26,-0.22,1.33,1.59,-0.26,1,0,1,1.26,53.80,44.05,44.11,0.5,0.83,165,13,10,11,20.0,13.25,7.23,4,4,22,7,18,67.1,36.67,22.47,25.26,39.8,24.58,0,Caen 1-0 Fleury,2026-02-06
Dijon,2.87,1.17,1.70,2.87,1.09,1.78,0.00,0.08,-0.08,2.87,1.17,1.70,4,1,3,1.30,43.00,42.34,41.56,0.65,0.85,136,9,10,9,15.38,10.59,12.22,5,4,8,5,19,49.8,33.22,81.93,72.21,119.8,82.51,0,Paris 13 Atletico 1-4 Dijon,2026-02-06
Paris 13 Atletico,1.17,2.87,-1.70,1.09,2.87,-1.78,0.08,0.00,0.08,1.17,2.87,-1.70,1,4,-3,-1.30,57.00,57.66,45.56,0.85,0.65,222,15,9,10,10.59,15.38,11.06,4,5,29,4,8,100.1,66.78,31.53,27.79,25.4,17.49,1,Paris 13 Atletico 1-4 Dijon,2026-02-06
Châteauroux,1.36,1.97,-0.61,1.35,1.91,-0.56,0.01,0.06,-0.05,1.36,1.97,-0.61,2,2,0,0.61,44.30,44.87,44.71,0.32,1.28,158,8,11,13,34.38,10.16,9.54,3,6,24,2,15,46.2,27.3,60.33,69.3,49.87,32.93,1,Orléans 2-2 Châteauroux,2026-02-06
Orléans,1.97,1.36,0.61,1.91,1.35,0.56,0.06,0.01,0.05,1.97,1.36,0.61,2,2,0,-0.61,55.70,55.13,49.00,1.28,0.32,213,16,13,11,10.16,34.38,9.06,6,3,21,3,16,123.0,72.7,26.73,30.7,101.57,67.07,1,Orléans 2-2 Châteauroux,2026-02-06
Valenciennes,1.02,1.33,-0.31,0.81,1.21,-0.40,0.21,0.12,0.09,1.02,1.33,-0.31,2,1,1,1.31,46.50,33.54,44.68,0.31,0.85,162,5,6,18,19.35,21.18,9.84,5,8,10,2,13,29.6,14.04,39.47,61.22,43.93,21.5,1,Rouen 1-2 Valenciennes,2026-02-06
Rouen,1.33,1.02,0.31,1.21,0.81,0.40,0.12,0.21,-0.09,1.33,1.02,0.31,1,2,-1,-1.31,53.50,66.46,50.08,0.85,0.31,226,11,18,6,21.18,19.35,7.21,8,5,30,9,18,181.3,85.96,25.0,38.78,160.37,78.5,2,Rouen 1-2 Valenciennes,2026-02-06
Le Puy Foot,0.77,1.98,-1.21,0.75,1.92,-1.17,0.03,0.06,-0.03,0.77,1.98,-1.21,0,1,-1,0.21,65.50,66.78,50.00,0.69,0.59,315,9,9,15,13.04,25.42,10.16,3,1,27,7,6,95.5,64.75,8.2,7.7,41.6,28.83,5,Bourg-Péronnas 1-0 Le Puy Foot,2026-02-06
Bourg-Péronnas,1.98,0.77,1.21,1.92,0.75,1.17,0.06,0.03,0.03,1.98,0.77,1.21,1,0,1,-0.21,34.50,33.22,41.18,0.59,0.69,93,6,15,9,25.42,13.04,22.48,1,3,12,6,18,52.0,35.25,98.27,92.3,102.67,71.17,0,Bourg-Péronnas 1-0 Le Puy Foot,2026-02-06
Aubagne,0.43,1.76,-1.33,0.43,1.00,-0.57,0.00,0.00,0.00,0.43,1.00,-0.57,0,1,-1,0.33,55.70,48.08,44.27,0.37,0.8,187,6,6,12,16.22,15.0,9.77,5,8,17,4,16,46.7,38.47,22.93,22.6,36.33,22.97,4,Concarneau 1-0 Aubagne,2026-02-06
Concarneau,1.76,0.43,1.33,1.00,0.43,0.57,0.00,0.00,0.00,1.00,0.43,0.57,1,0,1,-0.33,44.30,51.92,44.65,0.8,0.37,153,7,12,6,15.0,16.22,8.15,8,5,19,3,15,74.7,61.53,78.53,77.4,121.83,77.03,2,Concarneau 1-0 Aubagne,2026-02-06
Orléans,1.18,3.31,-2.13,1.18,3.17,-1.99,0.00,0.13,-0.13,1.18,3.31,-2.13,1,0,1,3.13,43.40,37.15,42.49,0.28,0.77,141,4,6,20,21.43,25.97,13.65,4,5,12,2,7,30.8,17.43,55.27,67.02,43.83,30.33,0,Valenciennes 0-1 Orléans,2026-01-31
Valenciennes,3.31,1.18,2.13,3.17,1.18,1.99,0.13,0.00,0.13,3.31,1.18,2.13,0,1,-1,-3.13,56.60,62.85,46.95,0.77,0.28,250,18,20,6,25.97,21.43,11.00,5,4,16,7,16,145.9,82.57,27.2,32.98,100.67,69.67,9,Valenciennes 0-1 Orléans,2026-01-31
Caen,1.95,1.06,0.89,0.72,1.03,-0.31,1.23,0.04,1.19,1.95,1.06,0.89,1,2,-1,-1.89,73.40,63.28,43.19,0.68,0.14,227,13,6,10,8.82,71.43,5.06,2,6,20,4,19,104.7,64.79,5.47,2.72,42.9,17.48,0,Versailles 2-1 Caen,2026-01-30
Versailles,1.06,1.95,-0.89,1.03,0.72,0.31,0.04,1.23,-1.19,1.06,1.95,-0.89,2,1,1,1.89,26.60,36.72,45.85,0.14,0.68,97,8,10,6,71.43,8.82,14.68,6,2,16,4,13,56.9,35.21,195.47,97.28,202.57,82.52,0,Versailles 2-1 Caen,2026-01-30
Villefranche,2.09,1.22,0.87,1.40,0.72,0.68,0.69,0.50,0.19,2.09,1.22,0.87,2,1,1,0.13,42.20,36.6,42.86,0.37,1.12,144,8,13,12,35.14,10.71,14.62,4,4,17,6,13,59.4,32.66,88.53,67.31,82.8,51.12,0,Quevilly-Rouen Métropole 1-2 Villefranche,2026-01-30
Quevilly-Rouen Métropole,1.22,2.09,-0.87,0.72,1.40,-0.68,0.50,0.69,-0.19,1.22,2.09,-0.87,1,2,-1,-0.13,57.80,63.4,49.55,1.12,0.37,274,11,12,13,10.71,35.14,10.56,4,4,24,6,12,122.5,67.34,43.0,32.69,79.17,48.88,1,Quevilly-Rouen Métropole 1-2 Villefranche,2026-01-30
Rouen,1.32,1.78,-0.46,1.26,1.47,-0.21,0.05,0.31,-0.26,1.32,1.78,-0.46,1,1,0,0.46,56.50,64.18,48.93,0.98,0.53,210,14,11,14,11.22,26.42,8.18,4,3,22,9,10,140.2,68.69,18.13,27.33,118.83,58.41,2,Sochaux 1-1 Rouen,2026-01-30
Sochaux,1.78,1.32,0.46,1.47,1.26,0.21,0.31,0.05,0.26,1.78,1.32,0.46,1,1,0,-0.46,43.50,35.82,43.48,0.53,0.98,123,9,14,11,26.42,11.22,11.48,3,4,12,6,14,63.9,31.31,48.2,72.67,84.6,41.59,0,Sochaux 1-1 Rouen,2026-01-30
Paris 13 Atletico,0.67,1.41,-0.74,0.67,0.62,0.05,0.00,0.03,-0.03,0.67,0.65,0.02,0,1,-1,-0.26,48.40,42.14,40.00,0.36,0.45,125,10,7,9,19.44,20.0,8.62,8,8,16,2,18,54.5,35.86,33.13,39.72,42.47,22.89,3,Fleury 1-0 Paris 13 Atletico,2026-01-30
Fleury,1.41,0.67,0.74,0.62,0.67,-0.05,0.03,0.00,0.03,0.65,0.67,-0.02,1,0,1,0.26,51.60,57.86,46.65,0.45,0.36,187,11,9,7,20.0,19.44,7.72,8,8,14,3,16,97.5,64.14,50.27,60.28,143.1,77.11,0,Fleury 1-0 Paris 13 Atletico,2026-01-30
Le Puy Foot,1.26,0.22,1.04,1.13,0.22,0.91,0.13,0.00,0.13,1.26,0.22,1.04,2,0,2,0.96,60.40,56.07,44.31,0.62,0.34,215,16,11,7,17.74,20.59,8.41,6,1,23,7,14,88.8,70.81,26.13,23.14,72.37,49.88,0,Châteauroux 0-2 Le Puy Foot,2026-01-30
Châteauroux,0.22,1.26,-1.04,0.22,1.13,-0.91,0.00,0.13,-0.13,0.22,1.26,-1.04,0,2,-2,-0.96,39.60,43.93,45.54,0.34,0.62,150,9,7,11,20.59,17.74,13.09,1,6,24,5,14,36.6,29.19,86.8,76.86,72.73,50.12,0,Châteauroux 0-2 Le Puy Foot,2026-01-30
Stade Briochin,0.34,2.30,-1.96,0.13,1.61,-1.48,0.21,0.70,-0.49,0.34,2.30,-1.96,0,0,0,1.96,37.30,21.92,42.18,0.25,1.53,114,8,7,23,28.0,15.03,21.16,2,7,13,6,10,15.8,5.77,79.0,80.12,23.47,10.22,0,Dijon 0-0 Stade Briochin,2026-01-30
Dijon,2.30,0.34,1.96,1.61,0.13,1.48,0.70,0.21,0.49,2.30,0.34,1.96,0,0,0,-1.96,62.70,78.08,55.34,1.53,0.25,364,29,23,7,15.03,28.0,9.70,7,2,48,12,7,257.8,94.23,19.6,19.88,206.07,89.78,3,Dijon 0-0 Stade Briochin,2026-01-30
Bourg-Péronnas,0.93,1.85,-0.92,0.90,1.57,-0.67,0.04,0.28,-0.24,0.93,1.85,-0.92,1,0,1,1.92,30.10,32.48,39.00,0.49,1.24,81,8,6,14,12.24,11.29,22.32,2,2,12,2,6,26.3,16.27,138.47,95.85,86.8,67.22,0,Concarneau 0-1 Bourg-Péronnas,2026-01-30
Concarneau,1.85,0.93,0.92,1.57,0.90,0.67,0.28,0.04,0.24,1.85,0.93,0.92,0,1,-1,-1.92,69.90,67.52,47.58,1.24,0.49,296,15,14,6,11.29,12.24,12.00,2,2,31,6,13,135.3,83.73,6.0,4.15,42.33,32.78,6,Concarneau 0-1 Bourg-Péronnas,2026-01-30
Dijon,0.82,0.53,0.29,0.82,0.53,0.29,0.00,0.00,0.00,0.82,0.53,0.29,0,0,0,-0.29,56.20,52.35,45.26,0.7,0.54,211,8,8,6,11.43,11.11,7.07,4,7,12,3,17,81.3,51.16,10.07,11.5,42.97,28.72,0,Rouen 0-0 Dijon,2026-01-24
Rouen,0.53,0.82,-0.29,0.53,0.82,-0.29,0.00,0.00,0.00,0.53,0.82,-0.29,0,0,0,0.29,43.80,47.65,44.95,0.54,0.7,160,8,6,8,11.11,11.43,9.91,7,4,17,6,12,77.6,48.84,77.47,88.5,106.67,71.28,1,Rouen 0-0 Dijon,2026-01-24
Quevilly-Rouen Métropole,1.76,0.37,1.39,1.76,0.32,1.44,0.00,0.05,-0.05,1.76,0.37,1.39,0,0,0,-1.39,43.10,43.01,46.44,0.83,0.62,150,13,9,5,10.84,8.06,13.86,6,6,19,2,15,70.3,47.92,67.47,76.72,82.63,66.44,0,Caen 0-0 Quevilly-Rouen Métropole,2026-01-23
Caen,0.37,1.76,-1.39,0.32,1.76,-1.44,0.05,0.00,0.05,0.37,1.76,-1.39,0,0,0,1.39,56.90,56.99,46.68,0.62,0.83,222,8,5,9,8.06,10.84,9.00,6,6,20,3,9,76.4,52.08,20.47,23.28,41.73,33.56,0,Caen 0-0 Quevilly-Rouen Métropole,2026-01-23
Versailles,2.32,1.15,1.17,2.23,0.86,1.37,0.09,0.30,-0.21,2.32,1.15,1.17,3,1,2,0.83,44.90,48.3,46.45,1.18,0.6,146,11,15,8,12.71,13.33,10.56,1,3,14,4,14,85.7,52.74,58.87,63.57,106.5,61.82,0,Paris 13 Atletico 1-3 Versailles,2026-01-23
Paris 13 Atletico,1.15,2.32,-1.17,0.86,2.23,-1.37,0.30,0.09,0.21,1.15,2.32,-1.17,1,3,-2,-0.83,55.10,51.7,43.57,0.6,1.18,175,14,8,15,13.33,12.71,12.74,3,1,22,4,14,76.8,47.26,33.73,36.43,65.77,38.18,9,Paris 13 Atletico 1-3 Versailles,2026-01-23
Sochaux,1.70,1.08,0.62,0.77,1.05,-0.28,0.17,0.02,0.15,0.94,1.08,-0.14,2,1,1,0.38,51.60,42.92,40.59,0.17,0.15,133,6,8,6,47.06,40.0,11.55,3,4,11,4,16,46.4,49.41,49.07,48.61,77.8,65.49,0,Orléans 1-2 Sochaux,2026-01-23
Orléans,1.08,1.70,-0.62,1.05,0.77,0.28,0.02,0.17,-0.15,1.08,0.94,0.14,1,2,-1,-0.38,48.40,57.08,42.31,0.15,0.17,147,3,6,8,40.0,47.06,11.75,4,3,15,3,13,47.5,50.59,51.87,51.39,41.0,34.51,0,Orléans 1-2 Sochaux,2026-01-23
Valenciennes,0.67,1.93,-1.26,0.62,1.11,-0.49,0.04,0.06,-0.02,0.67,1.17,-0.50,0,3,-3,-1.74,42.80,39.19,43.42,0.51,1.13,152,9,5,12,9.8,10.62,12.79,8,8,5,2,8,26.1,17.45,71.8,77.54,50.13,23.66,5,Le Puy Foot 3-0 Valenciennes,2026-01-23
Le Puy Foot,1.93,0.67,1.26,1.11,0.62,0.49,0.06,0.04,0.02,1.17,0.67,0.50,3,0,3,1.74,57.20,60.81,45.39,1.13,0.51,213,11,12,5,10.62,9.8,12.07,8,8,17,6,6,123.5,82.55,20.8,22.46,161.79,76.34,2,Le Puy Foot 3-0 Valenciennes,2026-01-23
Châteauroux,0.67,0.14,0.53,0.61,0.11,0.50,0.06,0.03,0.03,0.67,0.14,0.53,1,1,0,-0.53,62.30,67.13,49.32,0.58,0.22,286,9,13,5,22.41,22.73,9.06,5,1,25,3,12,125.0,86.75,16.8,14.48,99.9,68.05,1,Bourg-Péronnas 1-1 Châteauroux,2026-01-23
Bourg-Péronnas,0.14,0.67,-0.53,0.11,0.61,-0.50,0.03,0.06,-0.03,0.14,0.67,-0.53,1,1,0,0.53,37.70,32.87,40.40,0.22,0.58,108,4,5,13,22.73,22.41,18.42,1,5,10,3,17,19.1,13.25,99.2,85.52,46.9,31.95,1,Bourg-Péronnas 1-1 Châteauroux,2026-01-23
Aubagne,1.94,1.59,0.35,1.44,1.56,-0.12,0.50,0.03,0.47,1.94,1.59,0.35,1,2,-1,-1.35,61.30,60.84,45.77,0.75,0.25,195,8,15,10,20.0,40.0,10.71,1,4,17,9,14,118.6,67.42,20.0,22.06,88.57,51.26,0,Villefranche 2-1 Aubagne,2026-01-23
Villefranche,1.59,1.94,-0.35,1.56,1.44,0.12,0.03,0.50,-0.47,1.59,1.94,-0.35,2,1,1,1.35,38.70,39.16,41.37,0.25,0.75,112,5,10,15,40.0,20.0,9.90,4,1,18,4,12,57.3,32.58,70.67,77.94,84.23,48.74,0,Villefranche 2-1 Aubagne,2026-01-23
Rouen,2.70,0.69,2.01,1.71,0.46,1.25,0.22,0.23,-0.01,1.94,0.69,1.25,3,1,2,-0.01,63.70,67.16,48.83,0.91,0.15,241,17,19,8,20.88,53.33,8.21,4,1,21,11,8,207.8,84.57,16.2,17.55,170.17,76.73,0,Versailles 1-3 Rouen,2026-01-16
Versailles,0.69,2.70,-2.01,0.46,1.71,-1.25,0.23,0.22,0.01,0.69,1.94,-1.25,1,3,-2,0.01,36.30,32.84,42.72,0.15,0.91,107,5,8,19,53.33,20.88,13.89,1,4,15,3,16,37.9,15.43,76.13,82.45,51.6,23.27,1,Versailles 1-3 Rouen,2026-01-16
Bourg-Péronnas,0.77,2.47,-1.70,0.53,1.90,-1.37,0.23,0.57,-0.34,0.77,2.47,-1.70,1,3,-2,-0.30,56.10,43.88,38.27,0.46,1.3,163,7,9,17,19.57,13.08,12.17,6,6,18,5,8,22.9,17.4,14.93,11.61,12.37,5.41,1,Valenciennes 3-1 Bourg-Péronnas,2026-01-16
Valenciennes,2.47,0.77,1.70,1.90,0.53,1.37,0.57,0.23,0.34,2.47,0.77,1.70,3,1,2,0.30,43.90,56.12,49.41,1.3,0.46,226,12,17,9,13.08,19.57,16.09,6,6,14,6,13,108.7,82.6,113.67,88.39,216.3,94.59,0,Valenciennes 3-1 Bourg-Péronnas,2026-01-16
Stade Briochin,0.93,0.24,0.69,0.92,0.09,0.83,0.01,0.14,-0.13,0.93,0.24,0.69,0,0,0,-0.69,53.90,55.47,46.97,0.62,0.28,232,7,9,3,14.52,10.71,14.81,5,4,20,3,12,113.6,66.63,40.47,41.89,108.0,61.72,1,Quevilly-Rouen Métropole 0-0 Stade Briochin,2026-01-16
Quevilly-Rouen Métropole,0.24,0.93,-0.69,0.09,0.92,-0.83,0.14,0.01,0.13,0.24,0.93,-0.69,0,0,0,0.69,46.10,44.53,40.31,0.28,0.62,133,4,3,9,10.71,14.52,17.56,4,5,21,6,9,56.9,33.37,56.13,58.11,66.97,38.28,0,Quevilly-Rouen Métropole 0-0 Stade Briochin,2026-01-16
Châteauroux,0.52,1.28,-0.76,0.31,1.08,-0.77,0.21,0.19,0.02,0.52,1.28,-0.76,0,1,-1,-0.24,54.00,46.09,41.06,0.53,0.37,133,11,9,17,16.98,45.95,7.39,5,6,19,4,17,57.2,41.12,8.33,9.01,39.97,20.29,0,Sochaux 1-0 Châteauroux,2026-01-16
Sochaux,1.28,0.52,0.76,1.08,0.31,0.77,0.19,0.21,-0.02,1.28,0.52,0.76,1,0,1,0.24,46.00,53.91,47.97,0.37,0.53,165,10,17,9,45.95,16.98,7.93,6,5,22,8,14,81.9,58.88,84.13,90.99,157.07,79.71,0,Sochaux 1-0 Châteauroux,2026-01-16
Orléans,1.33,3.65,-2.32,1.24,3.64,-2.40,0.09,0.02,0.07,1.33,3.65,-2.32,0,3,-3,-0.68,52.40,46.97,43.58,0.3,0.88,186,7,10,17,33.33,19.32,10.76,6,3,27,8,9,63.8,31.9,29.67,32.13,46.3,17.41,0,Fleury 3-0 Orléans,2026-01-16
Fleury,3.65,1.33,2.32,3.64,1.24,2.40,0.02,0.09,-0.07,3.65,1.33,2.32,3,0,3,0.68,47.60,53.03,47.35,0.88,0.3,191,10,17,10,19.32,33.33,13.74,3,6,5,3,13,136.2,68.1,62.67,67.87,219.66,82.59,2,Fleury 3-0 Orléans,2026-01-16
Le Puy Foot,1.08,2.85,-1.77,0.81,2.07,-1.26,0.27,0.02,0.25,1.08,2.09,-1.01,0,2,-2,-0.23,46.80,38.76,43.45,0.65,0.71,165,11,6,17,9.23,23.94,15.00,4,9,14,2,13,24.8,17.54,67.0,62.78,24.6,18.13,3,Dijon 2-0 Le Puy Foot,2026-01-16
Dijon,2.85,1.08,1.77,2.07,0.81,1.26,0.02,0.27,-0.25,2.09,1.08,1.01,2,0,2,0.23,53.20,61.24,46.04,0.71,0.65,202,10,17,6,23.94,9.23,9.41,9,4,30,8,10,116.6,82.46,39.73,37.22,111.07,81.87,1,Dijon 2-0 Le Puy Foot,2026-01-16
Caen,2.19,3.62,-1.43,0.88,2.05,-1.17,0.55,0.80,-0.25,1.43,2.86,-1.43,3,3,0,1.43,50.20,36.36,38.96,0.55,1.16,109,6,6,20,10.91,17.24,10.41,4,6,8,2,18,31.0,20.06,21.93,25.19,21.67,13.58,2,Concarneau 3-3 Caen,2026-01-16
Concarneau,3.62,2.19,1.43,2.05,0.88,1.17,0.80,0.55,0.25,2.86,1.43,1.43,3,3,0,-1.43,49.80,63.64,47.15,1.16,0.55,186,12,20,6,17.24,10.91,9.65,6,4,27,7,9,123.5,79.94,65.13,74.81,137.87,86.42,5,Concarneau 3-3 Caen,2026-01-16
Paris 13 Atletico,0.38,1.51,-1.13,0.32,1.49,-1.17,0.05,0.02,0.03,0.38,1.51,-1.13,1,1,0,1.13,32.00,29.14,39.59,0.2,0.7,80,6,9,12,45.0,17.14,14.40,2,7,9,3,18,27.0,15.98,105.8,88.56,76.47,56.1,2,Aubagne 1-1 Paris 13 Atletico,2026-01-16
Aubagne,1.51,0.38,1.13,1.49,0.32,1.17,0.02,0.05,-0.03,1.51,0.38,1.13,1,1,0,-1.13,68.00,70.86,49.59,0.7,0.2,273,10,12,9,17.14,45.0,6.94,7,2,32,7,12,142.0,84.02,13.67,11.44,59.83,43.9,1,Aubagne 1-1 Paris 13 Atletico,2026-01-16
Quevilly-Rouen Métropole,0.20,2.10,-1.90,0.20,1.81,-1.61,0.00,0.29,-0.29,0.20,2.10,-1.90,0,1,-1,0.90,55.40,29.76,37.59,0.36,0.81,121,4,4,14,11.11,17.28,9.24,3,3,8,1,8,26.3,14.59,16.6,13.11,6.37,2.46,0,Rouen 1-0 Quevilly-Rouen Métropole,2025-12-12
Rouen,2.10,0.20,1.90,1.81,0.20,1.61,0.29,0.00,0.29,2.10,0.20,1.90,1,0,1,-0.90,44.60,70.24,49.89,0.81,0.36,210,16,14,4,17.28,11.11,11.34,3,3,15,5,19,154.0,85.41,110.0,86.89,252.27,97.54,1,Rouen 1-0 Quevilly-Rouen Métropole,2025-12-12
Bourg-Péronnas,1.85,1.30,0.55,1.74,1.29,0.45,0.11,0.01,0.10,1.85,1.30,0.55,1,0,1,0.45,31.40,30.34,42.47,0.38,0.6,90,7,13,14,34.21,23.33,17.96,1,6,13,4,13,31.2,24.63,122.07,92.1,108.33,70.96,0,Villefranche 0-1 Bourg-Péronnas,2025-12-12
Villefranche,1.30,1.85,-0.55,1.29,1.74,-0.45,0.01,0.11,-0.10,1.30,1.85,-0.55,0,1,-1,-0.45,68.60,69.66,47.24,0.6,0.38,257,9,14,13,23.33,34.21,6.54,6,1,35,6,13,95.5,75.37,10.47,7.9,44.33,29.04,1,Villefranche 0-1 Bourg-Péronnas,2025-12-12
Aubagne,2.44,1.51,0.93,2.01,1.28,0.73,0.44,0.22,0.22,2.44,1.51,0.93,3,1,2,1.07,39.00,31.8,40.65,0.4,0.7,98,8,14,15,35.0,21.43,13.41,5,10,5,3,8,47.2,30.93,83.47,78.45,113.97,65.73,0,Stade Briochin 1-3 Aubagne,2025-12-12
Stade Briochin,1.51,2.44,-0.93,1.28,2.01,-0.73,0.22,0.44,-0.22,1.51,2.44,-0.93,1,3,-2,-1.07,61.00,68.2,46.07,0.7,0.4,230,8,15,14,21.43,35.0,8.86,10,5,21,4,16,105.4,69.07,22.93,21.55,59.43,34.27,0,Stade Briochin 1-3 Aubagne,2025-12-12
Concarneau,0.45,0.96,-0.51,0.45,0.91,-0.46,0.00,0.05,-0.05,0.45,0.96,-0.51,0,0,0,0.51,43.80,49.36,41.32,0.26,0.47,146,3,7,10,26.92,21.28,19.03,5,4,11,2,8,58.3,45.8,116.2,90.69,132.43,77.31,5,Paris 13 Atletico 0-0 Concarneau,2025-12-12
Paris 13 Atletico,0.96,0.45,0.51,0.91,0.45,0.46,0.05,0.00,0.05,0.96,0.45,0.51,0,0,0,-0.51,56.20,50.64,37.90,0.47,0.26,171,4,10,7,21.28,26.92,20.81,4,5,11,2,6,69.0,54.2,11.93,9.31,38.87,22.69,4,Paris 13 Atletico 0-0 Concarneau,2025-12-12
Fleury,1.03,1.98,-0.95,0.84,1.02,-0.18,0.19,0.21,-0.02,1.03,1.22,-0.19,1,2,-1,-0.05,58.10,66.76,50.27,0.98,0.88,247,18,7,9,7.14,10.23,10.16,3,5,17,5,18,154.5,82.01,46.6,51.82,167.8,79.4,0,Le Puy Foot 2-1 Fleury,2025-12-12
Le Puy Foot,1.98,1.03,0.95,1.02,0.84,0.18,0.21,0.19,0.02,1.22,1.03,0.19,2,1,1,0.05,41.90,33.24,41.35,0.88,0.98,116,13,9,7,10.23,7.14,10.26,5,3,15,6,7,33.9,17.99,43.33,48.18,43.53,20.6,1,Le Puy Foot 2-1 Fleury,2025-12-12
Dijon,1.18,1.23,-0.05,1.00,0.99,0.01,0.18,0.24,-0.06,1.18,1.23,-0.05,0,0,0,0.05,55.10,64.01,48.87,0.84,1.03,253,17,13,11,15.48,10.68,10.83,5,1,24,2,12,141.8,63.67,47.73,43.05,106.3,63.61,1,Châteauroux 0-0 Dijon,2025-12-12
Châteauroux,1.23,1.18,0.05,0.99,1.00,-0.01,0.24,0.18,0.06,1.23,1.18,0.05,0,0,0,-0.05,44.90,35.99,42.89,1.03,0.84,151,19,11,13,10.68,15.48,21.20,1,5,19,6,14,80.9,36.33,63.13,56.95,60.8,36.39,0,Châteauroux 0-0 Dijon,2025-12-12
Caen,2.41,0.82,1.59,2.36,0.82,1.54,0.04,0.00,0.04,2.41,0.82,1.59,1,1,0,-1.59,53.00,68.18,49.29,1.15,0.48,217,15,13,11,11.3,22.92,10.79,2,5,19,3,17,132.8,80.68,44.33,54.91,138.5,79.57,2,Villefranche 1-1 Caen,2025-12-05
Villefranche,0.82,2.41,-1.59,0.82,2.36,-1.54,0.00,0.04,-0.04,0.82,2.41,-1.59,1,1,0,1.59,47.00,31.82,37.04,0.48,1.15,109,9,11,13,22.92,11.3,10.77,5,2,11,4,11,31.8,19.32,36.4,45.09,35.57,20.43,2,Villefranche 1-1 Caen,2025-12-05
Le Puy Foot,1.24,0.77,0.47,0.44,0.69,-0.25,0.03,0.08,-0.05,0.48,0.77,-0.29,3,0,3,2.53,46.40,49.83,44.89,0.55,0.61,185,9,10,11,18.18,18.03,12.41,3,4,13,5,18,68.6,51.23,62.47,45.95,101.4,70.96,0,Versailles 0-3 Le Puy Foot,2025-12-05
Versailles,0.77,1.24,-0.47,0.69,0.44,0.25,0.08,0.03,0.05,0.77,0.48,0.29,0,3,-3,-2.53,53.60,50.17,45.29,0.61,0.55,202,14,11,10,18.03,18.18,10.40,4,3,21,6,14,65.3,48.77,73.47,54.05,41.5,29.04,1,Versailles 0-3 Le Puy Foot,2025-12-05
Orléans,2.21,0.79,1.42,1.99,0.79,1.20,0.22,0.00,0.22,2.21,0.79,1.42,1,0,1,-0.42,51.10,55.71,48.97,0.63,0.52,251,12,17,7,26.98,13.46,13.71,6,9,25,7,12,136.6,67.13,76.4,54.16,159.53,78.92,0,Quevilly-Rouen Métropole 0-1 Orléans,2025-12-05
Quevilly-Rouen Métropole,0.79,2.21,-1.42,0.79,1.99,-1.20,0.00,0.22,-0.22,0.79,2.21,-1.42,0,1,-1,0.42,48.90,44.29,43.63,0.52,0.63,176,8,7,17,13.46,26.98,10.69,9,6,22,1,10,66.9,32.87,64.67,45.84,42.6,21.08,0,Quevilly-Rouen Métropole 0-1 Orléans,2025-12-05
Châteauroux,1.19,0.76,0.43,0.73,0.68,0.05,0.46,0.08,0.38,1.19,0.76,0.43,0,0,0,-0.43,39.40,26.65,38.79,0.5,0.71,99,12,12,8,24.0,11.27,11.10,3,8,18,9,10,18.6,11.6,60.0,68.28,42.13,24.04,0,Fleury 0-0 Châteauroux,2025-12-05
Fleury,0.76,1.19,-0.43,0.68,0.73,-0.05,0.08,0.46,-0.38,0.76,1.19,-0.43,0,0,0,0.43,60.60,73.35,50.67,0.71,0.5,251,16,8,12,11.27,24.0,9.48,8,3,38,14,13,141.7,88.4,27.87,31.72,133.1,75.96,4,Fleury 0-0 Châteauroux,2025-12-05
Sochaux,2.85,1.80,1.05,2.85,1.80,1.05,0.00,0.00,0.00,2.85,1.80,1.05,3,1,2,0.95,44.50,51.25,45.39,0.73,0.73,172,12,10,9,13.7,12.33,12.75,7,5,11,2,10,82.3,57.31,84.8,69.51,144.03,80.66,0,Bourg-Péronnas 1-3 Sochaux,2025-12-05
Bourg-Péronnas,1.80,2.85,-1.05,1.80,2.85,-1.05,0.00,0.00,0.00,1.80,2.85,-1.05,1,3,-2,-0.95,55.50,48.75,41.00,0.73,0.73,165,5,9,10,12.33,13.7,15.40,5,7,19,4,7,61.3,42.69,37.2,30.49,34.53,19.34,0,Bourg-Péronnas 1-3 Sochaux,2025-12-05
Valenciennes,0.80,2.07,-1.27,0.80,2.07,-1.27,0.00,0.00,0.00,0.80,2.07,-1.27,1,4,-3,-1.73,42.10,43.84,43.11,0.23,1.03,157,6,5,12,21.74,11.65,17.93,2,8,11,2,10,43.6,31.96,62.13,57.5,17.71,9.41,0,Dijon 4-1 Valenciennes,2025-12-05
Dijon,2.07,0.80,1.27,2.07,0.80,1.27,0.00,0.00,0.00,2.07,0.80,1.27,4,1,3,1.73,57.90,56.16,46.67,1.03,0.23,260,10,12,5,11.65,21.74,9.80,8,2,14,4,10,92.8,68.04,45.93,42.5,170.48,90.59,2,Dijon 4-1 Valenciennes,2025-12-05
Stade Briochin,1.19,2.17,-0.98,1.19,1.34,-0.15,0.00,0.83,-0.83,1.19,2.17,-0.98,2,2,0,0.98,31.40,27.53,38.19,0.57,1.08,74,5,6,13,10.53,12.04,33.53,2,5,5,1,11,33.4,15.97,142.47,91.64,107.0,63.57,0,Concarneau 2-2 Stade Briochin,2025-12-05
Concarneau,2.17,1.19,0.98,1.34,1.19,0.15,0.83,0.00,0.83,2.17,1.19,0.98,2,2,0,-0.98,68.60,72.47,48.00,1.08,0.57,316,11,13,6,12.04,10.53,8.78,5,2,19,3,8,175.7,84.03,13.0,8.36,61.33,36.43,1,Concarneau 2-2 Stade Briochin,2025-12-05
Rouen,2.01,1.68,0.33,1.62,0.92,0.70,0.39,0.00,0.39,2.01,0.92,1.09,1,1,0,-0.33,42.60,54.91,49.95,1.17,0.71,188,12,12,6,10.26,8.45,13.76,5,6,24,2,13,124.2,67.43,113.27,96.42,200.73,91.37,1,Aubagne 1-1 Rouen,2025-12-05
Aubagne,1.68,2.01,-0.33,0.92,1.62,-0.70,0.00,0.39,-0.39,0.92,2.01,-1.09,1,1,0,0.33,57.40,45.09,43.70,0.71,1.17,203,5,6,12,8.45,10.26,6.95,6,5,15,1,16,60.0,32.57,4.2,3.58,18.97,8.63,0,Aubagne 1-1 Rouen,2025-12-05
Fleury,1.83,1.14,0.69,0.97,0.84,0.13,0.86,0.29,0.57,1.83,1.14,0.69,2,0,2,1.31,38.00,40.62,46.14,0.28,1.11,159,9,11,10,39.29,9.01,13.50,3,3,16,3,12,65.5,35.27,88.27,86.2,133.97,85.11,1,Valenciennes 0-2 Fleury,2025-11-21
Valenciennes,1.14,1.83,-0.69,0.84,0.97,-0.13,0.29,0.86,-0.57,1.14,1.83,-0.69,0,2,-2,-1.31,62.00,59.38,46.68,1.11,0.28,284,11,10,11,9.01,39.29,10.48,3,3,35,7,12,120.2,64.73,14.13,13.8,23.43,14.89,0,Valenciennes 0-2 Fleury,2025-11-21
Dijon,1.66,1.28,0.38,1.62,1.28,0.34,0.04,0.00,0.04,1.66,1.28,0.38,1,0,1,0.62,64.00,64.63,47.78,0.92,0.22,239,17,14,8,15.22,36.36,6.05,8,4,22,5,20,125.2,84.37,12.6,10.64,76.43,54.39,0,Sochaux 0-1 Dijon,2025-11-21
Sochaux,1.28,1.66,-0.38,1.28,1.62,-0.34,0.00,0.04,-0.04,1.28,1.66,-0.38,0,1,-1,-0.62,36.00,35.37,43.41,0.22,0.92,114,5,8,14,36.36,15.22,11.24,4,8,11,2,13,23.2,15.63,105.87,89.36,64.1,45.61,1,Sochaux 0-1 Dijon,2025-11-21
Bourg-Péronnas,1.83,1.06,0.77,1.33,1.06,0.27,0.50,0.00,0.50,1.83,1.06,0.77,0,1,-1,-1.77,52.00,47.32,42.92,0.33,0.74,170,11,13,8,39.39,10.81,12.17,5,2,18,5,9,78.7,55.38,24.47,28.02,58.33,41.74,0,Caen 1-0 Bourg-Péronnas,2025-11-21
Caen,1.06,1.83,-0.77,1.06,1.33,-0.27,0.00,0.50,-0.50,1.06,1.83,-0.77,1,0,1,1.77,48.00,52.68,47.92,0.74,0.33,201,10,8,13,10.81,39.39,12.71,2,5,24,3,14,63.4,44.62,62.87,71.98,81.43,58.26,0,Caen 1-0 Bourg-Péronnas,2025-11-21
Villefranche,0.69,1.94,-1.25,0.42,1.94,-1.52,0.26,0.00,0.26,0.69,1.94,-1.25,0,1,-1,0.25,46.10,53.36,48.23,0.44,0.66,168,5,12,14,27.27,21.21,13.15,8,3,21,4,8,63.7,48.85,74.2,80.71,96.93,61.39,2,Paris 13 Atletico 1-0 Villefranche,2025-11-21
Paris 13 Atletico,1.94,0.69,1.25,1.94,0.42,1.52,0.00,0.26,-0.26,1.94,0.69,1.25,1,0,1,-0.25,53.90,46.64,43.20,0.66,0.44,167,7,14,12,21.21,27.27,10.38,3,8,9,1,9,66.7,51.15,17.73,19.29,60.97,38.61,0,Paris 13 Atletico 1-0 Villefranche,2025-11-21
Aubagne,3.61,2.06,1.55,2.85,1.85,1.00,0.00,0.21,-0.21,2.85,2.06,0.79,4,2,2,0.45,36.70,33.83,38.85,0.54,0.34,117,8,11,15,20.37,44.12,13.97,3,6,7,2,15,50.8,30.69,88.8,83.09,87.4,56.88,0,Orléans 2-4 Aubagne,2025-11-21
Orléans,2.06,3.61,-1.55,1.85,2.85,-1.00,0.21,0.00,0.21,2.06,2.85,-0.79,2,4,-2,-0.45,63.30,66.17,44.11,0.34,0.54,251,6,15,11,44.12,20.37,8.76,6,3,36,8,12,114.7,69.31,18.07,16.91,66.27,43.12,0,Orléans 2-4 Aubagne,2025-11-21
Quevilly-Rouen Métropole,1.02,2.03,-1.01,1.02,1.77,-0.75,0.00,0.27,-0.27,1.02,2.03,-1.01,1,2,-1,0.01,44.40,36.91,39.48,0.78,1.09,128,8,7,15,8.97,13.76,16.56,1,4,14,0,11,48.2,24.42,52.2,48.91,45.5,22.53,0,Le Puy Foot 2-1 Quevilly-Rouen Métropole,2025-11-21
Le Puy Foot,2.03,1.02,1.01,1.77,1.02,0.75,0.27,0.00,0.27,2.03,1.02,1.01,2,1,1,-0.01,55.60,63.09,49.65,1.09,0.78,277,19,15,7,13.76,8.97,11.58,4,1,25,8,11,149.2,75.58,54.53,51.09,156.43,77.47,0,Le Puy Foot 2-1 Quevilly-Rouen Métropole,2025-11-21
Concarneau,0.10,0.98,-0.88,0.10,0.77,-0.67,0.00,0.20,-0.20,0.10,0.98,-0.88,0,0,0,0.88,49.30,33.33,40.04,0.14,0.79,122,5,4,14,28.57,17.72,10.44,4,6,8,1,12,15.4,10.75,53.4,41.89,18.87,11.04,2,Rouen 0-0 Concarneau,2025-11-21
Rouen,0.98,0.10,0.88,0.77,0.10,0.67,0.20,0.00,0.20,0.98,0.10,0.88,0,0,0,-0.88,50.70,66.67,46.53,0.79,0.14,206,11,14,4,17.72,28.57,9.47,6,4,18,8,18,127.9,89.25,74.07,58.11,152.03,88.96,0,Rouen 0-0 Concarneau,2025-11-21
Versailles,1.19,1.41,-0.22,1.17,1.25,-0.08,0.01,0.16,-0.15,1.19,1.41,-0.22,3,1,2,2.22,44.90,43.75,42.43,0.42,0.7,136,9,11,19,26.19,27.14,6.85,9,7,22,5,21,58.8,38.16,49.07,64.68,82.1,52.15,1,Châteauroux 1-3 Versailles,2025-11-21
Châteauroux,1.41,1.19,0.22,1.25,1.17,0.08,0.16,0.01,0.15,1.41,1.19,0.22,1,3,-2,-2.22,55.10,56.25,47.54,0.7,0.42,219,14,19,11,27.14,26.19,7.29,7,9,24,5,17,95.3,61.84,26.8,35.32,75.33,47.85,0,Châteauroux 1-3 Versailles,2025-11-21
Stade Briochin,1.21,1.34,-0.13,1.11,1.34,-0.23,0.10,0.00,0.10,1.21,1.34,-0.13,1,3,-2,-1.87,51.40,54.04,51.18,0.56,0.6,202,12,9,13,16.07,21.67,7.86,6,1,28,6,15,66.3,51.72,62.6,68.34,83.5,58.28,0,Villefranche 3-1 Stade Briochin,2025-11-07
Villefranche,1.34,1.21,0.13,1.34,1.11,0.23,0.00,0.10,-0.10,1.34,1.21,0.13,3,1,2,1.87,48.60,45.96,43.47,0.6,0.56,145,8,13,9,21.67,16.07,8.73,1,6,16,4,14,61.9,48.28,29.0,31.66,59.77,41.72,0,Villefranche 3-1 Stade Briochin,2025-11-07
Valenciennes,0.91,1.24,-0.33,0.82,1.04,-0.22,0.09,0.19,-0.10,0.91,1.24,-0.33,1,1,0,0.33,44.20,54.75,46.73,0.87,0.99,181,15,12,17,13.79,17.17,11.78,11,2,13,1,13,65.9,45.64,86.8,83.46,128.13,75.26,2,Versailles 1-1 Valenciennes,2025-11-07
Versailles,1.24,0.91,0.33,1.04,0.82,0.22,0.19,0.09,0.10,1.24,0.91,0.33,1,1,0,-0.33,55.80,45.25,40.82,0.99,0.87,167,15,17,12,17.17,13.79,8.83,2,11,21,8,16,78.5,54.36,17.2,16.54,42.13,24.74,1,Versailles 1-1 Valenciennes,2025-11-07
Châteauroux,0.40,0.88,-0.48,0.31,0.70,-0.39,0.10,0.19,-0.09,0.40,0.88,-0.48,3,0,3,3.48,63.30,61.25,46.88,0.6,0.17,204,15,8,12,13.33,70.59,5.62,8,4,15,4,19,109.1,64.1,10.2,12.97,86.03,51.08,1,Quevilly-Rouen Métropole 0-3 Châteauroux,2025-11-07
Quevilly-Rouen Métropole,0.88,0.40,0.48,0.70,0.31,0.39,0.19,0.10,0.09,0.88,0.40,0.48,0,3,-3,-3.48,36.70,38.75,43.64,0.17,0.6,106,6,12,8,70.59,13.33,12.58,4,8,13,5,9,61.1,35.9,68.47,87.03,82.4,48.92,0,Quevilly-Rouen Métropole 0-3 Châteauroux,2025-11-07
Paris 13 Atletico,0.26,2.82,-2.56,0.22,2.66,-2.44,0.04,0.17,-0.13,0.26,2.82,-2.56,0,0,0,2.56,40.60,29.27,39.92,0.3,1.21,118,5,7,24,23.33,19.83,15.88,5,5,10,1,10,7.8,3.46,66.13,63.92,6.53,3.37,5,Caen 0-0 Paris 13 Atletico,2025-11-07
Caen,2.82,0.26,2.56,2.66,0.22,2.44,0.17,0.04,0.13,2.82,0.26,2.56,0,0,0,-2.56,59.40,70.73,50.62,1.21,0.3,294,20,24,7,19.83,23.33,10.71,5,5,28,8,16,217.5,96.54,37.33,36.08,187.43,96.63,1,Caen 0-0 Paris 13 Atletico,2025-11-07
Sochaux,0.64,2.76,-2.12,0.64,2.76,-2.12,0.00,0.00,0.00,0.64,2.76,-2.12,0,0,0,2.12,40.70,34.51,39.91,0.24,1.21,104,2,8,15,33.33,12.4,11.66,4,2,11,5,10,29.3,18.02,61.6,84.93,51.07,32.85,0,Fleury 0-0 Sochaux,2025-11-07
Fleury,2.76,0.64,2.12,2.76,0.64,2.12,0.00,0.00,0.00,2.76,0.64,2.12,0,0,0,-2.12,59.30,65.49,47.76,1.21,0.24,225,15,15,8,12.4,33.33,7.91,2,4,28,5,16,133.3,81.98,10.93,15.07,104.4,67.15,2,Fleury 0-0 Sochaux,2025-11-07
Dijon,1.80,3.00,-1.20,1.80,2.18,-0.38,0.00,0.06,-0.06,1.80,2.24,-0.44,2,1,1,2.20,41.20,37.23,42.00,0.59,1.3,128,10,8,16,13.56,12.31,11.50,5,7,7,2,16,38.2,21.51,91.93,76.78,67.1,58.52,1,Bourg-Péronnas 1-2 Dijon,2025-11-07
Bourg-Péronnas,3.00,1.80,1.20,2.18,1.80,0.38,0.06,0.00,0.06,2.24,1.80,0.44,1,2,-1,-2.20,58.80,62.77,45.81,1.3,0.59,218,13,16,8,12.31,13.56,8.77,7,5,32,4,9,139.4,78.49,27.8,23.22,47.57,41.48,0,Bourg-Péronnas 1-2 Dijon,2025-11-07
Orléans,0.66,3.43,-2.77,0.63,3.36,-2.73,0.03,0.07,-0.04,0.66,3.43,-2.77,0,3,-3,-0.23,62.30,59.36,43.07,0.68,0.51,229,10,7,18,10.29,35.29,11.56,3,5,26,5,11,101.5,52.16,13.8,9.17,41.1,17.33,0,Concarneau 3-0 Orléans,2025-11-07
Concarneau,3.43,0.66,2.77,3.36,0.63,2.73,0.07,0.03,0.04,3.43,0.66,2.77,3,0,3,0.23,37.70,40.64,44.18,0.51,0.68,135,11,18,7,35.29,10.29,15.47,5,3,16,5,12,93.1,47.84,136.73,90.83,196.1,82.67,2,Concarneau 3-0 Orléans,2025-11-07
Le Puy Foot,3.95,0.98,2.97,2.39,0.89,1.50,0.04,0.09,-0.05,2.43,0.98,1.45,4,1,3,0.03,50.30,58.28,48.83,1.35,0.3,216,19,13,5,9.63,16.67,10.46,7,1,17,5,14,138.4,81.65,70.13,68.62,222.17,94.75,2,Aubagne 1-4 Le Puy Foot,2025-11-07
Aubagne,0.98,3.95,-2.97,0.89,2.39,-1.50,0.09,0.04,0.05,0.98,2.43,-1.45,1,4,-3,-0.03,49.70,41.72,41.31,0.3,1.35,156,2,5,13,16.67,9.63,11.73,1,7,10,5,18,31.1,18.35,32.07,31.38,12.3,5.25,1,Aubagne 1-4 Le Puy Foot,2025-11-07
Villefranche,1.85,1.55,0.30,1.05,1.35,-0.30,0.79,0.21,0.58,1.85,1.55,0.30,1,2,-1,-1.30,55.10,40.52,41.19,0.76,0.88,115,12,10,13,13.16,14.77,7.60,1,4,11,4,19,42.6,34.89,25.47,30.22,36.7,26.45,1,Rouen 2-1 Villefranche,2025-11-01
Rouen,1.55,1.85,-0.30,1.35,1.05,0.30,0.21,0.79,-0.58,1.55,1.85,-0.30,2,1,1,1.30,44.90,59.48,47.02,0.88,0.76,145,12,13,10,14.77,13.16,9.38,4,1,17,8,14,79.5,65.11,58.8,69.78,102.03,73.55,1,Rouen 2-1 Villefranche,2025-11-01
Quevilly-Rouen Métropole,0.93,0.93,0.00,0.61,0.50,0.11,0.32,0.43,-0.11,0.93,0.93,0.00,0,2,-2,-2.00,34.90,25.85,38.36,0.41,0.39,102,4,8,18,19.51,46.15,23.00,2,12,13,3,7,36.6,16.27,152.4,93.27,40.2,20.81,0,Valenciennes 2-0 Quevilly-Rouen Métropole,2025-10-31
Valenciennes,0.93,0.93,0.00,0.50,0.61,-0.11,0.43,0.32,0.11,0.93,0.93,0.00,2,0,2,2.00,65.10,74.15,52.68,0.39,0.41,417,7,18,8,46.15,19.51,7.76,12,2,29,7,12,188.4,83.73,11.0,6.73,152.93,79.19,0,Valenciennes 2-0 Quevilly-Rouen Métropole,2025-10-31
Caen,2.25,1.31,0.94,1.49,1.25,0.24,0.00,0.06,-0.06,1.49,1.31,0.18,1,1,0,-0.94,66.10,62.12,45.73,0.67,0.83,234,15,21,12,31.34,14.46,8.67,4,2,13,2,14,155.2,77.06,1.53,1.38,79.37,47.23,1,Stade Briochin 1-1 Caen,2025-10-31
Stade Briochin,1.31,2.25,-0.94,1.25,1.49,-0.24,0.06,0.00,0.06,1.31,1.49,-0.18,1,1,0,0.94,33.90,37.88,42.07,0.83,0.67,89,8,12,21,14.46,31.34,19.82,2,4,11,2,11,46.2,22.94,109.33,98.62,88.67,52.77,1,Stade Briochin 1-1 Caen,2025-10-31
Versailles,0.74,1.79,-1.05,0.74,1.72,-0.98,0.00,0.07,-0.07,0.74,1.79,-1.05,0,2,-2,-0.95,66.40,62.78,43.85,0.53,0.27,224,11,11,14,20.75,51.85,6.36,5,2,19,3,17,110.3,61.69,10.33,7.39,26.67,13.22,2,Sochaux 2-0 Versailles,2025-10-31
Sochaux,1.79,0.74,1.05,1.72,0.74,0.98,0.07,0.00,0.07,1.79,0.74,1.05,2,0,2,0.95,33.60,37.22,43.20,0.27,0.53,108,5,14,11,51.85,20.75,15.69,2,5,10,5,14,68.5,38.31,129.53,92.61,175.03,86.78,0,Sochaux 2-0 Versailles,2025-10-31
Bourg-Péronnas,2.18,1.15,1.03,1.37,0.80,0.57,0.82,0.36,0.46,2.18,1.15,1.03,1,2,-1,-2.03,54.20,49.3,46.03,1.06,0.33,219,9,14,10,13.21,30.3,10.43,7,7,19,4,10,62.7,48.45,31.4,35.98,66.0,37.46,0,Paris 13 Atletico 2-1 Bourg-Péronnas,2025-10-31
Paris 13 Atletico,1.15,2.18,-1.03,0.80,1.37,-0.57,0.36,0.82,-0.46,1.15,2.18,-1.03,2,1,1,2.03,45.80,50.7,42.87,0.33,1.06,147,7,10,14,30.3,13.21,12.34,7,7,14,9,11,66.7,51.55,55.87,64.02,110.17,62.54,3,Paris 13 Atletico 2-1 Bourg-Péronnas,2025-10-31
Concarneau,1.21,2.03,-0.82,0.47,1.92,-1.45,0.74,0.11,0.63,1.21,2.03,-0.82,1,1,0,0.82,33.50,26.37,39.30,0.31,0.77,82,4,8,17,25.81,22.08,12.74,3,4,9,2,16,26.1,13.71,93.67,93.73,78.1,45.67,1,Le Puy Foot 1-1 Concarneau,2025-10-31
Le Puy Foot,2.03,1.21,0.82,1.92,0.47,1.45,0.11,0.74,-0.63,2.03,1.21,0.82,1,1,0,-0.82,66.50,73.63,48.51,0.77,0.31,289,11,17,8,22.08,25.81,8.93,4,3,22,2,8,164.3,86.29,6.27,6.27,92.9,54.33,7,Le Puy Foot 1-1 Concarneau,2025-10-31
Aubagne,1.44,0.89,0.55,1.23,0.70,0.53,0.21,0.19,0.02,1.44,0.89,0.55,3,0,3,2.45,40.90,31.9,42.53,0.53,0.77,116,7,13,15,24.53,19.48,20.05,2,7,12,4,9,31.1,17.82,71.13,85.43,77.73,70.75,1,Châteauroux 0-3 Aubagne,2025-10-31
Châteauroux,0.89,1.44,-0.55,0.70,1.23,-0.53,0.19,0.21,-0.02,0.89,1.44,-0.55,0,3,-3,-2.45,59.10,68.1,50.16,0.77,0.53,251,11,15,13,19.48,24.53,8.97,7,2,24,3,12,143.4,82.18,12.13,14.57,32.13,29.25,0,Châteauroux 0-3 Aubagne,2025-10-31
Fleury,0.28,2.59,-2.31,0.11,1.57,-1.46,0.17,0.26,-0.09,0.28,1.83,-1.55,1,0,1,3.31,30.50,26.17,41.82,0.2,1.14,95,4,3,21,15.0,18.42,15.24,7,11,10,3,11,16.4,6.46,97.53,93.42,42.87,28.19,0,Dijon 0-1 Fleury,2025-10-31
Dijon,2.59,0.28,2.31,1.57,0.11,1.46,0.26,0.17,0.09,1.83,0.28,1.55,0,1,-1,-3.31,69.50,73.83,51.86,1.14,0.2,324,20,21,3,18.42,15.0,6.31,11,7,46,12,12,237.5,93.54,6.87,6.58,109.2,71.81,1,Dijon 0-1 Fleury,2025-10-31
Rouen,0.45,0.50,-0.05,0.25,0.50,-0.25,0.20,0.00,0.20,0.45,0.50,-0.05,1,1,0,0.05,30.30,29.37,40.60,0.3,0.63,83,3,5,14,16.67,22.22,19.74,2,6,12,5,11,18.4,10.22,106.93,97.45,87.5,70.24,0,Caen 1-1 Rouen,2025-10-21
Caen,0.50,0.45,0.05,0.50,0.25,0.25,0.00,0.20,-0.20,0.50,0.45,0.05,1,1,0,-0.05,69.70,70.63,50.92,0.63,0.3,319,12,14,5,22.22,16.67,5.32,6,2,23,5,15,161.7,89.78,2.8,2.55,37.07,29.76,0,Caen 1-1 Rouen,2025-10-21
Orléans,1.10,2.58,-1.48,0.63,2.33,-1.70,0.47,0.25,0.22,1.10,2.58,-1.48,2,1,1,2.48,55.10,52.25,45.20,0.88,0.57,189,12,11,15,12.5,26.32,11.13,5,4,19,6,12,101.8,55.21,55.0,50.55,96.03,57.97,0,Villefranche 1-2 Orléans,2025-10-21
Villefranche,2.58,1.10,1.48,2.33,0.63,1.70,0.25,0.47,-0.22,2.58,1.10,1.48,1,2,-1,-2.48,44.90,47.75,42.52,0.57,0.88,156,15,15,11,26.32,12.5,14.17,4,5,18,7,13,82.6,44.79,53.8,49.45,69.63,42.03,4,Villefranche 1-2 Orléans,2025-10-21
Dijon,1.42,0.92,0.50,1.42,0.92,0.50,0.00,0.00,0.00,1.42,0.92,0.50,2,0,2,1.50,55.30,58.36,47.67,0.55,0.78,226,8,12,10,21.82,12.82,6.93,8,3,14,1,19,120.3,66.03,40.6,46.56,151.23,81.37,3,Versailles 0-2 Dijon,2025-10-21
Versailles,0.92,1.42,-0.50,0.92,1.42,-0.50,0.00,0.00,0.00,0.92,1.42,-0.50,0,2,-2,-1.50,44.70,41.64,44.62,0.78,0.55,155,11,10,12,12.82,21.82,10.36,3,8,21,5,14,61.9,33.97,46.6,53.44,34.63,18.63,2,Versailles 0-2 Dijon,2025-10-21
Sochaux,1.85,0.32,1.53,1.72,0.32,1.40,0.13,0.00,0.13,1.85,0.32,1.53,1,1,0,-1.53,50.80,64.64,50.65,1.14,0.24,267,12,17,8,14.91,33.33,13.14,10,1,20,7,13,176.3,82.31,80.87,67.17,226.67,91.36,2,Quevilly-Rouen Métropole 1-1 Sochaux,2025-10-21
Quevilly-Rouen Métropole,0.32,1.85,-1.53,0.32,1.72,-1.40,0.00,0.13,-0.13,0.32,1.85,-1.53,1,1,0,1.53,49.20,35.36,39.92,0.24,1.14,155,4,8,17,33.33,14.91,16.44,1,10,14,3,7,37.9,17.69,39.53,32.83,21.43,8.64,1,Quevilly-Rouen Métropole 1-1 Sochaux,2025-10-21
Stade Briochin,1.16,3.42,-2.26,0.76,3.15,-2.39,0.39,0.27,0.12,1.16,3.42,-2.26,0,3,-3,-0.74,55.50,66.43,48.49,0.49,0.51,235,9,11,14,22.45,27.45,13.60,4,2,23,5,10,137.8,71.96,44.13,48.25,122.43,71.09,0,Paris 13 Atletico 3-0 Stade Briochin,2025-10-21
Paris 13 Atletico,3.42,1.16,2.26,3.15,0.76,2.39,0.27,0.39,-0.12,3.42,1.16,2.26,3,0,3,0.74,44.50,33.57,40.38,0.51,0.49,113,5,14,11,27.45,22.45,12.40,2,4,15,3,10,53.7,28.04,47.33,51.75,49.8,28.91,1,Paris 13 Atletico 3-0 Stade Briochin,2025-10-21
Fleury,3.58,2.43,1.15,1.80,1.42,0.38,1.02,0.26,0.76,2.82,1.67,1.15,2,2,0,-1.15,61.80,62.5,46.40,1.45,1.09,221,21,16,14,11.03,12.84,9.84,2,4,32,11,14,135.4,73.39,12.67,13.79,86.27,52.04,3,Bourg-Péronnas 2-2 Fleury,2025-10-21
Bourg-Péronnas,2.43,3.58,-1.15,1.42,1.80,-0.38,0.26,1.02,-0.76,1.67,2.82,-1.15,2,2,0,1.15,38.20,37.5,42.88,1.09,1.45,107,10,14,16,12.84,11.03,10.08,4,2,18,6,18,49.1,26.61,79.2,86.21,79.5,47.96,1,Bourg-Péronnas 2-2 Fleury,2025-10-21
Châteauroux,0.66,0.78,-0.12,0.24,0.78,-0.54,0.42,0.00,0.42,0.66,0.78,-0.12,0,0,0,0.12,54.50,42.81,43.83,0.16,0.65,196,4,4,14,25.0,21.54,11.38,6,2,17,6,10,45.6,28.22,32.2,29.58,20.57,13.19,0,Concarneau 0-0 Châteauroux,2025-10-21
Concarneau,0.78,0.66,0.12,0.78,0.24,0.54,0.00,0.42,-0.42,0.78,0.66,0.12,0,0,0,-0.12,45.50,57.19,46.38,0.65,0.16,191,12,14,4,21.54,25.0,20.41,2,6,17,5,11,116.0,71.78,76.67,70.42,135.43,86.81,2,Concarneau 0-0 Châteauroux,2025-10-21
Valenciennes,1.26,0.42,0.84,0.68,0.42,0.26,0.58,0.00,0.58,1.26,0.42,0.84,1,1,0,-0.84,55.10,69.2,49.73,0.48,0.19,233,6,13,6,27.08,31.58,5.68,11,2,35,7,20,126.4,81.55,39.4,45.25,127.1,71.54,0,Aubagne 1-1 Valenciennes,2025-10-21
Aubagne,0.42,1.26,-0.84,0.42,0.68,-0.26,0.00,0.58,-0.58,0.42,1.26,-0.84,1,1,0,0.84,44.90,30.8,39.95,0.19,0.48,111,7,6,13,31.58,27.08,8.84,2,11,6,1,23,28.6,18.45,47.67,54.75,50.57,28.46,2,Aubagne 1-1 Valenciennes,2025-10-21
Concarneau,1.26,1.54,-0.28,1.26,1.54,-0.28,0.00,0.00,0.00,1.26,1.54,-0.28,2,1,1,1.28,49.90,47.04,44.59,0.51,0.41,179,5,9,11,17.65,26.83,14.04,4,3,9,2,8,69.6,49.86,57.8,52.32,63.37,55.2,1,Valenciennes 1-2 Concarneau,2025-10-17
Valenciennes,1.54,1.26,0.28,1.54,1.26,0.28,0.00,0.00,0.00,1.54,1.26,0.28,1,2,-1,-1.28,50.10,52.96,44.56,0.41,0.51,197,11,11,9,26.83,17.65,11.71,3,4,16,5,14,70.0,50.14,52.67,47.68,51.43,44.8,1,Valenciennes 1-2 Concarneau,2025-10-17
Bourg-Péronnas,1.25,2.84,-1.59,1.18,2.55,-1.37,0.07,0.30,-0.23,1.25,2.84,-1.59,2,1,1,2.59,47.10,37.3,42.80,0.55,0.54,162,15,8,16,14.55,29.63,15.87,2,8,19,4,9,34.9,17.99,37.6,52.22,58.53,30.1,1,Stade Briochin 1-2 Bourg-Péronnas,2025-10-17
Stade Briochin,2.84,1.25,1.59,2.55,1.18,1.37,0.30,0.07,0.23,2.84,1.25,1.59,1,2,-1,-2.59,52.90,62.7,48.65,0.54,0.55,226,14,16,8,29.63,14.55,10.77,8,2,32,5,12,159.1,82.01,34.4,47.78,135.93,69.9,1,Stade Briochin 1-2 Bourg-Péronnas,2025-10-17
Aubagne,0.69,1.42,-0.73,0.69,1.35,-0.66,0.00,0.07,-0.07,0.69,1.42,-0.73,0,2,-2,-1.27,53.80,44.41,43.88,0.3,0.72,191,6,12,10,40.0,13.89,8.97,4,7,13,3,14,57.1,36.35,20.13,25.72,15.93,7.11,1,Sochaux 2-0 Aubagne,2025-10-17
Sochaux,1.42,0.69,0.73,1.35,0.69,0.66,0.07,0.00,0.07,1.42,0.69,0.73,2,0,2,1.27,46.20,55.59,47.98,0.72,0.3,179,6,10,12,13.89,40.0,7.37,7,4,22,8,20,100.0,63.65,58.13,74.28,208.17,92.89,0,Sochaux 2-0 Aubagne,2025-10-17
Caen,0.69,0.83,-0.14,0.34,0.67,-0.33,0.35,0.16,0.19,0.69,0.83,-0.14,1,2,-1,-0.86,55.60,59.49,43.36,0.46,0.65,217,8,14,8,30.43,12.31,12.20,5,2,20,3,15,109.8,73.35,29.0,25.22,77.53,46.76,1,Orléans 2-1 Caen,2025-10-17
Orléans,0.83,0.69,0.14,0.67,0.34,0.33,0.16,0.35,-0.19,0.83,0.69,0.14,2,1,1,0.86,44.40,40.51,40.80,0.65,0.46,136,10,8,14,12.31,30.43,23.94,2,5,11,2,6,39.9,26.65,86.0,74.78,88.27,53.24,0,Orléans 2-1 Caen,2025-10-17
Villefranche,0.52,3.94,-3.42,0.40,3.94,-3.54,0.13,0.00,0.13,0.52,3.94,-3.42,0,3,-3,0.42,52.50,36.49,36.81,0.6,1.85,122,10,7,14,11.67,7.57,13.12,3,4,6,2,15,23.9,14.87,22.53,18.14,2.9,1.24,1,Le Puy Foot 3-0 Villefranche,2025-10-17
Le Puy Foot,3.94,0.52,3.42,3.94,0.40,3.54,0.00,0.13,-0.13,3.94,0.52,3.42,3,0,3,-0.42,47.50,63.51,47.36,1.85,0.6,191,19,14,7,7.57,11.67,13.84,4,3,21,5,8,136.8,85.13,101.67,81.86,230.62,98.76,1,Le Puy Foot 3-0 Villefranche,2025-10-17
Versailles,0.30,0.93,-0.63,0.15,0.79,-0.64,0.16,0.14,0.02,0.30,0.93,-0.63,0,0,0,0.63,42.50,37.92,42.68,0.39,0.64,144,2,5,9,12.82,14.06,10.73,2,6,15,1,14,44.2,30.97,72.4,80.69,87.67,50.22,0,Fleury 0-0 Versailles,2025-10-17
Fleury,0.93,0.30,0.63,0.79,0.15,0.64,0.14,0.16,-0.02,0.93,0.30,0.63,0,0,0,-0.63,57.50,62.08,44.94,0.64,0.39,187,12,9,5,14.06,12.82,6.95,6,2,19,7,16,98.5,69.03,17.33,19.31,86.9,49.78,2,Fleury 0-0 Versailles,2025-10-17
Paris 13 Atletico,2.13,3.37,-1.24,2.00,3.30,-1.30,0.13,0.07,0.06,2.13,3.37,-1.24,0,3,-3,-1.76,51.20,43.42,44.29,0.74,1.2,179,10,13,15,17.57,12.5,8.60,5,9,14,4,14,67.1,34.52,25.2,30.36,35.9,16.57,5,Rouen 3-0 Paris 13 Atletico,2025-10-17
Rouen,3.37,2.13,1.24,3.30,2.00,1.30,0.07,0.13,-0.06,3.37,2.13,1.24,3,0,3,1.76,48.80,56.58,50.00,1.2,0.74,203,15,15,13,12.5,17.57,9.36,9,5,27,6,13,127.3,65.48,57.8,69.64,180.77,83.43,2,Rouen 3-0 Paris 13 Atletico,2025-10-17
Quevilly-Rouen Métropole,1.62,3.79,-2.17,1.62,2.84,-1.22,0.00,0.19,-0.19,1.62,3.03,-1.41,1,4,-3,-0.83,45.60,46.64,42.61,0.44,1.31,183,9,11,13,25.0,9.92,17.00,4,6,18,4,5,49.3,36.9,68.0,61.33,38.4,14.45,1,Dijon 4-1 Quevilly-Rouen Métropole,2025-10-17
Dijon,3.79,1.62,2.17,2.84,1.62,1.22,0.19,0.00,0.19,3.03,1.62,1.41,4,1,3,0.83,54.40,53.36,41.74,1.31,0.44,182,11,13,11,9.92,25.0,10.86,6,4,13,3,15,84.3,63.1,42.87,38.67,227.29,85.55,0,Dijon 4-1 Quevilly-Rouen Métropole,2025-10-17
Villefranche,0.76,2.94,-2.18,0.76,2.51,-1.75,0.00,0.43,-0.43,0.76,2.94,-2.18,1,2,-1,1.18,43.10,33.85,44.22,0.48,1.48,138,9,13,14,27.08,9.46,12.10,3,8,14,1,16,40.9,20.21,64.6,65.7,69.0,36.56,2,Versailles 2-1 Villefranche,2025-10-07
Versailles,2.94,0.76,2.18,2.51,0.76,1.75,0.43,0.00,0.43,2.94,0.76,2.18,2,1,1,-1.18,56.90,66.15,49.10,1.48,0.48,232,15,14,13,9.46,27.08,6.57,8,3,23,3,21,161.5,79.79,33.73,34.3,119.73,63.44,1,Versailles 2-1 Villefranche,2025-10-07
Châteauroux,0.77,1.78,-1.01,0.71,1.72,-1.01,0.07,0.06,0.01,0.77,1.78,-1.01,1,2,-1,0.01,51.40,59.04,48.08,0.9,0.86,189,14,11,8,12.22,9.3,6.40,8,4,20,4,17,93.9,65.07,40.13,53.99,103.03,70.07,0,Villefranche 2-1 Châteauroux,2025-10-03
Villefranche,1.78,0.77,1.01,1.72,0.71,1.01,0.06,0.07,-0.01,1.78,0.77,1.01,2,1,1,-0.01,48.60,40.96,41.86,0.86,0.9,128,13,8,11,9.3,12.22,8.68,4,8,12,4,24,50.4,34.93,34.2,46.01,44.0,29.93,3,Villefranche 2-1 Châteauroux,2025-10-03
Fleury,0.76,0.60,0.16,0.38,0.60,-0.22,0.38,0.00,0.38,0.76,0.60,0.16,1,1,0,-0.16,66.10,68.05,48.94,0.85,0.3,296,15,10,3,11.76,10.0,6.45,6,2,28,5,17,129.4,90.05,7.53,7.36,62.5,58.36,1,Quevilly-Rouen Métropole 1-1 Fleury,2025-10-03
Quevilly-Rouen Métropole,0.60,0.76,-0.16,0.60,0.38,0.22,0.00,0.38,-0.38,0.60,0.76,-0.16,1,1,0,0.16,33.90,31.95,42.23,0.3,0.85,104,5,3,10,10.0,11.76,17.18,2,6,23,4,7,14.3,9.95,94.73,92.64,44.6,41.64,0,Quevilly-Rouen Métropole 1-1 Fleury,2025-10-03
Rouen,1.22,1.46,-0.24,0.99,1.42,-0.43,0.23,0.04,0.19,1.22,1.46,-0.24,1,0,1,1.24,45.90,53.02,47.10,0.6,0.51,181,10,8,14,13.33,27.45,11.62,4,5,21,4,13,63.1,41.11,84.8,76.53,107.7,65.39,2,Stade Briochin 0-1 Rouen,2025-10-03
Stade Briochin,1.46,1.22,0.24,1.42,0.99,0.43,0.04,0.23,-0.19,1.46,1.22,0.24,0,1,-1,-1.24,54.10,46.98,43.23,0.51,0.6,182,10,14,8,27.45,13.33,10.90,5,4,10,3,13,90.4,58.89,26.0,23.47,57.0,34.61,0,Stade Briochin 0-1 Rouen,2025-10-03
Le Puy Foot,1.03,2.37,-1.34,1.03,2.14,-1.11,0.00,0.23,-0.23,1.03,2.37,-1.34,0,2,-2,-0.66,56.00,47.77,45.62,1.01,0.64,246,7,10,16,9.9,25.0,10.94,1,2,15,2,13,64.5,40.52,27.8,24.54,42.63,20.35,1,Caen 2-0 Le Puy Foot,2025-10-03
Caen,2.37,1.03,1.34,2.14,1.03,1.11,0.23,0.00,0.23,2.37,1.03,1.34,2,0,2,0.66,44.00,52.23,48.78,0.64,1.01,203,11,16,10,25.0,9.9,11.38,2,1,16,7,23,94.7,59.48,85.47,75.46,166.9,79.65,0,Caen 2-0 Le Puy Foot,2025-10-03
Orléans,1.32,1.71,-0.39,1.18,1.42,-0.24,0.14,0.29,-0.15,1.32,1.71,-0.39,2,2,0,0.39,58.50,48.03,38.31,0.53,0.82,134,8,13,10,24.53,12.2,11.73,3,5,15,6,10,72.8,47.06,17.53,11.46,41.67,21.28,0,Paris 13 Atletico 2-2 Orléans,2025-10-03
Paris 13 Atletico,1.71,1.32,0.39,1.42,1.18,0.24,0.29,0.14,0.15,1.71,1.32,0.39,2,2,0,-0.39,41.50,51.97,43.80,0.82,0.53,149,14,10,13,12.2,24.53,11.97,5,3,12,3,19,81.9,52.94,135.4,88.54,154.13,78.72,0,Paris 13 Atletico 2-2 Orléans,2025-10-03
Versailles,0.75,0.40,0.35,0.69,0.40,0.29,0.06,0.00,0.06,0.75,0.40,0.35,1,0,1,0.65,55.30,64.01,50.64,0.62,0.22,260,9,10,4,16.13,18.18,10.06,5,1,19,6,17,135.4,71.68,40.67,35.63,103.9,72.05,2,Bourg-Péronnas 0-1 Versailles,2025-10-03
Bourg-Péronnas,0.40,0.75,-0.35,0.40,0.69,-0.29,0.00,0.06,-0.06,0.40,0.75,-0.35,0,1,-1,-0.65,44.70,35.99,41.61,0.22,0.62,151,4,4,10,18.18,16.13,11.66,1,5,12,1,11,53.5,28.32,73.47,64.37,40.3,27.95,1,Bourg-Péronnas 0-1 Versailles,2025-10-03
Sochaux,2.11,1.52,0.59,2.09,1.24,0.85,0.02,0.28,-0.26,2.11,1.52,0.59,0,1,-1,-1.59,62.20,54.58,41.16,0.98,0.58,172,14,11,13,11.22,22.41,8.89,3,8,20,3,13,76.5,53.72,4.13,3.36,32.43,16.53,3,Concarneau 1-0 Sochaux,2025-10-03
Concarneau,1.52,2.11,-0.59,1.24,2.09,-0.85,0.28,0.02,0.26,1.52,2.11,-0.59,1,0,1,1.59,37.80,45.42,45.24,0.58,0.98,123,7,13,11,22.41,11.22,10.02,8,3,21,6,12,65.9,46.28,118.73,96.64,163.73,83.47,1,Concarneau 1-0 Sochaux,2025-10-03
Dijon,1.17,0.69,0.48,1.17,0.69,0.48,0.00,0.00,0.00,1.17,0.69,0.48,1,1,0,-0.48,56.90,55.12,45.98,0.77,0.33,216,10,8,5,10.39,15.15,8.27,8,2,16,2,13,81.6,65.49,10.6,15.21,52.1,43.94,0,Aubagne 1-1 Dijon,2025-10-03
Aubagne,0.69,1.17,-0.48,0.69,1.17,-0.48,0.00,0.00,0.00,0.69,1.17,-0.48,1,1,0,0.48,43.10,44.88,42.71,0.33,0.77,142,5,5,8,15.15,10.39,13.93,2,8,12,4,16,43.0,34.51,59.07,84.79,66.47,56.06,0,Aubagne 1-1 Dijon,2025-10-03
Quevilly-Rouen Métropole,2.32,1.30,1.02,0.80,1.08,-0.28,0.00,0.22,-0.22,0.80,1.30,-0.50,2,1,1,-0.02,23.00,17.76,41.10,0.32,1.49,54,5,5,18,15.62,12.08,16.33,2,8,5,0,15,6.5,2.3,150.6,99.78,65.37,43.85,0,Versailles 1-2 Quevilly-Rouen Métropole,2025-09-26
Versailles,1.30,2.32,-1.02,1.08,0.80,0.28,0.22,0.00,0.22,1.30,0.80,0.50,1,2,-1,0.02,77.00,82.24,56.10,1.49,0.32,381,20,18,5,12.08,15.62,3.65,8,2,36,6,19,276.7,97.7,0.33,0.22,83.7,56.15,1,Versailles 1-2 Quevilly-Rouen Métropole,2025-09-26
Villefranche,1.50,2.23,-0.73,1.48,2.16,-0.68,0.02,0.07,-0.05,1.50,2.23,-0.73,0,2,-2,-1.27,57.00,58.72,45.57,0.58,0.63,250,9,15,12,25.86,19.05,9.26,4,5,24,7,13,101.3,54.29,23.93,20.86,56.5,23.82,3,Valenciennes 2-0 Villefranche,2025-09-26
Valenciennes,2.23,1.50,0.73,2.16,1.48,0.68,0.07,0.02,0.05,2.23,1.50,0.73,2,0,2,1.27,43.00,41.28,44.28,0.63,0.58,158,7,12,15,19.05,25.86,11.85,5,4,12,4,14,85.3,45.71,90.8,79.14,180.7,76.18,0,Valenciennes 2-0 Villefranche,2025-09-26
Stade Briochin,1.17,3.48,-2.31,1.15,2.72,-1.57,0.02,0.00,0.02,1.17,2.72,-1.55,2,3,-1,1.31,53.30,49.02,44.17,0.55,1.02,220,11,15,16,27.27,15.69,12.87,8,3,17,4,15,82.4,46.61,28.87,35.7,22.48,9.36,0,Orléans 3-2 Stade Briochin,2025-09-26
Orléans,3.48,1.17,2.31,2.72,1.15,1.57,0.00,0.02,-0.02,2.72,1.17,1.55,3,2,1,-1.31,46.70,50.98,43.78,1.02,0.55,195,13,16,15,15.69,27.27,15.10,3,8,18,5,4,94.4,53.39,52.0,64.3,217.78,90.64,0,Orléans 3-2 Stade Briochin,2025-09-26
Paris 13 Atletico,0.33,1.31,-0.98,0.10,1.20,-1.10,0.23,0.11,0.12,0.33,1.31,-0.98,1,1,0,0.98,30.40,20.06,42.33,0.38,0.79,94,4,7,13,18.42,16.46,15.33,2,4,8,3,14,16.6,6.32,116.0,97.87,41.13,20.32,1,Le Puy Foot 1-1 Paris 13 Atletico,2025-09-26
Le Puy Foot,1.31,0.33,0.98,1.20,0.10,1.10,0.11,0.23,-0.12,1.31,0.33,0.98,1,1,0,-0.98,69.60,79.94,51.96,0.79,0.38,323,17,13,7,16.46,18.42,5.78,4,2,37,11,11,246.2,93.68,2.53,2.13,161.27,79.68,0,Le Puy Foot 1-1 Paris 13 Atletico,2025-09-26
Aubagne,2.31,1.24,1.07,2.07,1.04,1.03,0.24,0.20,0.04,2.31,1.24,1.07,2,0,2,0.93,33.40,30.96,43.12,0.96,0.79,83,9,11,16,11.46,20.25,14.64,3,8,13,7,9,35.0,21.12,93.13,92.39,90.33,68.59,0,Fleury 0-2 Aubagne,2025-09-26
Fleury,1.24,2.31,-1.07,1.04,2.07,-1.03,0.20,0.24,-0.04,1.24,2.31,-1.07,0,2,-2,-0.93,66.60,69.04,50.72,0.79,0.96,294,15,16,11,20.25,11.46,5.82,8,3,31,8,17,130.7,78.88,7.67,7.61,41.37,31.41,3,Fleury 0-2 Aubagne,2025-09-26
Bourg-Péronnas,1.06,1.61,-0.55,1.05,0.79,0.26,0.02,0.06,-0.04,1.06,0.85,0.21,0,1,-1,-0.45,45.40,29.96,39.51,0.5,0.94,115,3,10,10,20.0,10.64,14.81,1,4,12,3,14,23.0,15.39,50.27,60.08,21.5,13.52,0,Rouen 1-0 Bourg-Péronnas,2025-09-26
Rouen,1.61,1.06,0.55,0.79,1.05,-0.26,0.06,0.02,0.04,0.85,1.06,-0.21,1,0,1,0.45,54.60,70.04,47.21,0.94,0.5,213,14,10,10,10.64,20.0,10.17,4,1,25,5,13,126.4,84.61,33.4,39.92,137.53,86.48,0,Rouen 1-0 Bourg-Péronnas,2025-09-26
Caen,2.68,1.82,0.86,1.78,1.82,-0.04,0.14,0.00,0.14,1.92,1.82,0.10,1,2,-1,-1.86,52.00,63.7,47.92,0.92,0.68,199,14,14,6,15.22,8.82,10.88,4,2,14,4,12,123.6,83.01,50.47,50.33,122.77,86.42,0,Châteauroux 2-1 Caen,2025-09-26
Châteauroux,1.82,2.68,-0.86,1.82,1.78,0.04,0.00,0.14,-0.14,1.82,1.92,-0.10,2,1,1,1.86,48.00,36.3,43.22,0.68,0.92,147,7,6,14,8.82,15.22,9.78,2,4,8,1,15,25.3,16.99,49.8,49.67,19.3,13.58,0,Châteauroux 2-1 Caen,2025-09-26
Concarneau,0.62,1.58,-0.96,0.59,1.58,-0.99,0.02,0.00,0.02,0.62,1.58,-0.96,0,3,-3,-2.04,41.00,33.12,39.75,0.24,0.78,121,5,9,13,37.5,16.67,17.44,4,6,11,3,9,30.7,18.11,64.6,71.67,24.13,12.99,0,Dijon 3-0 Concarneau,2025-09-26
Dijon,1.58,0.62,0.96,1.58,0.59,0.99,0.00,0.02,-0.02,1.58,0.62,0.96,3,0,3,2.04,59.00,66.88,49.40,0.78,0.24,291,11,13,9,16.67,37.5,9.78,6,4,22,2,11,138.8,81.89,25.53,28.33,161.66,87.01,1,Dijon 3-0 Concarneau,2025-09-26
Sochaux,1.02,2.51,-1.49,1.00,2.51,-1.51,0.03,0.00,0.03,1.02,2.51,-1.49,0,1,-1,0.49,52.10,49.65,47.64,0.66,0.74,168,10,10,12,15.15,16.22,8.66,4,7,16,5,16,83.1,45.34,42.93,63.64,75.4,50.43,3,Villefranche 1-0 Sochaux,2025-09-19
Villefranche,2.51,1.02,1.49,2.51,1.00,1.51,0.00,0.03,-0.03,2.51,1.02,1.49,1,0,1,-0.49,47.90,50.35,48.35,0.74,0.66,150,8,12,10,16.22,15.15,8.81,7,4,13,2,12,100.2,54.66,24.53,36.36,74.1,49.57,1,Villefranche 1-0 Sochaux,2025-09-19
Le Puy Foot,2.19,2.20,-0.01,2.08,1.77,0.31,0.11,0.44,-0.33,2.19,2.20,-0.01,2,1,1,1.01,44.90,48.3,47.85,0.89,0.67,217,16,11,13,12.36,19.4,21.00,1,2,16,6,8,92.9,43.97,101.53,73.61,146.13,69.74,0,Stade Briochin 1-2 Le Puy Foot,2025-09-19
Stade Briochin,2.20,2.19,0.01,1.77,2.08,-0.31,0.44,0.11,0.33,2.20,2.19,0.01,1,2,-1,-1.01,55.10,51.7,45.22,0.67,0.89,247,10,13,11,19.4,12.36,12.90,2,1,23,5,11,118.4,56.03,36.4,26.39,63.4,30.26,0,Stade Briochin 1-2 Le Puy Foot,2025-09-19
Valenciennes,1.10,0.64,0.46,1.08,0.64,0.44,0.01,0.00,0.01,1.10,0.64,0.46,0,0,0,-0.46,32.80,36.58,42.38,0.18,0.6,108,3,13,12,72.22,20.0,26.00,1,6,9,2,9,29.1,25.59,151.4,94.27,116.27,79.72,1,Caen 0-0 Valenciennes,2025-09-19
Caen,0.64,1.10,-0.46,0.64,1.08,-0.44,0.00,0.01,-0.01,0.64,1.10,-0.46,0,0,0,0.46,67.20,63.42,45.42,0.6,0.18,260,6,12,13,20.0,72.22,10.56,6,1,18,4,8,84.6,74.41,9.2,5.73,29.57,20.28,0,Caen 0-0 Valenciennes,2025-09-19
Châteauroux,1.13,1.27,-0.14,0.96,1.22,-0.26,0.17,0.05,0.12,1.13,1.27,-0.14,1,1,0,0.14,61.50,58.45,43.10,0.85,0.51,208,14,14,9,16.47,17.65,9.31,2,10,21,5,12,121.7,81.35,23.07,18.5,88.8,58.68,1,Paris 13 Atletico 1-1 Châteauroux,2025-09-19
Paris 13 Atletico,1.27,1.13,0.14,1.22,0.96,0.26,0.05,0.17,-0.12,1.27,1.13,0.14,1,1,0,-0.14,38.50,41.55,43.54,0.51,0.85,130,4,9,14,17.65,16.47,13.84,10,2,13,3,14,27.9,18.65,101.6,81.5,62.53,41.32,2,Paris 13 Atletico 1-1 Châteauroux,2025-09-19
Orléans,1.14,0.92,0.22,1.08,0.92,0.16,0.06,0.00,0.06,1.14,0.92,0.22,0,1,-1,-1.22,57.70,57.65,47.06,1.3,0.68,266,19,14,10,10.77,14.71,10.88,3,1,20,3,18,132.9,77.72,30.2,28.93,126.23,59.33,0,Rouen 1-0 Orléans,2025-09-19
Rouen,0.92,1.14,-0.22,0.92,1.08,-0.16,0.00,0.06,-0.06,0.92,1.14,-0.22,1,0,1,1.22,42.30,42.35,42.54,0.68,1.3,139,10,10,14,14.71,10.77,18.88,1,3,17,2,11,38.1,22.28,74.2,71.07,86.53,40.67,0,Rouen 1-0 Orléans,2025-09-19
Quevilly-Rouen Métropole,1.66,0.55,1.11,1.36,0.55,0.81,0.30,0.00,0.30,1.66,0.55,1.11,3,0,3,1.89,34.70,34.0,41.58,0.51,0.78,119,12,10,9,19.61,11.54,15.63,6,8,12,2,13,51.4,30.15,124.93,87.45,161.63,93.61,3,Bourg-Péronnas 0-3 Quevilly-Rouen Métropole,2025-09-19
Bourg-Péronnas,0.55,1.66,-1.11,0.55,1.36,-0.81,0.00,0.30,-0.30,0.55,1.66,-1.11,0,3,-3,-1.89,65.30,66.0,48.19,0.78,0.51,318,11,9,10,11.54,19.61,8.58,8,6,25,5,15,119.1,69.85,17.93,12.55,11.03,6.39,2,Bourg-Péronnas 0-3 Quevilly-Rouen Métropole,2025-09-19
Fleury,1.27,1.03,0.24,0.98,0.89,0.09,0.29,0.14,0.15,1.27,1.03,0.24,1,0,1,0.76,49.00,45.03,44.37,0.67,1.05,174,7,13,20,19.4,19.05,12.97,3,7,9,3,12,67.4,39.91,44.2,44.17,91.47,49.05,2,Concarneau 0-1 Fleury,2025-09-19
Concarneau,1.03,1.27,-0.24,0.89,0.98,-0.09,0.14,0.29,-0.15,1.03,1.27,-0.24,0,1,-1,-0.76,51.00,54.97,44.57,1.05,0.67,170,13,20,13,19.05,19.4,12.33,7,3,29,8,9,101.5,60.09,55.87,55.83,95.03,50.95,0,Concarneau 0-1 Fleury,2025-09-19
Versailles,1.80,2.25,-0.45,1.80,1.94,-0.14,0.00,0.31,-0.31,1.80,2.25,-0.45,1,1,0,0.45,47.70,54.01,47.17,0.42,0.86,170,9,13,11,30.95,12.79,6.91,8,2,9,3,20,81.6,55.89,46.0,71.35,102.3,71.35,0,Aubagne 1-1 Versailles,2025-09-19
Aubagne,2.25,1.80,0.45,1.94,1.80,0.14,0.31,0.00,0.31,2.25,1.80,0.45,1,1,0,-0.45,52.30,45.99,45.43,0.86,0.42,159,15,11,13,12.79,30.95,8.62,2,8,20,7,14,64.4,44.11,18.47,28.65,41.07,28.65,3,Aubagne 1-1 Versailles,2025-09-19
Concarneau,0.74,1.69,-0.95,0.71,1.42,-0.71,0.02,0.27,-0.25,0.74,1.69,-0.95,0,4,-4,-3.05,60.10,57.49,44.50,0.32,0.4,201,5,9,10,28.12,25.0,8.74,3,2,14,1,15,87.0,60.46,13.27,11.27,38.07,17.31,2,Versailles 4-0 Concarneau,2025-09-12
Versailles,1.69,0.74,0.95,1.42,0.71,0.71,0.27,0.02,0.25,1.69,0.74,0.95,4,0,4,3.05,39.90,42.51,41.75,0.4,0.32,117,12,10,9,25.0,28.12,12.79,2,3,15,6,18,56.9,39.54,104.47,88.73,181.92,82.69,1,Versailles 4-0 Concarneau,2025-09-12
Paris 13 Atletico,0.68,1.88,-1.20,0.68,1.80,-1.12,0.00,0.08,-0.08,0.68,1.88,-1.20,0,1,-1,0.20,56.30,50.34,45.70,0.9,0.54,204,8,10,15,11.11,27.78,11.74,1,4,14,3,12,68.9,44.83,28.93,26.33,45.87,28.36,0,Valenciennes 1-0 Paris 13 Atletico,2025-09-12
Valenciennes,1.88,0.68,1.20,1.80,0.68,1.12,0.08,0.00,0.08,1.88,0.68,1.20,1,0,1,-0.20,43.70,49.66,48.72,0.54,0.9,186,8,15,10,27.78,11.11,16.04,4,1,16,7,8,84.8,55.17,80.93,73.67,115.87,71.64,2,Valenciennes 1-0 Paris 13 Atletico,2025-09-12
Aubagne,1.18,0.36,0.82,1.18,0.34,0.84,0.00,0.02,-0.02,1.18,0.36,0.82,2,1,1,0.18,50.50,45.56,42.77,0.67,0.42,157,10,9,8,13.43,19.05,9.11,2,3,8,0,20,52.7,43.09,20.8,34.36,43.3,37.19,3,Quevilly-Rouen Métropole 1-2 Aubagne,2025-09-12
Quevilly-Rouen Métropole,0.36,1.18,-0.82,0.34,1.18,-0.84,0.02,0.00,0.02,0.36,1.18,-0.82,1,2,-1,-0.18,49.50,54.44,45.29,0.42,0.67,163,6,8,9,19.05,13.43,9.18,3,2,17,4,14,69.6,56.91,39.73,65.64,73.13,62.81,1,Quevilly-Rouen Métropole 1-2 Aubagne,2025-09-12
Caen,0.68,1.22,-0.54,0.64,1.22,-0.58,0.04,0.00,0.04,0.68,1.22,-0.54,1,1,0,0.54,61.40,54.33,44.33,0.62,0.54,204,9,7,12,11.29,22.22,12.21,2,8,20,8,13,75.0,51.72,21.0,18.91,51.93,30.83,0,Sochaux 1-1 Caen,2025-09-12
Sochaux,1.22,0.68,0.54,1.22,0.64,0.58,0.00,0.04,-0.04,1.22,0.68,0.54,1,1,0,-0.54,38.60,45.67,45.15,0.54,0.62,141,5,12,7,22.22,11.29,11.71,8,2,20,6,8,70.0,48.28,90.07,81.09,116.5,69.17,0,Sochaux 1-1 Caen,2025-09-12
Bourg-Péronnas,1.05,1.29,-0.24,0.76,1.28,-0.52,0.29,0.01,0.28,1.05,1.29,-0.24,0,1,-1,-0.76,44.10,32.77,40.87,0.59,0.88,151,8,8,9,13.56,10.23,19.12,1,6,11,5,10,56.2,26.85,82.73,71.98,60.67,28.66,0,Orléans 1-0 Bourg-Péronnas,2025-09-12
Orléans,1.29,1.05,0.24,1.28,0.76,0.52,0.01,0.29,-0.28,1.29,1.05,0.24,1,0,1,0.76,55.90,67.23,49.18,0.88,0.59,284,10,9,8,10.23,13.56,13.19,6,1,16,6,10,153.1,73.15,32.2,28.02,151.03,71.34,0,Orléans 1-0 Bourg-Péronnas,2025-09-12
Rouen,2.15,1.57,0.58,1.35,1.52,-0.17,0.05,0.04,0.01,1.39,1.57,-0.18,3,0,3,2.42,44.20,47.9,44.90,0.41,0.88,173,10,13,9,31.71,10.23,10.80,5,7,11,4,21,83.9,55.86,74.67,73.49,158.3,89.15,4,Le Puy Foot 0-3 Rouen,2025-09-12
Le Puy Foot,1.57,2.15,-0.58,1.52,1.35,0.17,0.04,0.05,-0.01,1.57,1.39,0.18,0,3,-3,-2.42,55.80,52.1,46.13,0.88,0.41,234,9,9,13,10.23,31.71,9.40,7,5,12,3,11,66.3,44.14,26.93,26.51,19.27,10.85,0,Le Puy Foot 0-3 Rouen,2025-09-12
Stade Briochin,0.76,1.54,-0.78,0.58,1.14,-0.56,0.18,0.40,-0.22,0.76,1.54,-0.78,2,2,0,0.78,43.70,40.0,43.33,0.39,0.56,132,9,11,11,28.21,19.64,12.90,1,2,14,5,21,56.1,33.59,51.6,60.28,57.93,34.27,1,Châteauroux 2-2 Stade Briochin,2025-09-12
Châteauroux,1.54,0.76,0.78,1.14,0.58,0.56,0.40,0.18,0.22,1.54,0.76,0.78,2,2,0,-0.78,56.30,60.0,49.48,0.56,0.39,247,9,11,11,19.64,28.21,9.06,2,1,24,5,15,110.9,66.41,34.0,39.72,111.13,65.73,0,Châteauroux 2-2 Stade Briochin,2025-09-12
Villefranche,0.33,0.72,-0.39,0.19,0.54,-0.35,0.14,0.19,-0.05,0.33,0.72,-0.39,0,0,0,0.39,35.80,31.62,40.46,0.17,1.1,82,5,6,12,35.29,10.91,12.71,1,7,14,2,14,30.5,18.9,77.4,90.92,49.2,38.1,1,Dijon 0-0 Villefranche,2025-09-12
Dijon,0.72,0.33,0.39,0.54,0.19,0.35,0.19,0.14,0.05,0.72,0.33,0.39,0,0,0,-0.39,64.20,68.38,48.43,1.1,0.17,240,14,12,6,10.91,35.29,6.69,7,1,25,6,11,130.9,81.1,7.73,9.08,79.93,61.9,1,Dijon 0-0 Villefranche,2025-09-12
Châteauroux,2.68,1.54,1.14,2.18,1.43,0.75,0.50,0.11,0.39,2.68,1.54,1.14,2,1,1,-0.14,60.80,48.36,44.33,0.75,0.47,189,9,10,13,13.33,27.66,10.76,4,6,21,7,10,96.3,50.95,4.87,3.76,42.47,21.46,0,Rouen 1-2 Châteauroux,2025-09-06
Rouen,1.54,2.68,-1.14,1.43,2.18,-0.75,0.11,0.50,-0.39,1.54,2.68,-1.14,1,2,-1,0.14,39.20,51.64,49.97,0.47,0.75,157,14,13,10,27.66,13.33,10.15,6,4,27,10,15,92.7,49.05,124.8,96.24,155.4,78.54,5,Rouen 1-2 Châteauroux,2025-09-06
Fleury,2.78,2.19,0.59,2.78,1.97,0.81,0.00,0.22,-0.22,2.78,2.19,0.59,3,0,3,2.41,48.10,53.49,46.42,0.67,0.47,163,11,11,13,16.42,27.66,8.05,4,4,10,3,16,76.7,51.03,53.27,76.6,107.57,83.36,1,Villefranche 0-3 Fleury,2025-09-05
Villefranche,2.19,2.78,-0.59,1.97,2.78,-0.81,0.22,0.00,0.22,2.19,2.78,-0.59,0,3,-3,-2.41,51.90,46.51,41.16,0.47,0.67,131,9,13,11,27.66,16.42,7.41,4,4,16,5,16,73.6,48.97,16.27,23.4,21.47,16.64,0,Villefranche 0-3 Fleury,2025-09-05
Valenciennes,3.09,0.73,2.36,2.86,0.71,2.15,0.23,0.02,0.21,3.09,0.73,2.36,1,2,-1,-3.36,57.50,69.57,49.40,1.48,0.24,265,19,18,9,12.16,37.5,12.18,5,1,33,9,10,172.7,81.31,37.0,47.0,149.97,72.0,5,Stade Briochin 2-1 Valenciennes,2025-09-05
Stade Briochin,0.73,3.09,-2.36,0.71,2.86,-2.15,0.02,0.23,-0.21,0.73,3.09,-2.36,2,1,1,3.36,42.50,30.43,39.03,0.24,1.48,109,7,9,18,37.5,12.16,17.48,1,5,15,3,6,39.7,18.69,41.73,53.0,58.33,28.0,0,Stade Briochin 2-1 Valenciennes,2025-09-05
Dijon,1.16,1.08,0.08,0.94,1.08,-0.14,0.22,0.00,0.22,1.16,1.08,0.08,0,0,0,-0.08,54.90,58.71,43.59,0.74,0.5,184,5,13,7,17.57,14.0,15.70,2,4,15,3,13,99.3,65.16,48.87,49.13,108.7,62.86,1,Caen 0-0 Dijon,2025-09-05
Caen,1.08,1.16,-0.08,1.08,0.94,0.14,0.00,0.22,-0.22,1.08,1.16,-0.08,0,0,0,0.08,45.10,41.29,41.94,0.5,0.74,142,11,7,13,14.0,17.57,20.57,4,2,11,3,8,53.1,34.84,50.6,50.87,64.23,37.14,0,Caen 0-0 Dijon,2025-09-05
Sochaux,0.79,0.73,0.06,0.67,0.20,0.47,0.12,0.53,-0.41,0.79,0.73,0.06,3,1,2,1.94,36.10,35.26,45.72,0.43,0.55,114,7,12,10,27.91,18.18,10.06,7,5,14,5,12,73.1,30.9,73.13,89.84,107.63,60.71,0,Paris 13 Atletico 1-3 Sochaux,2025-09-05
Paris 13 Atletico,0.73,0.79,-0.06,0.20,0.67,-0.47,0.53,0.12,0.41,0.73,0.79,-0.06,1,3,-2,-1.94,63.90,64.74,49.43,0.55,0.43,227,20,10,12,18.18,27.91,9.77,5,7,30,9,15,163.5,69.1,8.27,10.16,69.67,39.29,2,Paris 13 Atletico 1-3 Sochaux,2025-09-05
Le Puy Foot,0.46,2.55,-2.09,0.46,2.33,-1.87,0.00,0.21,-0.21,0.46,2.55,-2.09,1,1,0,2.09,31.70,26.45,41.92,0.28,1.23,124,8,7,24,25.0,19.51,16.26,5,5,6,1,13,24.9,9.39,162.4,96.48,90.03,52.93,0,Orléans 1-1 Le Puy Foot,2025-09-05
Orléans,2.55,0.46,2.09,2.33,0.46,1.87,0.21,0.00,0.21,2.55,0.46,2.09,1,1,0,-2.09,68.30,73.55,50.12,1.23,0.28,392,16,24,7,19.51,25.0,8.08,5,5,46,15,14,240.4,90.61,5.93,3.52,80.07,47.07,0,Orléans 1-1 Le Puy Foot,2025-09-05
Aubagne,2.89,0.50,2.39,2.68,0.50,2.18,0.21,0.00,0.21,2.89,0.50,2.39,0,0,0,-2.39,56.10,69.08,49.70,0.97,0.24,216,15,13,2,13.4,8.33,5.31,10,3,18,3,15,146.6,89.66,25.47,38.28,138.13,85.18,4,Bourg-Péronnas 0-0 Aubagne,2025-09-05
Bourg-Péronnas,0.50,2.89,-2.39,0.50,2.68,-2.18,0.00,0.21,-0.21,0.50,2.89,-2.39,0,0,0,2.39,43.90,30.92,40.15,0.24,0.97,112,4,2,13,8.33,13.4,10.42,3,10,8,2,12,16.9,10.34,41.07,61.72,24.03,14.82,0,Bourg-Péronnas 0-0 Aubagne,2025-09-05
Quevilly-Rouen Métropole,0.75,1.06,-0.31,0.75,0.94,-0.19,0.00,0.12,-0.12,0.75,1.06,-0.31,1,3,-2,-1.69,48.00,62.07,47.14,0.41,0.72,220,11,8,6,19.51,8.33,12.69,7,5,25,5,15,109.3,84.08,53.87,52.3,90.03,68.6,2,Concarneau 3-1 Quevilly-Rouen Métropole,2025-09-05
Concarneau,1.06,0.75,0.31,0.94,0.75,0.19,0.12,0.00,0.12,1.06,0.75,0.31,3,1,2,1.69,52.00,37.93,40.41,0.72,0.41,146,4,6,8,8.33,19.51,9.86,5,7,9,3,9,20.7,15.92,49.13,47.7,41.2,31.4,2,Concarneau 3-1 Quevilly-Rouen Métropole,2025-09-05
Rouen,1.04,1.70,-0.66,1.04,0.82,0.22,0.00,0.11,-0.11,1.04,0.94,0.10,3,2,1,1.66,34.40,36.5,41.34,0.25,0.73,105,2,8,14,32.0,19.18,17.48,3,2,11,5,12,9.6,7.19,103.4,92.32,56.4,53.71,2,Valenciennes 2-3 Rouen,2025-08-29
Valenciennes,1.70,1.04,0.66,0.82,1.04,-0.22,0.11,0.00,0.11,0.94,1.04,-0.10,2,3,-1,-1.66,65.60,63.5,47.57,0.73,0.25,276,10,14,8,19.18,32.0,10.84,2,3,29,3,8,124.0,92.81,8.6,7.68,48.6,46.29,1,Valenciennes 2-3 Rouen,2025-08-29
Stade Briochin,0.23,1.86,-1.63,0.23,1.10,-0.87,0.00,0.00,0.00,0.23,1.10,-0.87,0,2,-2,-0.37,47.50,41.0,40.67,0.49,0.47,144,6,4,9,8.16,19.15,12.78,6,7,13,2,10,50.2,33.74,42.53,45.51,34.17,19.95,1,Sochaux 2-0 Stade Briochin,2025-08-29
Sochaux,1.86,0.23,1.63,1.10,0.23,0.87,0.00,0.00,0.00,1.10,0.23,0.87,2,0,2,0.37,52.50,59.0,45.11,0.47,0.49,189,7,9,4,19.15,8.16,12.12,7,6,17,2,16,98.6,66.26,50.93,54.49,137.1,80.05,1,Sochaux 2-0 Stade Briochin,2025-08-29
Bourg-Péronnas,1.07,1.96,-0.89,0.31,0.91,-0.60,0.00,0.29,-0.29,0.31,1.20,-0.89,1,1,0,0.89,43.40,45.25,43.74,0.23,1.09,141,5,6,9,26.09,8.26,13.23,2,6,21,4,17,41.9,32.84,75.2,67.83,77.7,50.07,0,Le Puy Foot 1-1 Bourg-Péronnas,2025-08-29
Le Puy Foot,1.96,1.07,0.89,0.91,0.31,0.60,0.29,0.00,0.29,1.20,0.31,0.89,1,1,0,-0.89,56.60,54.75,45.61,1.09,0.23,196,8,9,6,8.26,26.09,6.36,6,2,16,3,20,85.7,67.16,35.67,32.17,77.47,49.93,0,Le Puy Foot 1-1 Bourg-Péronnas,2025-08-29
Caen,0.65,1.05,-0.40,0.44,0.98,-0.54,0.21,0.07,0.14,0.65,1.05,-0.40,2,1,1,1.40,46.50,60.81,49.22,0.54,0.55,177,8,9,11,16.67,20.0,8.04,8,2,14,4,19,68.1,60.16,59.27,76.38,110.03,87.03,2,Fleury 1-2 Caen,2025-08-29
Fleury,1.05,0.65,0.40,0.98,0.44,0.54,0.07,0.21,-0.14,1.05,0.65,0.40,1,2,-1,-1.40,53.50,39.19,42.43,0.55,0.54,150,11,11,9,20.0,16.67,6.51,2,8,13,3,19,45.1,39.84,18.33,23.62,16.4,12.97,0,Fleury 1-2 Caen,2025-08-29
Orléans,0.58,0.46,0.12,0.52,0.46,0.06,0.06,0.00,0.06,0.58,0.46,0.12,1,0,1,0.88,45.90,45.25,42.52,0.64,0.3,158,11,6,5,9.38,16.67,9.33,9,5,17,6,19,58.5,45.74,99.33,77.93,127.43,70.46,1,Châteauroux 0-1 Orléans,2025-08-29
Châteauroux,0.46,0.58,-0.12,0.46,0.52,-0.06,0.00,0.06,-0.06,0.46,0.58,-0.12,0,1,-1,-0.88,54.10,54.75,43.22,0.3,0.64,211,4,5,6,16.67,9.38,11.18,5,9,17,5,15,69.4,54.26,28.13,22.07,53.43,29.54,0,Châteauroux 0-1 Orléans,2025-08-29
Paris 13 Atletico,1.07,3.28,-2.21,0.09,2.45,-2.36,0.22,0.07,0.15,0.31,2.52,-2.21,2,4,-2,0.21,43.00,47.79,42.28,0.45,0.84,155,7,4,14,8.89,16.67,11.17,7,5,15,7,13,47.8,31.68,83.73,74.81,67.61,30.12,2,Dijon 4-2 Paris 13 Atletico,2025-08-29
Dijon,3.28,1.07,2.21,2.45,0.09,2.36,0.07,0.22,-0.15,2.52,0.31,2.21,4,2,2,-0.21,57.00,52.21,41.37,0.84,0.45,165,8,14,4,16.67,8.89,7.74,5,7,11,1,20,103.1,68.32,28.2,25.19,156.86,69.88,1,Dijon 4-2 Paris 13 Atletico,2025-08-29
Concarneau,0.42,1.60,-1.18,0.42,1.31,-0.89,0.00,0.29,-0.29,0.42,1.60,-1.18,1,1,0,1.18,38.50,45.16,45.22,0.28,0.27,116,5,6,16,21.43,59.26,10.97,8,7,20,2,13,27.2,26.54,103.07,93.19,88.9,72.95,2,Aubagne 1-1 Concarneau,2025-08-29
Aubagne,1.60,0.42,1.18,1.31,0.42,0.89,0.29,0.00,0.29,1.60,0.42,1.18,1,1,0,-1.18,61.50,54.84,41.61,0.27,0.28,159,6,16,6,59.26,21.43,7.87,7,8,20,5,12,75.3,73.46,7.53,6.81,32.97,27.05,11,Aubagne 1-1 Concarneau,2025-08-29
Quevilly-Rouen Métropole,0.83,1.28,-0.45,0.72,0.44,0.28,0.11,0.08,0.03,0.83,0.52,0.31,1,2,-1,-0.55,39.70,41.4,45.23,0.46,0.36,118,10,10,10,21.74,27.78,10.00,3,5,15,4,17,62.2,32.88,78.2,94.36,94.67,53.22,2,Villefranche 2-1 Quevilly-Rouen Métropole,2025-08-22
Villefranche,1.28,0.83,0.45,0.44,0.72,-0.28,0.08,0.11,-0.03,0.52,0.83,-0.31,2,1,1,0.55,60.30,58.6,47.27,0.36,0.46,195,11,10,10,27.78,21.74,5.82,5,3,26,9,12,127.0,67.12,4.67,5.64,83.23,46.78,2,Villefranche 2-1 Quevilly-Rouen Métropole,2025-08-22
Dijon,1.37,0.66,0.71,1.15,0.57,0.58,0.21,0.09,0.12,1.37,0.66,0.71,0,0,0,-0.71,61.20,58.02,46.74,0.65,0.66,259,11,12,10,18.46,15.15,13.83,3,4,31,11,9,96.5,66.1,12.73,12.38,60.63,39.99,1,Stade Briochin 0-0 Dijon,2025-08-22
Stade Briochin,0.66,1.37,-0.71,0.57,1.15,-0.58,0.09,0.21,-0.12,0.66,1.37,-0.71,0,0,0,0.71,38.80,41.98,43.51,0.66,0.65,153,10,10,12,15.15,18.46,19.27,4,3,14,5,8,49.5,33.9,90.07,87.62,90.97,60.01,0,Stade Briochin 0-0 Dijon,2025-08-22
Versailles,1.99,1.73,0.26,1.99,1.54,0.45,0.00,0.19,-0.19,1.99,1.73,0.26,2,0,2,1.74,32.40,28.94,42.40,0.64,0.9,114,10,6,19,9.38,21.11,18.07,0,3,11,3,16,9.8,4.29,92.53,91.68,53.5,34.77,0,Caen 0-2 Versailles,2025-08-22
Caen,1.73,1.99,-0.26,1.54,1.99,-0.45,0.19,0.00,0.19,1.73,1.99,-0.26,0,2,-2,-1.74,67.60,71.06,50.39,0.9,0.64,346,17,19,6,21.11,9.38,9.03,3,0,30,8,8,218.6,95.71,8.4,8.32,100.37,65.23,0,Caen 0-2 Versailles,2025-08-22
Fleury,1.63,1.35,0.28,1.63,0.51,1.12,0.00,0.09,-0.09,1.63,0.59,1.04,0,1,-1,-1.28,41.50,34.78,40.70,0.33,0.61,111,5,8,10,24.24,16.39,12.62,3,5,8,2,15,46.4,30.43,87.73,78.66,70.93,51.28,0,Paris 13 Atletico 1-0 Fleury,2025-08-22
Paris 13 Atletico,1.35,1.63,-0.28,0.51,1.63,-1.12,0.09,0.00,0.09,0.59,1.63,-1.04,1,0,1,1.28,58.50,65.22,46.90,0.61,0.33,211,6,10,8,16.39,24.24,8.58,5,3,14,3,15,106.1,69.57,23.8,21.34,67.4,48.72,2,Paris 13 Atletico 1-0 Fleury,2025-08-22
Valenciennes,1.17,3.07,-1.90,1.17,2.43,-1.26,0.00,0.64,-0.64,1.17,3.07,-1.90,1,2,-1,0.90,57.80,60.12,45.13,0.6,0.61,267,9,10,13,16.67,21.31,13.82,7,7,20,2,6,94.1,61.22,24.87,17.21,20.47,11.43,0,Orléans 2-1 Valenciennes,2025-08-22
Orléans,3.07,1.17,1.90,2.43,1.17,1.26,0.64,0.00,0.64,3.07,1.17,1.90,2,1,1,-0.90,42.20,39.88,41.33,0.61,0.6,139,8,13,10,21.31,16.67,18.36,7,7,10,3,11,59.6,38.78,119.6,82.79,158.6,88.57,0,Orléans 2-1 Valenciennes,2025-08-22
Châteauroux,0.75,2.36,-1.61,0.72,2.17,-1.45,0.03,0.19,-0.16,0.75,2.36,-1.61,2,2,0,1.61,32.60,21.97,37.82,0.22,1.9,71,7,5,27,22.73,14.21,14.42,5,1,7,2,17,19.9,6.4,109.33,88.17,36.73,30.87,0,Le Puy Foot 2-2 Châteauroux,2025-08-22
Le Puy Foot,2.36,0.75,1.61,2.17,0.72,1.45,0.19,0.03,0.16,2.36,0.75,1.61,2,2,0,-1.61,67.40,78.03,54.93,1.9,0.22,350,20,27,5,14.21,22.73,6.83,1,5,37,12,14,291.2,93.6,14.67,11.83,82.27,69.13,0,Le Puy Foot 2-2 Châteauroux,2025-08-22
Concarneau,1.38,1.75,-0.37,1.17,0.95,0.22,0.21,0.80,-0.59,1.38,1.75,-0.37,2,0,2,2.37,31.70,39.78,40.42,0.47,1.28,99,10,6,15,12.77,11.72,12.12,4,7,8,3,23,31.0,23.54,115.13,97.19,121.83,77.37,0,Bourg-Péronnas 0-2 Concarneau,2025-08-22
Bourg-Péronnas,1.75,1.38,0.37,0.95,1.17,-0.22,0.80,0.21,0.59,1.75,1.38,0.37,0,2,-2,-2.37,68.30,60.22,45.10,1.28,0.47,242,21,15,6,11.72,12.77,6.49,7,4,33,8,9,100.7,76.46,3.33,2.81,35.63,22.63,2,Bourg-Péronnas 0-2 Concarneau,2025-08-22
Paris 13 Atletico,0.87,0.97,-0.10,0.44,0.94,-0.50,0.43,0.04,0.39,0.87,0.97,-0.10,1,2,-1,-0.90,51.10,51.99,43.77,0.67,0.72,159,14,5,8,7.46,11.11,8.08,7,7,19,4,10,60.7,46.12,49.4,54.33,81.73,47.8,3,Versailles 2-1 Paris 13 Atletico,2025-08-15
Versailles,0.97,0.87,0.10,0.94,0.44,0.50,0.04,0.43,-0.39,0.97,0.87,0.10,2,1,1,0.90,48.90,48.01,43.51,0.72,0.67,148,12,8,5,11.11,7.46,6.71,7,7,14,6,22,70.9,53.88,41.53,45.67,89.27,52.2,1,Versailles 2-1 Paris 13 Atletico,2025-08-15
Le Puy Foot,1.47,1.99,-0.52,1.34,1.89,-0.55,0.13,0.10,0.03,1.47,1.99,-0.52,1,2,-1,-0.48,50.30,48.74,45.45,0.35,0.95,223,6,11,17,31.43,17.89,13.66,3,6,20,5,6,46.3,33.6,60.27,57.8,53.7,38.13,0,Valenciennes 2-1 Le Puy Foot,2025-08-15
Valenciennes,1.99,1.47,0.52,1.89,1.34,0.55,0.10,0.13,-0.03,1.99,1.47,0.52,2,1,1,0.48,49.70,51.26,41.93,0.95,0.35,195,11,17,11,17.89,31.43,14.48,6,3,10,3,14,91.5,66.4,44.0,42.2,87.13,61.87,0,Valenciennes 2-1 Le Puy Foot,2025-08-15
Caen,0.64,1.18,-0.54,0.55,0.42,0.13,0.10,0.00,0.10,0.64,0.42,0.22,1,1,0,0.54,57.90,59.7,48.56,0.48,0.42,266,8,6,7,12.5,16.67,9.39,5,4,12,3,11,120.1,61.21,31.53,24.61,88.83,50.98,2,Quevilly-Rouen Métropole 1-1 Caen,2025-08-15
Quevilly-Rouen Métropole,1.18,0.64,0.54,0.42,0.55,-0.13,0.00,0.10,-0.10,0.42,0.64,-0.22,1,1,0,-0.54,42.10,40.3,47.03,0.42,0.48,178,5,7,6,16.67,12.5,11.50,4,5,12,0,16,76.1,38.79,96.6,75.39,85.4,49.02,0,Quevilly-Rouen Métropole 1-1 Caen,2025-08-15
Orléans,1.12,2.85,-1.73,1.12,2.82,-1.70,0.00,0.03,-0.03,1.12,2.85,-1.73,0,5,-5,-3.27,62.40,61.03,47.35,0.72,0.34,198,10,8,17,11.11,50.0,5.97,4,3,15,3,19,78.3,53.81,8.8,8.9,30.28,13.2,0,Sochaux 5-0 Orléans,2025-08-15
Sochaux,2.85,1.12,1.73,2.82,1.12,1.70,0.03,0.00,0.03,2.85,1.12,1.73,5,0,5,3.27,37.60,38.97,45.15,0.34,0.72,105,9,17,8,50.0,11.11,10.87,3,4,15,5,13,67.2,46.19,90.07,91.1,199.1,86.8,0,Sochaux 5-0 Orléans,2025-08-15
Stade Briochin,1.28,3.06,-1.78,0.31,2.48,-2.17,0.21,0.58,-0.37,0.52,3.06,-2.54,1,4,-3,-1.22,47.50,44.01,43.52,0.8,1.05,139,10,11,16,13.75,15.24,10.90,1,5,11,3,15,66.9,34.92,34.33,35.61,30.15,9.81,1,Fleury 4-1 Stade Briochin,2025-08-15
Fleury,3.06,1.28,1.78,2.48,0.31,2.17,0.58,0.21,0.37,3.06,0.52,2.54,4,1,3,1.22,52.50,55.99,46.82,1.05,0.8,194,20,16,11,15.24,13.75,8.84,5,1,14,9,18,124.7,65.08,62.07,64.39,277.11,90.19,2,Fleury 4-1 Stade Briochin,2025-08-15
Bourg-Péronnas,2.33,1.54,0.79,2.27,1.54,0.73,0.06,0.00,0.06,2.33,1.54,0.79,2,2,0,-0.79,48.30,45.18,43.24,0.55,0.65,142,12,16,6,29.09,9.23,10.38,5,6,15,4,14,92.1,62.74,69.47,79.06,95.37,64.54,1,Châteauroux 2-2 Bourg-Péronnas,2025-08-15
Châteauroux,1.54,2.33,-0.79,1.54,2.27,-0.73,0.00,0.06,-0.06,1.54,2.33,-0.79,2,2,0,0.79,51.70,54.82,42.79,0.65,0.55,161,3,6,16,9.23,29.09,8.23,6,5,18,1,16,54.7,37.26,18.4,20.94,52.4,35.46,1,Châteauroux 2-2 Bourg-Péronnas,2025-08-15
Rouen,1.14,0.74,0.40,0.16,0.74,-0.58,0.23,0.00,0.23,0.38,0.74,-0.36,1,1,0,-0.40,40.80,36.36,43.63,0.06,0.84,130,7,6,11,100.0,13.1,10.61,5,9,9,4,10,47.2,28.92,70.27,75.4,65.97,42.73,2,Dijon 1-1 Rouen,2025-08-15
Dijon,0.74,1.14,-0.40,0.74,0.16,0.58,0.00,0.23,-0.23,0.74,0.38,0.36,1,1,0,0.40,59.20,63.64,46.24,0.84,0.06,206,14,11,6,13.1,100.0,7.59,9,5,22,3,14,116.0,71.08,22.93,24.6,88.43,57.27,3,Dijon 1-1 Rouen,2025-08-15
Villefranche,1.04,1.78,-0.74,1.04,1.78,-0.74,0.00,0.00,0.00,1.04,1.78,-0.74,1,3,-2,-1.26,50.10,50.63,47.23,0.36,0.69,157,9,9,12,25.0,17.39,6.51,10,0,18,1,15,70.1,42.48,49.33,58.82,74.63,42.55,1,Aubagne 3-1 Villefranche,2025-08-15
Aubagne,1.78,1.04,0.74,1.78,1.04,0.74,0.00,0.00,0.00,1.78,1.04,0.74,3,1,2,1.26,49.90,49.37,43.45,0.69,0.36,128,14,12,9,17.39,25.0,8.32,0,10,16,3,17,94.9,57.52,34.53,41.18,100.77,57.45,2,Aubagne 3-1 Villefranche,2025-08-15
Versailles,1.39,1.05,0.34,1.26,0.96,0.30,0.13,0.08,0.05,1.39,1.05,0.34,1,0,1,0.66,56.80,50.88,47.03,0.78,0.66,195,15,11,16,14.1,24.24,6.41,6,4,24,8,23,76.3,48.51,26.67,31.3,79.23,49.88,0,Stade Briochin 0-1 Versailles,2025-08-08
Stade Briochin,1.05,1.39,-0.34,0.96,1.26,-0.30,0.08,0.13,-0.05,1.05,1.39,-0.34,0,1,-1,-0.66,43.20,49.12,46.71,0.66,0.78,148,10,16,11,24.24,14.1,10.44,4,6,18,6,18,81.0,51.49,58.53,68.7,79.6,50.12,2,Stade Briochin 0-1 Versailles,2025-08-08
Aubagne,1.41,3.23,-1.82,0.55,2.20,-1.65,0.11,1.02,-0.91,0.65,3.23,-2.58,0,3,-3,-1.18,36.50,34.03,42.34,0.42,0.63,116,6,7,18,16.67,28.57,19.60,3,7,12,2,6,47.2,21.01,76.47,81.7,38.91,15.56,0,Caen 3-0 Aubagne,2025-08-08
Caen,3.23,1.41,1.82,2.20,0.55,1.65,1.02,0.11,0.91,3.23,0.65,2.58,3,0,3,1.18,63.50,65.97,47.66,0.63,0.42,255,20,18,7,28.57,16.67,9.58,7,3,18,6,17,177.5,78.99,17.13,18.3,211.08,84.44,2,Caen 3-0 Aubagne,2025-08-08
Quevilly-Rouen Métropole,0.29,1.43,-1.14,0.19,1.05,-0.86,0.10,0.38,-0.28,0.29,1.43,-1.14,0,1,-1,0.14,54.90,58.97,48.57,0.35,0.51,210,12,6,13,17.14,25.49,9.79,5,2,31,6,13,79.7,50.28,25.93,32.91,46.67,32.67,0,Paris 13 Atletico 1-0 Quevilly-Rouen Métropole,2025-08-08
Paris 13 Atletico,1.43,0.29,1.14,1.05,0.19,0.86,0.38,0.10,0.28,1.43,0.29,1.14,1,0,1,-0.14,45.10,41.03,43.97,0.51,0.35,143,13,13,6,25.49,17.14,13.29,2,5,14,5,13,78.8,49.72,52.87,67.09,96.2,67.33,1,Paris 13 Atletico 1-0 Quevilly-Rouen Métropole,2025-08-08
Dijon,2.68,1.68,1.00,1.87,1.54,0.33,0.04,0.14,-0.10,1.92,1.68,0.24,2,1,1,-0.00,56.70,63.11,45.08,0.73,0.85,223,15,19,13,26.03,15.29,12.93,4,1,19,7,10,134.4,79.9,32.53,31.0,100.87,69.52,0,Orléans 1-2 Dijon,2025-08-08
Orléans,1.68,2.68,-1.00,1.54,1.87,-0.33,0.14,0.04,0.10,1.68,1.92,-0.24,1,2,-1,0.00,43.30,36.89,41.84,0.85,0.73,132,10,13,19,15.29,26.03,15.32,1,4,12,4,14,33.8,20.1,72.4,69.0,44.23,30.48,0,Orléans 1-2 Dijon,2025-08-08
Sochaux,0.97,1.09,-0.12,0.11,1.06,-0.95,0.10,0.04,0.06,0.21,1.09,-0.88,1,0,1,1.12,48.50,51.84,45.78,0.43,0.6,177,8,8,11,18.6,18.33,9.67,5,1,18,4,21,45.4,41.09,40.2,52.85,51.0,44.05,2,Le Puy Foot 0-1 Sochaux,2025-08-08
Le Puy Foot,1.09,0.97,0.12,1.06,0.11,0.95,0.04,0.10,-0.06,1.09,0.21,0.88,0,1,-1,-1.12,51.50,48.16,42.92,0.6,0.43,149,12,11,8,18.33,18.6,11.29,1,5,22,6,10,65.1,58.91,35.87,47.15,64.77,55.95,0,Le Puy Foot 0-1 Sochaux,2025-08-08
Fleury,0.48,1.96,-1.48,0.42,0.74,-0.32,0.06,1.22,-1.16,0.48,1.96,-1.48,0,0,0,1.48,50.50,39.94,43.04,0.33,0.89,162,5,9,13,27.27,14.61,8.33,3,8,5,2,14,69.8,33.38,31.93,42.43,63.57,30.56,0,Rouen 0-0 Fleury,2025-08-08
Rouen,1.96,0.48,1.48,0.74,0.42,0.32,1.22,0.06,1.16,1.96,0.48,1.48,0,0,0,-1.48,49.50,60.06,48.08,0.89,0.33,191,9,13,9,14.61,27.27,8.58,8,3,25,10,18,139.3,66.62,43.33,57.57,144.47,69.44,0,Rouen 0-0 Fleury,2025-08-08
Valenciennes,1.92,1.71,0.21,1.41,1.23,0.18,0.51,0.48,0.03,1.92,1.71,0.21,0,0,0,-0.21,45.70,57.4,48.48,0.51,0.58,176,11,13,16,25.49,27.59,9.40,7,3,25,13,14,87.9,53.83,67.8,89.53,124.4,70.51,2,Châteauroux 0-0 Valenciennes,2025-08-08
Châteauroux,1.71,1.92,-0.21,1.23,1.41,-0.18,0.48,0.51,-0.03,1.71,1.92,-0.21,0,0,0,0.21,54.30,42.6,43.20,0.58,0.51,169,9,16,13,27.59,25.49,9.75,3,7,12,4,12,75.4,46.17,7.93,10.47,52.03,29.49,0,Châteauroux 0-0 Valenciennes,2025-08-08
