Team,xG,xGA,xGD,Open Play xG,Open Play xGA,Open Play xGD,Set Piece xG,Set Piece xGA,Set Piece xGD,npxG,npxGA,npxGD,Goals,Goals Conceded,GD,GD-xGD,Possession,Field Tilt,Avg Pass Height,xT,xT Against,Passes in Opposition Half,Passes into Box,Shots,Shots Faced,Shots per 1.0 xT,Shots Faced per 1.0 xT Against,PPDA,High Recoveries,High Recoveries Against,Crosses,Corners,Fouls,On-Ball Pressure,On-Ball Pressure Share,Off-Ball Pressure,Off-Ball Pressure Share,Game Control,Game Control Share,Throw-Ins into the Box,Match,Date
Giravanz Kitakyushu,1.35,0.69,0.66,1.31,0.59,0.72,0.04,0.10,-0.06,1.35,0.69,0.66,0,1,-1,-1.66,58.10,44.17,46.45,0.55,0.54,217,10,10,11,18.18,20.37,11.21,2,2,17,6,9,84.3,41.71,9.27,8.03,36.67,18.0,0,Reilac Shiga 1-0 Giravanz Kitakyushu,2026-05-17
Reilac Shiga,0.69,1.35,-0.66,0.59,1.31,-0.72,0.10,0.04,0.06,0.69,1.35,-0.66,1,0,1,1.66,41.90,55.83,50.96,0.54,0.55,189,18,11,10,20.37,18.18,18.08,2,2,30,8,8,117.8,58.29,106.2,91.97,167.1,82.0,5,Reilac Shiga 1-0 Giravanz Kitakyushu,2026-05-17
Roasso Kumamoto,0.09,1.87,-1.78,0.08,1.25,-1.17,0.00,0.62,-0.62,0.09,1.87,-1.78,1,2,-1,0.78,48.70,30.13,40.63,0.15,1.39,111,3,4,18,26.67,12.95,11.15,3,4,10,5,12,28.0,12.01,14.73,18.79,13.93,5.13,1,Kagoshima United 2-1 Roasso Kumamoto,2026-05-17
Kagoshima United,1.87,0.09,1.78,1.25,0.08,1.17,0.62,0.00,0.62,1.87,0.09,1.78,2,1,1,-0.78,51.30,69.87,56.54,1.39,0.15,213,19,18,4,12.95,26.67,11.31,4,3,25,6,10,205.1,87.99,63.67,81.21,257.47,94.87,7,Kagoshima United 2-1 Roasso Kumamoto,2026-05-17
Tegevajaro Miyazaki,2.19,0.57,1.62,1.74,0.49,1.25,0.45,0.08,0.37,2.19,0.57,1.62,2,1,1,-0.62,55.10,59.42,45.93,0.78,0.28,183,7,14,8,17.95,28.57,12.16,3,5,22,8,10,130.3,70.66,46.07,57.16,138.9,77.22,2,Oita Trinita 1-2 Tegevajaro Miyazaki,2026-05-17
Oita Trinita,0.57,2.19,-1.62,0.49,1.74,-1.25,0.08,0.45,-0.37,0.57,2.19,-1.62,1,2,-1,0.62,44.90,40.58,41.44,0.28,0.78,136,7,8,14,28.57,17.95,12.07,5,3,13,3,12,54.1,29.34,34.53,42.84,40.97,22.78,1,Oita Trinita 1-2 Tegevajaro Miyazaki,2026-05-17
Ehime,0.52,0.30,0.22,0.48,0.18,0.30,0.04,0.12,-0.08,0.52,0.30,0.22,1,0,1,0.78,47.60,58.84,49.55,0.33,0.16,254,4,8,7,24.24,43.75,13.37,7,4,18,4,15,119.4,71.16,76.4,78.82,168.23,89.25,1,Kochi United 0-1 Ehime,2026-05-17
Kochi United,0.30,0.52,-0.22,0.18,0.48,-0.30,0.12,0.04,0.08,0.30,0.52,-0.22,0,1,-1,-0.78,52.40,41.16,40.39,0.16,0.33,159,6,7,8,43.75,24.24,13.93,4,7,13,7,11,48.4,28.84,20.53,21.18,20.27,10.75,0,Kochi United 0-1 Ehime,2026-05-17
Kamatamare Sanuki,0.43,0.75,-0.32,0.43,0.59,-0.16,0.00,0.16,-0.16,0.43,0.75,-0.32,2,1,1,1.32,49.80,61.07,53.41,0.29,0.38,185,11,9,11,31.03,28.95,12.05,2,2,9,2,8,82.8,63.25,44.93,60.28,99.5,63.71,3,Imabari 1-2 Kamatamare Sanuki,2026-05-17
Imabari,0.75,0.43,0.32,0.59,0.43,0.16,0.16,0.00,0.16,0.75,0.43,0.32,1,2,-1,-1.32,50.20,38.93,46.07,0.38,0.29,138,7,11,9,28.95,31.03,15.71,2,2,20,5,9,48.1,36.75,29.6,39.72,56.67,36.29,4,Imabari 1-2 Kamatamare Sanuki,2026-05-17
Zweigen Kanazawa,0.74,0.91,-0.17,0.73,0.49,0.24,0.01,0.41,-0.40,0.74,0.91,-0.17,1,1,0,0.17,42.10,40.69,47.61,0.48,1.49,131,6,8,14,16.67,9.4,14.22,5,4,14,2,9,31.8,20.0,54.53,85.2,50.3,38.56,1,Osaka 1-1 Zweigen Kanazawa,2026-05-17
Osaka,0.91,0.74,0.17,0.49,0.73,-0.24,0.41,0.01,0.40,0.91,0.74,0.17,1,1,0,-0.17,57.90,59.31,49.69,1.49,0.48,212,18,14,8,9.4,16.67,11.23,4,5,23,3,10,127.2,80.0,9.47,14.8,80.13,61.44,2,Osaka 1-1 Zweigen Kanazawa,2026-05-17
Tokushima Vortis,1.71,2.38,-0.67,1.64,1.76,-0.12,0.07,0.61,-0.54,1.71,2.38,-0.67,2,2,0,0.67,51.50,51.25,44.34,0.85,0.68,213,19,17,19,20.0,27.94,14.82,8,3,12,3,12,84.5,43.92,23.47,22.03,55.37,27.31,0,Kataller Toyama 2-2 Tokushima Vortis,2026-05-17
Kataller Toyama,2.38,1.71,0.67,1.76,1.64,0.12,0.61,0.07,0.54,2.38,1.71,0.67,2,2,0,-0.67,48.50,48.75,47.35,0.68,0.85,234,11,19,17,27.94,20.0,20.27,3,8,17,5,8,107.9,56.08,83.07,77.97,147.37,72.69,0,Kataller Toyama 2-2 Tokushima Vortis,2026-05-17
Nagano Parceiro,1.19,0.52,0.67,0.53,0.50,0.03,0.66,0.02,0.64,1.19,0.52,0.67,2,1,1,0.33,34.80,41.9,51.84,0.75,0.69,145,16,13,13,17.33,18.84,15.29,5,3,20,4,10,79.2,40.18,153.8,94.98,161.83,74.13,4,Omiya Ardija 1-2 Nagano Parceiro,2026-05-17
Omiya Ardija,0.52,1.19,-0.67,0.50,0.53,-0.03,0.02,0.66,-0.64,0.52,1.19,-0.67,1,2,-1,-0.33,65.20,58.1,43.46,0.69,0.75,204,11,13,13,18.84,17.33,8.42,3,5,9,2,9,117.9,59.82,8.13,5.02,56.47,25.87,3,Omiya Ardija 1-2 Nagano Parceiro,2026-05-17
Matsumoto Yamaga,0.56,2.04,-1.48,0.43,1.22,-0.79,0.13,0.82,-0.69,0.56,2.04,-1.48,1,1,0,1.48,41.90,29.19,46.11,0.31,1.03,110,8,11,24,35.48,23.3,11.10,1,2,18,4,12,49.7,21.14,26.2,43.76,43.23,21.76,1,Iwaki 1-1 Matsumoto Yamaga,2026-05-17
Iwaki,2.04,0.56,1.48,1.22,0.43,0.79,0.82,0.13,0.69,2.04,0.56,1.48,1,1,0,-1.48,58.10,70.81,57.95,1.03,0.31,230,24,24,11,23.3,35.48,8.32,2,1,31,13,12,185.4,78.86,33.67,56.24,155.4,78.24,9,Iwaki 1-1 Matsumoto Yamaga,2026-05-17
Tochigi,1.84,0.31,1.53,1.71,0.29,1.42,0.12,0.03,0.09,1.84,0.31,1.53,0,1,-1,-2.53,35.00,44.07,48.43,0.64,0.35,124,10,15,8,23.44,22.86,15.19,2,2,22,7,11,80.4,51.8,103.27,96.15,135.47,81.51,5,Yokohama 1-0 Tochigi,2026-05-17
Yokohama,0.31,1.84,-1.53,0.29,1.71,-1.42,0.03,0.12,-0.09,0.31,1.84,-1.53,1,0,1,2.53,65.00,55.93,42.60,0.35,0.64,152,6,8,15,22.86,23.44,16.25,2,2,11,3,5,74.8,48.2,4.13,3.85,30.73,18.49,2,Yokohama 1-0 Tochigi,2026-05-17
Thespa Gunma,0.90,1.63,-0.73,0.78,1.42,-0.64,0.12,0.21,-0.09,0.90,1.63,-0.73,1,3,-2,-1.27,56.50,34.95,41.62,0.32,1.19,156,3,11,22,34.38,18.49,13.67,0,8,11,4,9,40.0,15.35,7.4,7.02,13.33,3.39,1,Blaublitz Akita 3-1 Thespa Gunma,2026-05-17
Blaublitz Akita,1.63,0.90,0.73,1.42,0.78,0.64,0.21,0.12,0.09,1.63,0.90,0.73,3,1,2,1.27,43.50,65.05,59.18,1.19,0.32,226,18,22,11,18.49,34.38,10.70,8,0,37,6,14,220.6,84.65,98.07,92.98,379.63,96.61,0,Blaublitz Akita 3-1 Thespa Gunma,2026-05-17
Gifu,0.83,0.28,0.55,0.80,0.28,0.52,0.03,0.00,0.03,0.83,0.28,0.55,2,2,0,-0.55,49.40,54.63,47.08,0.5,0.31,190,5,12,7,24.0,22.58,23.13,1,5,12,7,7,114.2,57.82,55.0,64.15,141.9,75.03,5,Ventforet Kofu 2-2 Gifu,2026-05-16
Ventforet Kofu,0.28,0.83,-0.55,0.28,0.80,-0.52,0.00,0.03,-0.03,0.28,0.83,-0.55,2,2,0,0.55,50.60,45.37,48.33,0.31,0.5,200,8,7,12,22.58,24.0,15.70,5,1,21,4,4,83.3,42.18,30.73,35.85,47.23,24.97,1,Ventforet Kofu 2-2 Gifu,2026-05-16
Fujieda MYFC,1.10,0.65,0.45,0.45,0.65,-0.20,0.64,0.00,0.64,1.10,0.65,0.45,3,0,3,2.55,52.30,46.74,43.25,0.78,0.52,155,10,14,9,17.95,17.31,14.32,0,3,14,5,15,87.7,57.81,48.0,39.02,98.9,72.14,2,Júbilo Iwata 0-3 Fujieda MYFC,2026-05-16
Júbilo Iwata,0.65,1.10,-0.45,0.65,0.45,0.20,0.00,0.64,-0.64,0.65,1.10,-0.45,0,3,-3,-2.55,47.70,53.26,47.92,0.52,0.78,179,8,9,14,17.31,17.95,14.35,3,0,15,1,9,64.0,42.19,75.0,60.98,38.2,27.86,4,Júbilo Iwata 0-3 Fujieda MYFC,2026-05-16
Renofa Yamaguchi,0.95,0.81,0.14,0.88,0.49,0.39,0.07,0.32,-0.25,0.95,0.81,0.14,1,1,0,-0.14,48.60,50.48,46.24,0.45,0.61,198,8,12,16,26.67,26.23,24.65,0,3,15,2,7,86.0,44.98,80.6,63.13,104.97,52.33,0,Sagan Tosu 1-1 Renofa Yamaguchi,2026-05-16
Sagan Tosu,0.81,0.95,-0.14,0.49,0.88,-0.39,0.32,0.07,0.25,0.81,0.95,-0.14,1,1,0,0.14,51.40,49.52,43.13,0.61,0.45,186,11,16,12,26.23,26.67,21.89,3,0,27,7,8,105.2,55.02,47.07,36.87,95.63,47.67,1,Sagan Tosu 1-1 Renofa Yamaguchi,2026-05-16
Nara Club,0.39,2.46,-2.07,0.35,2.42,-2.07,0.04,0.04,0.00,0.39,2.46,-2.07,1,2,-1,1.07,56.20,41.18,40.55,0.28,0.61,203,4,6,18,21.43,29.51,22.93,3,6,9,2,7,59.5,32.11,17.13,11.1,33.7,13.2,1,Albirex Niigata 2-1 Nara Club,2026-05-16
Albirex Niigata,2.46,0.39,2.07,2.42,0.35,2.07,0.04,0.04,0.00,2.46,0.39,2.07,2,1,1,-1.07,43.80,58.82,48.65,0.61,0.28,213,15,18,6,29.51,21.43,25.10,6,3,28,10,4,125.8,67.89,137.2,88.9,221.67,86.8,0,Albirex Niigata 2-1 Nara Club,2026-05-16
Consadole Sapporo,0.88,1.13,-0.25,0.68,0.88,-0.20,0.20,0.24,-0.04,0.88,1.13,-0.25,3,0,3,3.25,46.10,48.41,44.03,0.38,0.78,199,7,12,15,31.58,19.23,14.38,4,6,15,3,13,80.3,38.66,76.67,58.14,131.0,73.75,0,Fukushima United 0-3 Consadole Sapporo,2026-05-16
Fukushima United,1.13,0.88,0.25,0.88,0.68,0.20,0.24,0.20,0.04,1.13,0.88,0.25,0,3,-3,-3.25,53.90,51.59,46.04,0.78,0.38,268,16,15,12,19.23,31.58,14.34,6,4,13,4,10,127.4,61.34,55.2,41.86,46.63,26.25,0,Fukushima United 0-3 Consadole Sapporo,2026-05-16
Vanraure Hachinohe,1.57,0.80,0.77,1.44,0.74,0.70,0.13,0.06,0.07,1.57,0.80,0.77,1,1,0,-0.77,56.40,63.48,53.41,0.7,0.36,168,18,17,11,24.29,30.56,5.84,3,3,25,6,14,120.3,67.97,15.33,41.37,113.9,63.6,11,Sagamihara 1-1 Vanraure Hachinohe,2026-05-16
Sagamihara,0.80,1.57,-0.77,0.74,1.44,-0.70,0.06,0.13,-0.07,0.80,1.57,-0.77,1,1,0,0.77,43.60,36.52,49.16,0.36,0.7,106,10,11,17,30.56,24.29,7.52,3,3,20,3,13,56.7,32.03,21.73,58.63,65.2,36.4,2,Sagamihara 1-1 Vanraure Hachinohe,2026-05-16
Vegalta Sendai,0.93,0.20,0.73,0.93,0.20,0.73,0.00,0.00,0.00,0.93,0.20,0.73,2,0,2,1.27,56.50,48.43,40.36,0.14,0.26,153,5,13,6,92.86,23.08,7.15,7,5,12,3,12,74.4,56.41,35.4,36.47,65.73,47.97,1,Shonan Bellmare 0-2 Vegalta Sendai,2026-05-16
Shonan Bellmare,0.20,0.93,-0.73,0.20,0.93,-0.73,0.00,0.00,0.00,0.20,0.93,-0.73,0,2,-2,-1.27,43.50,51.57,44.22,0.26,0.14,141,5,6,13,23.08,92.86,11.85,5,7,9,2,16,57.5,43.59,61.67,63.53,71.3,52.03,0,Shonan Bellmare 0-2 Vegalta Sendai,2026-05-16
Montedio Yamagata,1.07,2.47,-1.40,1.04,1.86,-0.82,0.04,0.61,-0.57,1.07,2.47,-1.40,0,3,-3,-1.60,42.30,40.73,40.48,0.6,0.73,124,12,11,21,18.33,28.77,11.90,4,6,11,3,12,32.8,19.23,53.2,59.38,40.63,19.95,1,Tochigi City 3-0 Montedio Yamagata,2026-05-16
Tochigi City,2.47,1.07,1.40,1.86,1.04,0.82,0.61,0.04,0.57,2.47,1.07,1.40,3,0,3,1.60,57.70,59.27,47.92,0.73,0.6,217,12,21,11,28.77,18.33,9.03,6,4,24,6,13,137.8,80.77,36.4,40.62,163.07,80.05,1,Tochigi City 3-0 Montedio Yamagata,2026-05-16
Reilac Shiga,0.79,1.34,-0.55,0.59,1.30,-0.71,0.20,0.04,0.16,0.79,1.34,-0.55,2,3,-1,-0.45,41.50,43.63,47.07,0.25,0.78,143,9,15,12,60.0,15.38,20.11,2,6,15,6,6,86.5,51.09,72.13,80.27,108.47,68.07,5,Gainare Tottori 3-2 Reilac Shiga,2026-05-13
Gainare Tottori,1.34,0.79,0.55,1.30,0.59,0.71,0.04,0.20,-0.16,1.34,0.79,0.55,3,2,1,0.45,58.50,56.37,48.50,0.78,0.25,228,14,12,15,15.38,60.0,14.05,6,2,13,5,8,82.8,48.91,17.73,19.73,50.87,31.93,7,Gainare Tottori 3-2 Reilac Shiga,2026-05-13
Kataller Toyama,1.99,0.74,1.25,1.90,0.74,1.16,0.09,0.00,0.09,1.99,0.74,1.25,2,0,2,0.75,48.40,42.71,44.75,0.7,0.33,212,8,19,13,27.14,39.39,19.24,2,9,15,6,12,125.6,50.95,61.6,65.67,146.43,58.65,0,Ehime 0-2 Kataller Toyama,2026-05-10
Ehime,0.74,1.99,-1.25,0.74,1.90,-1.16,0.00,0.09,-0.09,0.74,1.99,-1.25,0,2,-2,-0.75,51.60,57.29,48.40,0.33,0.7,258,6,13,19,39.39,27.14,11.40,9,2,10,2,7,120.9,49.05,32.2,34.33,103.23,41.35,4,Ehime 0-2 Kataller Toyama,2026-05-10
Sagan Tosu,0.90,0.52,0.38,0.87,0.51,0.36,0.03,0.01,0.02,0.90,0.52,0.38,1,0,1,0.62,42.40,40.12,42.94,0.39,0.47,167,14,11,8,28.21,17.02,25.00,2,0,9,1,7,106.8,39.97,114.33,57.72,109.57,58.05,0,Oita Trinita 0-1 Sagan Tosu,2026-05-10
Oita Trinita,0.52,0.90,-0.38,0.51,0.87,-0.36,0.01,0.03,-0.02,0.52,0.90,-0.38,0,1,-1,-0.62,57.60,59.88,47.71,0.47,0.39,290,8,8,11,17.02,28.21,19.50,0,2,21,2,7,160.4,60.03,83.73,42.28,79.17,41.95,3,Oita Trinita 0-1 Sagan Tosu,2026-05-10
Ryūkyū,1.72,0.35,1.37,1.19,0.30,0.89,0.53,0.05,0.48,1.72,0.35,1.37,1,0,1,-0.37,49.00,42.62,42.79,0.36,0.54,126,8,10,10,27.78,18.52,11.67,2,4,8,1,13,62.1,39.5,32.73,45.71,53.63,44.43,0,Roasso Kumamoto 0-1 Ryūkyū,2026-05-10
Roasso Kumamoto,0.35,1.72,-1.37,0.30,1.19,-0.89,0.05,0.53,-0.48,0.35,1.72,-1.37,0,1,-1,0.37,51.00,57.38,48.02,0.54,0.36,180,13,10,10,18.52,27.78,10.65,4,2,12,5,11,95.1,60.5,38.87,54.29,67.07,55.57,4,Roasso Kumamoto 0-1 Ryūkyū,2026-05-10
Giravanz Kitakyushu,2.20,0.50,1.70,1.27,0.50,0.77,0.17,0.00,0.17,1.44,0.50,0.94,1,1,0,-1.70,74.60,75.94,53.18,0.59,0.4,335,16,20,7,33.9,17.5,7.50,2,3,24,6,11,267.0,93.85,5.67,4.46,167.6,80.53,1,Gainare Tottori 1-1 Giravanz Kitakyushu,2026-05-10
Gainare Tottori,0.50,2.20,-1.70,0.50,1.27,-0.77,0.00,0.17,-0.17,0.50,1.44,-0.94,1,1,0,1.70,25.40,24.06,41.35,0.4,0.59,76,7,7,20,17.5,33.9,24.22,3,2,6,1,9,17.5,6.15,121.6,95.54,40.53,19.47,2,Gainare Tottori 1-1 Giravanz Kitakyushu,2026-05-10
Kagoshima United,1.13,0.87,0.26,0.88,0.11,0.77,0.25,0.00,0.25,1.13,0.11,1.02,0,1,-1,-1.26,64.90,68.42,52.62,1.06,0.24,243,22,17,3,16.04,12.5,8.28,5,4,26,8,12,171.3,94.9,5.53,9.53,138.63,81.02,11,Reilac Shiga 1-0 Kagoshima United,2026-05-10
Reilac Shiga,0.87,1.13,-0.26,0.11,0.88,-0.77,0.00,0.25,-0.25,0.11,1.13,-1.02,1,0,1,1.26,35.10,31.58,42.22,0.24,1.06,78,2,3,17,12.5,16.04,15.05,4,5,3,0,8,9.2,5.1,52.47,90.47,32.47,18.98,2,Reilac Shiga 1-0 Kagoshima United,2026-05-10
Nara Club,1.38,1.19,0.19,1.38,1.02,0.36,0.00,0.17,-0.17,1.38,1.19,0.19,2,1,1,0.81,50.50,48.06,43.63,0.21,0.81,209,8,9,16,42.86,19.75,17.79,3,0,14,5,10,72.4,41.51,54.93,39.98,76.53,39.78,0,Tokushima Vortis 1-2 Nara Club,2026-05-10
Tokushima Vortis,1.19,1.38,-0.19,1.02,1.38,-0.36,0.17,0.00,0.17,1.19,1.38,-0.19,1,2,-1,-0.81,49.50,51.94,42.84,0.81,0.21,172,14,16,9,19.75,42.86,30.27,0,3,21,4,6,102.0,58.49,82.47,60.02,115.87,60.22,1,Tokushima Vortis 1-2 Nara Club,2026-05-10
Kochi United,2.24,0.51,1.73,1.74,0.35,1.39,0.51,0.16,0.35,2.24,0.51,1.73,3,0,3,1.27,50.80,46.15,45.77,0.68,0.35,173,14,14,8,20.59,22.86,10.41,4,1,12,5,8,93.9,56.23,37.4,39.73,97.17,67.78,0,Kamatamare Sanuki 0-3 Kochi United,2026-05-10
Kamatamare Sanuki,0.51,2.24,-1.73,0.35,1.74,-1.39,0.16,0.51,-0.35,0.51,2.24,-1.73,0,3,-3,-1.27,49.20,53.85,44.46,0.35,0.68,157,8,8,14,22.86,20.59,23.50,1,4,16,4,8,73.1,43.77,56.73,60.27,46.2,32.22,3,Kamatamare Sanuki 0-3 Kochi United,2026-05-10
Fujieda MYFC,0.47,0.93,-0.46,0.40,0.93,-0.53,0.07,0.00,0.07,0.47,0.93,-0.46,0,0,0,0.46,56.50,51.4,46.07,0.62,0.88,200,13,11,11,17.74,12.5,11.24,6,0,8,5,9,116.2,52.91,20.27,15.64,72.47,32.76,3,Matsumoto Yamaga 0-0 Fujieda MYFC,2026-05-10
Matsumoto Yamaga,0.93,0.47,0.46,0.93,0.40,0.53,0.00,0.07,-0.07,0.93,0.47,0.46,0,0,0,-0.46,43.50,48.6,50.33,0.88,0.62,179,15,11,11,12.5,17.74,20.72,0,6,15,3,10,103.4,47.09,109.33,84.36,148.73,67.24,2,Matsumoto Yamaga 0-0 Fujieda MYFC,2026-05-10
Júbilo Iwata,1.63,0.92,0.71,1.56,0.92,0.64,0.06,0.00,0.06,1.63,0.92,0.71,2,4,-2,-2.71,42.50,56.95,52.50,0.64,0.27,201,12,17,8,26.56,29.63,10.47,3,2,28,7,14,135.9,68.46,93.47,89.64,151.53,76.8,4,Fukushima United 4-2 Júbilo Iwata,2026-05-10
Fukushima United,0.92,1.63,-0.71,0.92,1.56,-0.64,0.00,0.06,-0.06,0.92,1.63,-0.71,4,2,2,2.71,57.50,43.05,42.37,0.27,0.64,165,5,8,17,29.63,26.56,9.69,2,3,6,1,13,62.6,31.54,10.8,10.36,45.77,23.2,0,Fukushima United 4-2 Júbilo Iwata,2026-05-10
Yokohama,1.01,0.54,0.47,0.95,0.54,0.41,0.05,0.00,0.05,1.01,0.54,0.47,1,0,1,0.53,44.70,46.73,50.64,0.36,0.36,182,12,15,9,41.67,25.0,9.88,2,2,23,2,10,95.7,53.17,60.73,79.56,123.7,77.18,3,Shonan Bellmare 0-1 Yokohama,2026-05-10
Shonan Bellmare,0.54,1.01,-0.47,0.54,0.95,-0.41,0.00,0.05,-0.05,0.54,1.01,-0.47,0,1,-1,-0.53,55.30,53.27,48.14,0.36,0.36,201,5,9,15,25.0,41.67,9.96,2,2,18,3,14,84.3,46.83,15.6,20.44,36.57,22.82,1,Shonan Bellmare 0-1 Yokohama,2026-05-10
Blaublitz Akita,0.36,0.78,-0.42,0.06,0.76,-0.70,0.29,0.02,0.27,0.36,0.78,-0.42,0,0,0,0.42,43.30,48.21,49.76,0.27,0.36,132,4,7,10,25.93,27.78,20.93,1,3,23,10,7,43.6,40.63,44.8,88.42,60.03,59.3,4,Tochigi 0-0 Blaublitz Akita,2026-05-10
Tochigi,0.78,0.36,0.42,0.76,0.06,0.70,0.02,0.29,-0.27,0.78,0.36,0.42,0,0,0,-0.42,56.70,51.79,45.26,0.36,0.27,151,11,10,7,27.78,25.93,12.38,3,1,14,4,8,63.7,59.37,5.87,11.58,41.2,40.7,8,Tochigi 0-0 Blaublitz Akita,2026-05-10
Sagamihara,2.09,1.48,0.61,1.33,1.43,-0.10,0.00,0.05,-0.05,1.33,1.48,-0.15,3,2,1,0.39,47.30,61.56,55.84,0.97,0.57,200,23,19,14,19.59,24.56,11.46,4,0,26,6,7,139.8,71.62,37.27,70.4,140.67,75.53,8,Montedio Yamagata 2-3 Sagamihara,2026-05-10
Montedio Yamagata,1.48,2.09,-0.61,1.43,1.33,0.10,0.05,0.00,0.05,1.48,1.33,0.15,2,3,-1,-0.39,52.70,38.44,42.22,0.57,0.97,114,7,14,19,24.56,19.59,14.13,0,4,11,2,11,55.4,28.38,15.67,29.6,45.57,24.47,2,Montedio Yamagata 2-3 Sagamihara,2026-05-10
Vegalta Sendai,0.65,1.22,-0.57,0.60,1.21,-0.61,0.06,0.02,0.04,0.65,1.22,-0.57,1,1,0,0.57,59.40,54.36,48.19,0.72,0.51,212,15,13,9,18.06,17.65,7.63,4,5,26,7,11,106.4,69.82,5.0,5.45,50.2,36.83,7,Vanraure Hachinohe 1-1 Vegalta Sendai,2026-05-10
Vanraure Hachinohe,1.22,0.65,0.57,1.21,0.60,0.61,0.02,0.06,-0.04,1.22,0.65,0.57,1,1,0,-0.57,40.60,45.64,50.20,0.51,0.72,148,10,9,13,17.65,18.06,11.55,5,4,17,4,10,46.0,30.18,86.8,94.55,86.1,63.17,5,Vanraure Hachinohe 1-1 Vegalta Sendai,2026-05-10
Albirex Niigata,1.80,1.29,0.51,0.68,1.16,-0.48,1.12,0.13,0.99,1.80,1.29,0.51,1,1,0,-0.51,51.60,47.97,45.58,0.33,0.52,197,13,15,13,45.45,25.0,15.45,3,2,13,5,9,82.6,45.69,35.07,31.9,55.33,31.61,1,Zweigen Kanazawa 1-1 Albirex Niigata,2026-05-10
Zweigen Kanazawa,1.29,1.80,-0.51,1.16,0.68,0.48,0.13,1.12,-0.99,1.29,1.80,-0.51,1,1,0,0.51,48.40,52.03,49.98,0.52,0.33,206,14,13,15,25.0,45.45,16.90,2,3,20,4,12,98.2,54.31,74.87,68.1,119.73,68.39,3,Zweigen Kanazawa 1-1 Albirex Niigata,2026-05-10
Gifu,2.45,1.10,1.35,1.53,1.08,0.45,0.92,0.01,0.91,2.45,1.10,1.35,3,2,1,-0.35,53.60,40.19,41.53,1.15,0.17,131,12,16,12,13.91,70.59,17.40,1,7,17,6,10,90.5,56.74,18.53,18.29,79.27,38.82,0,Nagano Parceiro 2-3 Gifu,2026-05-09
Nagano Parceiro,1.10,2.45,-1.35,1.08,1.53,-0.45,0.01,0.92,-0.91,1.10,2.45,-1.35,2,3,-1,0.35,46.40,59.81,48.66,0.17,1.15,182,11,12,16,70.59,13.91,15.95,7,1,19,5,7,69.0,43.26,82.8,81.71,124.93,61.18,7,Nagano Parceiro 2-3 Gifu,2026-05-09
Tegevajaro Miyazaki,0.85,0.78,0.07,0.56,0.65,-0.09,0.29,0.12,0.17,0.85,0.78,0.07,1,0,1,0.93,39.10,40.29,44.95,0.33,0.79,141,7,7,14,21.21,17.72,14.85,0,4,16,6,17,57.4,26.87,75.13,69.53,76.33,42.6,0,Renofa Yamaguchi 0-1 Tegevajaro Miyazaki,2026-05-09
Renofa Yamaguchi,0.78,0.85,-0.07,0.65,0.56,0.09,0.12,0.29,-0.17,0.78,0.85,-0.07,0,1,-1,-0.93,60.90,59.71,49.35,0.79,0.33,249,17,14,7,17.72,21.21,11.30,4,0,24,3,9,156.2,73.13,32.93,30.47,102.83,57.4,1,Renofa Yamaguchi 0-1 Tegevajaro Miyazaki,2026-05-09
Imabari,2.44,0.89,1.55,2.44,0.75,1.69,0.00,0.14,-0.14,2.44,0.89,1.55,2,1,1,-0.55,33.80,33.75,48.55,1.08,0.76,117,8,9,9,8.33,11.84,15.43,0,8,13,2,10,38.9,21.68,83.07,93.82,90.5,60.13,1,Osaka 1-2 Imabari,2026-05-09
Osaka,0.89,2.44,-1.55,0.75,2.44,-1.69,0.14,0.00,0.14,0.89,2.44,-1.55,1,2,-1,0.55,66.20,66.25,52.04,0.76,1.08,272,14,9,9,11.84,8.33,7.28,8,0,35,7,8,140.5,78.32,5.47,6.18,60.0,39.87,4,Osaka 1-2 Imabari,2026-05-09
Ventforet Kofu,1.00,1.28,-0.28,1.00,1.07,-0.07,0.00,0.21,-0.21,1.00,1.28,-0.28,1,0,1,1.28,40.70,42.98,48.59,0.5,0.33,162,8,6,13,12.0,39.39,10.54,10,1,7,3,6,54.3,29.88,37.47,69.39,73.87,47.26,1,Iwaki 0-1 Ventforet Kofu,2026-05-09
Iwaki,1.28,1.00,0.28,1.07,1.00,0.07,0.21,0.00,0.21,1.28,1.00,0.28,0,1,-1,-1.28,59.30,57.02,48.93,0.33,0.5,229,17,13,6,39.39,12.0,9.32,1,10,23,4,16,127.4,70.12,16.53,30.61,82.43,52.74,9,Iwaki 0-1 Ventforet Kofu,2026-05-09
Omiya Ardija,1.96,0.97,0.99,1.89,0.83,1.06,0.07,0.14,-0.07,1.96,0.97,0.99,3,4,-1,-1.99,54.40,54.65,41.23,0.65,0.32,139,13,17,15,26.15,46.88,9.72,3,2,15,4,10,100.1,55.8,22.47,26.77,73.17,40.32,6,Consadole Sapporo 4-3 Omiya Ardija,2026-05-09
Consadole Sapporo,0.97,1.96,-0.99,0.83,1.89,-1.06,0.14,0.07,0.07,0.97,1.96,-0.99,4,3,1,1.99,45.60,45.35,44.12,0.32,0.65,126,12,15,17,46.88,26.15,11.83,2,3,14,3,15,79.3,44.2,61.47,73.23,108.3,59.68,0,Consadole Sapporo 4-3 Omiya Ardija,2026-05-09
Tochigi City,2.03,0.20,1.83,1.98,0.20,1.78,0.04,0.00,0.04,2.03,0.20,1.83,0,0,0,-1.83,54.10,64.82,45.70,0.83,0.03,208,8,19,4,22.89,133.33,12.17,5,2,31,8,13,122.1,90.98,49.2,48.94,140.8,81.05,2,Thespa Gunma 0-0 Tochigi City,2026-05-09
Thespa Gunma,0.20,2.03,-1.83,0.20,1.98,-1.78,0.00,0.04,-0.04,0.20,2.03,-1.83,0,0,0,1.83,45.90,35.18,36.85,0.03,0.83,98,5,4,19,133.33,22.89,22.35,2,5,12,3,7,12.1,9.02,51.33,51.06,32.93,18.95,0,Thespa Gunma 0-0 Tochigi City,2026-05-09
Matsumoto Yamaga,1.60,0.86,0.74,1.02,0.57,0.45,0.58,0.29,0.29,1.60,0.86,0.74,3,0,3,2.26,36.00,53.44,58.19,0.7,0.45,158,17,19,6,27.14,13.33,14.73,3,0,22,9,11,96.5,68.2,89.6,99.7,192.33,94.5,0,Gifu 0-3 Matsumoto Yamaga,2026-05-06
Gifu,0.86,1.60,-0.74,0.57,1.02,-0.45,0.29,0.58,-0.29,0.86,1.60,-0.74,0,3,-3,-2.26,64.00,46.56,44.73,0.45,0.7,186,6,6,19,13.33,27.14,8.11,0,3,10,4,13,45.0,31.8,0.27,0.3,11.2,5.5,1,Gifu 0-3 Matsumoto Yamaga,2026-05-06
Sagamihara,1.11,1.25,-0.14,0.85,1.22,-0.37,0.27,0.02,0.25,1.11,1.25,-0.14,1,0,1,1.14,41.90,38.72,42.53,0.42,0.67,97,7,11,14,26.19,20.9,12.90,0,0,20,10,13,49.3,27.33,29.93,86.68,61.07,39.63,0,Blaublitz Akita 0-1 Sagamihara,2026-05-06
Blaublitz Akita,1.25,1.11,0.14,1.22,0.85,0.37,0.02,0.27,-0.25,1.25,1.11,0.14,0,1,-1,-1.14,58.10,61.28,51.68,0.67,0.42,197,16,14,11,20.9,26.19,10.74,0,0,18,6,11,131.1,72.67,4.6,13.32,93.03,60.37,6,Blaublitz Akita 0-1 Sagamihara,2026-05-06
Oita Trinita,0.24,0.62,-0.38,0.24,0.59,-0.35,0.00,0.03,-0.03,0.24,0.62,-0.38,1,0,1,1.38,52.50,48.36,45.07,0.22,0.26,146,5,4,11,18.18,42.31,13.88,0,1,19,3,9,48.8,45.1,21.0,32.75,38.63,39.7,0,Kagoshima United 0-1 Oita Trinita,2026-05-06
Kagoshima United,0.62,0.24,0.38,0.59,0.24,0.35,0.03,0.00,0.03,0.62,0.24,0.38,0,1,-1,-1.38,47.50,51.64,50.16,0.26,0.22,171,6,11,4,42.31,18.18,14.80,1,0,16,7,9,59.4,54.9,43.13,67.25,58.67,60.3,8,Kagoshima United 0-1 Oita Trinita,2026-05-06
Ryūkyū,0.80,1.23,-0.43,0.69,1.05,-0.36,0.12,0.18,-0.06,0.80,1.23,-0.43,0,1,-1,-0.57,42.00,37.41,38.86,0.62,1.04,103,9,11,15,17.74,14.42,13.15,3,4,11,3,10,43.7,23.42,74.53,70.44,63.83,29.81,4,Tegevajaro Miyazaki 1-0 Ryūkyū,2026-05-06
Tegevajaro Miyazaki,1.23,0.80,0.43,1.05,0.69,0.36,0.18,0.12,0.06,1.23,0.80,0.43,1,0,1,0.57,58.00,62.59,47.46,1.04,0.62,205,17,15,11,14.42,17.74,9.53,4,3,27,5,12,142.9,76.58,31.27,29.56,150.27,70.19,1,Tegevajaro Miyazaki 1-0 Ryūkyū,2026-05-06
Gainare Tottori,0.53,1.42,-0.89,0.47,1.37,-0.90,0.06,0.05,0.01,0.53,1.42,-0.89,0,4,-4,-3.11,50.30,53.85,45.62,0.28,0.94,220,7,9,11,32.14,11.7,15.92,5,3,13,6,7,119.9,55.2,69.53,51.63,95.29,30.63,4,Sagan Tosu 4-0 Gainare Tottori,2026-05-06
Sagan Tosu,1.42,0.53,0.89,1.37,0.47,0.90,0.05,0.06,-0.01,1.42,0.53,0.89,4,0,4,3.11,49.70,46.15,43.49,0.94,0.28,187,11,11,9,11.7,32.14,20.05,3,5,13,2,6,97.3,44.8,65.13,48.37,215.79,69.37,1,Sagan Tosu 4-0 Gainare Tottori,2026-05-06
Roasso Kumamoto,1.81,0.70,1.11,1.55,0.53,1.02,0.25,0.16,0.09,1.81,0.70,1.11,2,1,1,-0.11,46.80,41.37,46.80,0.9,0.59,189,10,17,15,18.89,25.42,10.97,5,1,14,5,17,65.7,31.32,69.6,51.76,57.87,39.8,1,Giravanz Kitakyushu 1-2 Roasso Kumamoto,2026-05-06
Giravanz Kitakyushu,0.70,1.81,-1.11,0.53,1.55,-1.02,0.16,0.25,-0.09,0.70,1.81,-1.11,1,2,-1,0.11,53.20,58.63,50.67,0.59,0.9,261,12,15,17,25.42,18.89,16.71,1,5,27,4,9,144.1,68.68,64.87,48.24,87.53,60.2,0,Giravanz Kitakyushu 1-2 Roasso Kumamoto,2026-05-06
Renofa Yamaguchi,2.86,0.52,2.34,2.76,0.24,2.52,0.10,0.28,-0.18,2.86,0.52,2.34,4,1,3,0.66,58.60,61.15,44.86,0.85,0.3,193,17,17,12,20.0,40.0,9.97,9,1,21,7,8,141.9,82.5,30.27,28.04,148.8,75.04,1,Reilac Shiga 1-4 Renofa Yamaguchi,2026-05-06
Reilac Shiga,0.52,2.86,-2.34,0.24,2.76,-2.52,0.28,0.10,0.18,0.52,2.86,-2.34,1,4,-3,-0.66,41.40,38.85,42.65,0.3,0.85,121,8,12,17,40.0,20.0,26.93,1,9,14,6,11,30.1,17.5,77.67,71.96,49.5,24.96,4,Reilac Shiga 1-4 Renofa Yamaguchi,2026-05-06
Kochi United,0.40,1.20,-0.80,0.30,0.82,-0.52,0.10,0.38,-0.28,0.40,1.20,-0.80,0,1,-1,-0.20,63.00,47.4,43.28,0.28,0.58,217,6,5,16,17.86,27.59,9.44,5,8,16,5,7,60.4,35.28,2.47,1.55,16.17,6.69,1,Imabari 1-0 Kochi United,2026-05-06
Imabari,1.20,0.40,0.80,0.82,0.30,0.52,0.38,0.10,0.28,1.20,0.40,0.80,1,0,1,0.20,37.00,52.6,49.82,0.58,0.28,158,9,16,5,27.59,17.86,22.26,8,5,28,10,5,110.8,64.72,156.53,98.45,225.63,93.31,4,Imabari 1-0 Kochi United,2026-05-06
Osaka,2.23,0.68,1.55,1.27,0.58,0.69,0.96,0.10,0.86,2.23,0.68,1.55,3,1,2,0.45,41.50,64.71,52.09,1.12,0.83,195,23,18,7,16.07,8.43,14.80,6,0,27,5,9,126.9,82.72,111.53,89.32,259.63,95.89,4,Nara Club 1-3 Osaka,2026-05-06
Nara Club,0.68,2.23,-1.55,0.58,1.27,-0.69,0.10,0.96,-0.86,0.68,2.23,-1.55,1,3,-2,-0.45,58.50,35.29,39.74,0.83,1.12,153,10,7,18,8.43,16.07,15.19,0,6,15,5,12,26.5,17.28,13.33,10.68,11.13,4.11,0,Nara Club 1-3 Osaka,2026-05-06
Ehime,1.20,0.38,0.82,1.12,0.28,0.84,0.08,0.10,-0.02,1.20,0.38,0.82,2,0,2,1.18,54.80,56.4,48.79,1.05,0.56,253,18,17,8,16.19,14.29,15.59,5,2,15,6,9,151.3,71.81,54.67,41.44,145.37,81.42,2,Zweigen Kanazawa 0-2 Ehime,2026-05-06
Zweigen Kanazawa,0.38,1.20,-0.82,0.28,1.12,-0.84,0.10,0.08,0.02,0.38,1.20,-0.82,0,2,-2,-1.18,45.20,43.6,43.17,0.56,1.05,159,13,8,17,14.29,16.19,14.74,2,5,26,7,11,59.4,28.19,77.27,58.56,33.17,18.58,1,Zweigen Kanazawa 0-2 Ehime,2026-05-06
Kamatamare Sanuki,0.76,1.60,-0.84,0.64,1.54,-0.90,0.12,0.06,0.06,0.76,1.60,-0.84,1,1,0,0.84,33.60,35.0,42.78,0.34,0.58,115,9,12,19,35.29,32.76,26.31,2,4,7,2,8,38.3,17.31,95.87,87.52,55.33,26.08,4,Kataller Toyama 1-1 Kamatamare Sanuki,2026-05-06
Kataller Toyama,1.60,0.76,0.84,1.54,0.64,0.90,0.06,0.12,-0.06,1.60,0.76,0.84,1,1,0,-0.84,66.40,65.0,50.97,0.58,0.34,310,14,19,12,32.76,35.29,13.88,4,2,16,6,7,183.0,82.69,13.67,12.48,156.83,73.92,0,Kataller Toyama 1-1 Kamatamare Sanuki,2026-05-06
Tokushima Vortis,0.95,0.58,0.37,0.80,0.56,0.24,0.15,0.02,0.13,0.95,0.58,0.37,0,1,-1,-1.37,63.60,50.71,40.41,0.34,0.42,163,4,9,12,26.47,28.57,11.00,2,5,14,4,11,59.7,44.72,11.8,8.45,13.07,7.48,0,Albirex Niigata 1-0 Tokushima Vortis,2026-05-06
Albirex Niigata,0.58,0.95,-0.37,0.56,0.80,-0.24,0.02,0.15,-0.13,0.58,0.95,-0.37,1,0,1,1.37,36.40,49.29,46.36,0.42,0.34,152,7,12,9,28.57,26.47,19.77,5,2,8,2,8,73.8,55.28,127.8,91.55,161.67,92.52,0,Albirex Niigata 1-0 Tokushima Vortis,2026-05-06
Fukushima United,1.79,1.32,0.47,1.01,1.15,-0.14,0.02,0.18,-0.16,1.03,1.32,-0.29,1,1,0,-0.47,46.00,38.85,41.78,0.85,0.59,137,10,14,19,16.47,32.2,13.26,3,3,8,2,8,66.7,30.67,36.8,54.28,70.2,31.17,0,Fujieda MYFC 1-1 Fukushima United,2026-05-06
Fujieda MYFC,1.32,1.79,-0.47,1.15,1.01,0.14,0.18,0.02,0.16,1.32,1.03,0.29,1,1,0,0.47,54.00,61.15,47.16,0.59,0.85,210,15,19,14,32.2,16.47,9.97,3,3,19,5,14,150.8,69.33,31.0,45.72,155.0,68.83,3,Fujieda MYFC 1-1 Fukushima United,2026-05-06
Júbilo Iwata,1.22,1.13,0.09,1.20,0.80,0.40,0.02,0.33,-0.31,1.22,1.13,0.09,2,1,1,0.91,58.10,49.5,45.47,0.46,0.76,208,6,6,10,13.04,13.16,10.14,1,2,19,5,13,74.5,41.78,38.53,32.8,43.97,26.14,2,Ventforet Kofu 1-2 Júbilo Iwata,2026-05-06
Ventforet Kofu,1.13,1.22,-0.09,0.80,1.20,-0.40,0.33,0.02,0.31,1.13,1.22,-0.09,1,2,-1,-0.91,41.90,50.5,49.86,0.76,0.46,179,13,10,6,13.16,13.04,10.55,2,1,18,4,19,103.8,58.22,78.93,67.2,124.27,73.86,0,Ventforet Kofu 1-2 Júbilo Iwata,2026-05-06
Iwaki,0.67,2.80,-2.13,0.65,2.37,-1.72,0.03,0.42,-0.39,0.67,2.80,-2.13,2,3,-1,1.13,45.30,35.07,39.32,0.25,1.23,98,6,9,22,36.0,17.89,9.00,0,1,12,6,17,34.5,16.28,29.67,55.7,21.9,8.92,3,Omiya Ardija 3-2 Iwaki,2026-05-06
Omiya Ardija,2.80,0.67,2.13,2.37,0.65,1.72,0.42,0.03,0.39,2.80,0.67,2.13,3,2,1,-1.13,54.70,64.93,52.00,1.23,0.25,191,14,22,9,17.89,36.0,10.28,1,0,23,9,9,177.4,83.72,23.6,44.3,223.57,91.08,1,Omiya Ardija 3-2 Iwaki,2026-05-06
Nagano Parceiro,0.45,1.15,-0.70,0.43,0.84,-0.41,0.02,0.30,-0.28,0.45,1.15,-0.70,0,2,-2,-1.30,32.90,27.3,38.08,0.41,0.57,92,6,8,17,19.51,29.82,21.08,1,4,5,1,13,24.5,9.26,161.53,91.99,71.97,27.72,0,Consadole Sapporo 2-0 Nagano Parceiro,2026-05-06
Consadole Sapporo,1.15,0.45,0.70,0.84,0.43,0.41,0.30,0.02,0.28,1.15,0.45,0.70,2,0,2,1.30,67.10,72.7,48.87,0.57,0.41,329,17,17,8,29.82,19.51,8.71,4,1,23,9,11,240.2,90.74,14.07,8.01,187.7,72.28,1,Consadole Sapporo 2-0 Nagano Parceiro,2026-05-06
Yokohama,1.93,1.55,0.38,1.90,1.50,0.40,0.03,0.05,-0.02,1.93,1.55,0.38,2,2,0,-0.38,52.00,53.63,48.14,0.92,1.0,236,20,21,15,22.83,15.0,12.50,3,5,22,2,10,132.4,61.99,52.47,47.96,140.7,65.09,5,Tochigi City 2-2 Yokohama,2026-05-06
Tochigi City,1.55,1.93,-0.38,1.50,1.90,-0.40,0.05,0.03,0.02,1.55,1.93,-0.38,2,2,0,0.38,48.00,46.37,47.52,1.0,0.92,212,12,15,21,15.0,22.83,12.43,5,3,25,4,15,81.2,38.01,56.93,52.04,75.47,34.91,0,Tochigi City 2-2 Yokohama,2026-05-06
Thespa Gunma,2.53,1.46,1.07,1.76,1.40,0.36,0.77,0.06,0.71,2.53,1.46,1.07,2,1,1,-0.07,49.40,47.46,47.39,0.97,1.09,165,15,14,15,14.43,13.76,12.56,3,5,15,3,12,97.0,48.04,58.2,51.78,70.17,57.88,1,Montedio Yamagata 1-2 Thespa Gunma,2026-05-06
Montedio Yamagata,1.46,2.53,-1.07,1.40,1.76,-0.36,0.06,0.77,-0.71,1.46,2.53,-1.07,1,2,-1,0.07,50.60,52.54,45.81,1.09,0.97,177,13,15,14,13.76,14.43,12.04,5,3,23,5,10,104.9,51.96,54.2,48.22,51.07,42.12,0,Montedio Yamagata 1-2 Thespa Gunma,2026-05-06
Tochigi,1.32,1.34,-0.02,1.32,1.22,0.10,0.00,0.12,-0.12,1.32,1.34,-0.02,1,2,-1,-0.98,44.50,50.17,48.32,0.94,0.81,195,10,13,13,13.83,16.05,11.03,5,2,17,5,17,100.8,54.72,105.93,69.27,140.7,71.4,1,Vegalta Sendai 2-1 Tochigi,2026-05-06
Vegalta Sendai,1.34,1.32,0.02,1.22,1.32,-0.10,0.12,0.00,0.12,1.34,1.32,0.02,2,1,1,0.98,55.50,49.83,43.58,0.81,0.94,188,10,13,13,16.05,13.83,10.86,2,5,14,4,10,83.4,45.28,47.0,30.73,56.37,28.6,4,Vegalta Sendai 2-1 Tochigi,2026-05-06
Shonan Bellmare,0.35,0.79,-0.44,0.19,0.67,-0.48,0.16,0.12,0.04,0.35,0.79,-0.44,1,0,1,1.44,43.10,40.43,46.47,0.2,0.81,137,8,6,14,30.0,17.28,11.93,5,8,8,3,12,44.3,21.61,44.47,75.37,54.4,39.29,2,Vanraure Hachinohe 0-1 Shonan Bellmare,2026-05-06
Vanraure Hachinohe,0.79,0.35,0.44,0.67,0.19,0.48,0.12,0.16,-0.04,0.79,0.35,0.44,0,1,-1,-1.44,56.90,59.57,49.20,0.81,0.2,206,15,14,6,17.28,30.0,7.68,8,5,27,1,11,160.7,78.39,14.53,24.63,84.07,60.71,5,Vanraure Hachinohe 0-1 Shonan Bellmare,2026-05-06
Kagoshima United,1.40,0.78,0.62,1.01,0.03,0.98,0.39,0.74,-0.35,1.40,0.78,0.62,1,1,0,-0.62,50.10,69.93,55.83,0.77,0.08,199,18,17,6,22.08,75.0,10.96,4,2,27,12,10,155.1,87.18,73.87,85.04,213.47,90.16,15,Ryūkyū 1-1 Kagoshima United,2026-05-03
Ryūkyū,0.78,1.40,-0.62,0.03,1.01,-0.98,0.74,0.39,0.35,0.78,1.40,-0.62,1,1,0,0.62,49.90,30.07,39.35,0.08,0.77,112,2,6,17,75.0,22.08,13.40,2,4,13,3,9,22.8,12.82,13.0,14.96,23.3,9.84,1,Ryūkyū 1-1 Kagoshima United,2026-05-03
Reilac Shiga,0.34,0.92,-0.58,0.18,0.92,-0.74,0.16,0.00,0.16,0.34,0.92,-0.58,0,2,-2,-1.42,47.40,51.14,48.64,0.22,0.34,158,10,8,10,36.36,29.41,20.25,1,1,17,5,6,53.7,38.55,53.4,74.79,59.43,52.89,5,Roasso Kumamoto 2-0 Reilac Shiga,2026-05-03
Roasso Kumamoto,0.92,0.34,0.58,0.92,0.18,0.74,0.00,0.16,-0.16,0.92,0.34,0.58,2,0,2,1.42,52.60,48.86,49.75,0.34,0.22,203,8,10,8,29.41,36.36,13.14,1,1,10,4,14,85.6,61.45,18.0,25.21,52.93,47.11,1,Roasso Kumamoto 2-0 Reilac Shiga,2026-05-03
Oita Trinita,1.12,1.45,-0.33,0.88,1.42,-0.54,0.24,0.04,0.20,1.12,1.45,-0.33,1,2,-1,-0.67,60.30,48.46,43.80,0.69,0.3,175,14,18,17,26.09,56.67,9.76,4,6,16,5,15,73.4,54.9,7.33,6.86,31.0,18.5,3,Giravanz Kitakyushu 2-1 Oita Trinita,2026-05-03
Giravanz Kitakyushu,1.45,1.12,0.33,1.42,0.88,0.54,0.04,0.24,-0.20,1.45,1.12,0.33,2,1,1,0.67,39.70,51.54,47.35,0.3,0.69,144,4,17,18,56.67,26.09,12.19,6,4,15,3,10,60.3,45.1,99.47,93.14,136.53,81.5,0,Giravanz Kitakyushu 2-1 Oita Trinita,2026-05-03
Nara Club,0.69,1.76,-1.07,0.69,0.97,-0.28,0.00,0.03,-0.03,0.69,1.00,-0.31,2,1,1,2.07,45.00,34.78,37.55,0.43,1.25,97,6,4,17,9.3,13.6,15.30,3,2,5,0,13,28.3,18.06,24.93,30.85,16.17,11.82,1,Imabari 1-2 Nara Club,2026-05-03
Imabari,1.76,0.69,1.07,0.97,0.69,0.28,0.03,0.00,0.03,1.00,0.69,0.31,1,2,-1,-2.07,55.00,65.22,49.88,1.25,0.43,207,19,17,4,13.6,9.3,13.71,2,3,26,5,4,128.4,81.94,55.87,69.15,120.6,88.18,7,Imabari 1-2 Nara Club,2026-05-03
Kataller Toyama,1.55,1.32,0.23,1.26,1.25,0.01,0.29,0.07,0.22,1.55,1.32,0.23,1,0,1,0.77,49.70,41.53,46.30,0.62,1.01,193,15,16,14,25.81,13.86,10.87,2,6,17,8,13,97.6,43.46,33.47,43.61,103.53,51.83,2,Zweigen Kanazawa 0-1 Kataller Toyama,2026-05-03
Zweigen Kanazawa,1.32,1.55,-0.23,1.25,1.26,-0.01,0.07,0.29,-0.22,1.32,1.55,-0.23,0,1,-1,-0.77,50.30,58.47,50.18,1.01,0.62,233,18,14,16,13.86,25.81,9.42,6,2,23,6,16,127.0,56.54,43.27,56.39,96.23,48.17,3,Zweigen Kanazawa 0-1 Kataller Toyama,2026-05-03
Kamatamare Sanuki,0.25,1.32,-1.07,0.25,1.16,-0.91,0.00,0.16,-0.16,0.25,1.32,-1.07,1,2,-1,0.07,40.40,37.15,42.49,0.42,0.61,128,2,5,16,11.9,26.23,17.12,3,2,12,2,14,29.3,16.02,91.93,72.31,25.89,17.64,0,Albirex Niigata 2-1 Kamatamare Sanuki,2026-05-03
Albirex Niigata,1.32,0.25,1.07,1.16,0.25,0.91,0.16,0.00,0.16,1.32,0.25,1.07,2,1,1,-0.07,59.60,62.85,47.29,0.61,0.42,243,10,16,5,26.23,11.9,13.86,2,3,23,6,7,153.6,83.98,35.2,27.69,120.89,82.36,0,Albirex Niigata 2-1 Kamatamare Sanuki,2026-05-03
Omiya Ardija,1.01,0.56,0.45,0.94,0.45,0.49,0.07,0.12,-0.05,1.01,0.56,0.45,2,1,1,0.55,51.80,58.6,50.07,0.31,0.39,196,14,13,12,41.94,30.77,10.50,1,2,12,4,12,122.1,72.21,34.4,48.31,118.9,76.41,5,Fukushima United 1-2 Omiya Ardija,2026-05-03
Fukushima United,0.56,1.01,-0.45,0.45,0.94,-0.49,0.12,0.07,0.05,0.56,1.01,-0.45,1,2,-1,-0.55,48.20,41.4,40.15,0.39,0.31,114,12,12,13,30.77,41.94,9.23,2,1,14,7,13,47.0,27.79,36.8,51.69,36.7,23.59,0,Fukushima United 1-2 Omiya Ardija,2026-05-03
Tochigi,0.80,0.66,0.14,0.66,0.58,0.08,0.14,0.08,0.06,0.80,0.66,0.14,2,2,0,-0.14,54.30,65.06,52.01,0.65,0.3,256,11,14,6,21.54,20.0,12.24,1,2,20,8,13,147.1,79.0,42.6,42.89,132.23,78.2,6,Montedio Yamagata 2-2 Tochigi,2026-05-03
Montedio Yamagata,0.66,0.80,-0.14,0.58,0.66,-0.08,0.08,0.14,-0.06,0.66,0.80,-0.14,2,2,0,0.14,45.70,34.94,40.99,0.3,0.65,125,4,6,14,20.0,21.54,15.81,2,1,6,3,9,39.1,21.0,56.73,57.11,36.87,21.8,1,Montedio Yamagata 2-2 Tochigi,2026-05-03
Ventforet Kofu,0.16,1.01,-0.85,0.16,0.77,-0.61,0.00,0.25,-0.25,0.16,1.01,-0.85,1,0,1,1.85,39.70,25.86,42.44,0.45,0.56,118,3,2,16,4.44,28.57,11.00,4,6,5,0,15,5.9,3.18,59.4,65.22,21.6,14.49,0,Matsumoto Yamaga 0-1 Ventforet Kofu,2026-05-03
Matsumoto Yamaga,1.01,0.16,0.85,0.77,0.16,0.61,0.25,0.00,0.25,1.01,0.16,0.85,0,1,-1,-1.85,60.30,74.14,50.02,0.56,0.45,260,12,16,2,28.57,4.44,9.15,6,4,18,8,10,179.7,96.82,31.67,34.78,127.47,85.51,7,Matsumoto Yamaga 0-1 Ventforet Kofu,2026-05-03
Thespa Gunma,0.96,0.59,0.37,0.48,0.50,-0.02,0.48,0.09,0.39,0.96,0.59,0.37,1,0,1,0.63,45.30,30.31,39.19,0.16,0.64,117,6,9,9,56.25,14.06,16.05,2,5,9,3,9,44.3,20.82,32.07,35.98,41.4,20.51,2,Vanraure Hachinohe 0-1 Thespa Gunma,2026-05-03
Vanraure Hachinohe,0.59,0.96,-0.37,0.50,0.48,0.02,0.09,0.48,-0.39,0.59,0.96,-0.37,0,1,-1,-0.63,54.70,69.69,54.08,0.64,0.16,259,18,9,9,14.06,56.25,14.78,5,2,34,7,13,168.5,79.18,57.07,64.02,160.5,79.49,3,Vanraure Hachinohe 0-1 Thespa Gunma,2026-05-03
Fujieda MYFC,1.33,1.21,0.12,1.33,0.42,0.91,0.00,0.78,-0.78,1.33,1.21,0.12,0,0,0,-0.12,65.50,63.88,46.95,0.54,0.36,275,13,13,7,24.07,19.44,11.12,4,2,28,9,6,152.9,72.91,20.8,11.73,70.1,38.98,3,Nagano Parceiro 0-0 Fujieda MYFC,2026-05-02
Nagano Parceiro,1.21,1.33,-0.12,0.42,1.33,-0.91,0.78,0.00,0.78,1.21,1.33,-0.12,0,0,0,0.12,34.50,36.12,46.87,0.36,0.54,130,10,7,13,19.44,24.07,24.45,2,4,14,3,9,56.8,27.09,156.53,88.27,109.73,61.02,3,Nagano Parceiro 0-0 Fujieda MYFC,2026-05-02
Renofa Yamaguchi,2.00,1.38,0.62,1.97,1.34,0.63,0.03,0.04,-0.01,2.00,1.38,0.62,1,4,-3,-3.62,60.10,49.7,45.34,0.87,0.58,234,7,11,16,12.64,27.59,11.00,1,3,20,1,10,78.4,50.03,25.0,18.72,28.67,11.6,0,Gainare Tottori 4-1 Renofa Yamaguchi,2026-05-02
Gainare Tottori,1.38,2.00,-0.62,1.34,1.97,-0.63,0.04,0.03,0.01,1.38,2.00,-0.62,4,1,3,3.62,39.90,50.3,50.53,0.58,0.87,191,14,16,11,27.59,12.64,20.95,3,1,20,9,7,78.3,49.97,108.53,81.28,218.49,88.4,5,Gainare Tottori 4-1 Renofa Yamaguchi,2026-05-02
Tegevajaro Miyazaki,0.43,0.95,-0.52,0.43,0.89,-0.46,0.00,0.06,-0.06,0.43,0.95,-0.52,1,1,0,0.52,41.00,43.94,43.80,0.36,0.51,157,7,9,11,25.0,21.57,15.12,7,3,18,3,11,58.7,33.7,125.8,77.56,128.37,63.66,0,Sagan Tosu 1-1 Tegevajaro Miyazaki,2026-05-02
Sagan Tosu,0.95,0.43,0.52,0.89,0.43,0.46,0.06,0.00,0.06,0.95,0.43,0.52,1,1,0,-0.52,59.00,56.06,42.80,0.51,0.36,236,7,11,9,21.57,25.0,15.14,3,7,14,6,12,115.5,66.3,36.4,22.44,73.27,36.34,0,Sagan Tosu 1-1 Tegevajaro Miyazaki,2026-05-02
Osaka,1.45,0.98,0.47,1.37,0.17,1.20,0.08,0.05,0.03,1.45,0.22,1.23,0,0,0,-0.47,46.50,56.74,55.08,0.82,-0.03,216,17,19,6,23.17,-200.0,16.95,7,1,38,8,9,130.4,68.06,81.4,84.27,167.43,83.94,5,Kochi United 0-0 Osaka,2026-05-02
Kochi United,0.98,1.45,-0.47,0.17,1.37,-1.20,0.05,0.08,-0.03,0.22,1.45,-1.23,0,0,0,0.47,53.50,43.26,45.32,-0.03,0.82,178,5,6,19,-200.0,23.17,16.31,1,7,17,3,6,61.2,31.94,15.2,15.73,32.03,16.06,1,Kochi United 0-0 Osaka,2026-05-02
Ehime,1.70,1.12,0.58,0.94,1.02,-0.08,0.00,0.11,-0.11,0.94,1.12,-0.18,6,0,6,5.42,43.60,48.53,49.78,0.41,0.44,217,9,10,12,24.39,27.27,14.06,8,4,9,2,10,85.8,50.06,88.67,83.65,202.23,95.42,0,Tokushima Vortis 0-6 Ehime,2026-05-02
Tokushima Vortis,1.12,1.70,-0.58,1.02,0.94,0.08,0.11,0.00,0.11,1.12,0.94,0.18,0,6,-6,-5.42,56.40,51.47,42.62,0.44,0.41,173,13,12,10,27.27,24.39,15.33,4,8,23,7,9,85.6,49.94,17.33,16.35,9.7,4.58,0,Tokushima Vortis 0-6 Ehime,2026-05-02
Consadole Sapporo,2.44,0.60,1.84,1.68,0.58,1.10,0.00,0.01,-0.01,1.68,0.60,1.08,3,0,3,1.16,49.30,36.08,40.18,0.61,0.95,138,8,11,11,18.03,11.58,15.33,2,5,9,1,10,47.2,28.5,47.8,44.45,64.3,32.75,1,Gifu 0-3 Consadole Sapporo,2026-05-02
Gifu,0.60,2.44,-1.84,0.58,1.68,-1.10,0.01,0.00,0.01,0.60,1.68,-1.08,0,3,-3,-1.16,50.70,63.92,48.02,0.95,0.61,214,15,11,11,11.58,18.03,10.97,5,2,20,1,15,118.4,71.5,59.73,55.55,132.03,67.25,1,Gifu 0-3 Consadole Sapporo,2026-05-02
Iwaki,0.99,0.59,0.40,0.60,0.47,0.13,0.38,0.12,0.26,0.99,0.59,0.40,1,1,0,-0.40,53.00,59.52,51.65,0.77,0.73,192,15,12,7,15.58,9.59,9.97,9,4,25,5,14,119.3,73.01,35.93,45.68,97.63,69.81,5,Júbilo Iwata 1-1 Iwaki,2026-05-02
Júbilo Iwata,0.59,0.99,-0.40,0.47,0.60,-0.13,0.12,0.38,-0.26,0.59,0.99,-0.40,1,1,0,0.40,47.00,40.48,42.79,0.73,0.77,133,10,7,12,9.59,15.58,10.41,4,9,15,3,10,44.1,26.99,42.73,54.32,42.23,30.19,4,Júbilo Iwata 1-1 Iwaki,2026-05-02
Tochigi City,1.33,1.64,-0.31,1.17,1.52,-0.35,0.15,0.12,0.03,1.33,1.64,-0.31,2,1,1,1.31,41.10,25.76,39.66,0.51,1.29,107,9,11,15,21.57,11.63,13.16,2,6,13,4,10,40.3,15.27,46.4,52.37,45.33,20.99,2,Shonan Bellmare 1-2 Tochigi City,2026-05-02
Shonan Bellmare,1.64,1.33,0.31,1.52,1.17,0.35,0.12,0.15,-0.03,1.64,1.33,0.31,1,2,-1,-1.31,58.90,74.24,53.94,1.29,0.51,295,32,15,11,11.63,21.57,7.85,6,2,35,6,18,223.6,84.73,42.2,47.63,170.63,79.01,5,Shonan Bellmare 1-2 Tochigi City,2026-05-02
Sagamihara,1.06,3.99,-2.93,1.06,3.42,-2.36,0.00,0.58,-0.58,1.06,3.99,-2.93,3,3,0,2.93,27.60,32.93,49.25,0.27,1.39,93,7,8,27,29.63,19.42,11.97,3,0,6,0,22,12.3,5.25,110.87,98.05,68.77,49.49,5,Yokohama 3-3 Sagamihara,2026-05-02
Yokohama,3.99,1.06,2.93,3.42,1.06,2.36,0.58,0.00,0.58,3.99,1.06,2.93,3,3,0,-2.93,72.40,67.07,49.53,1.39,0.27,257,24,27,8,19.42,29.63,5.10,0,3,26,10,13,221.9,94.75,2.2,1.95,70.2,50.51,4,Yokohama 3-3 Sagamihara,2026-05-02
Blaublitz Akita,3.02,1.87,1.15,2.24,1.51,0.73,0.79,0.36,0.43,3.02,1.87,1.15,3,1,2,0.85,34.50,50.64,54.18,0.67,0.93,121,20,12,18,17.91,19.35,14.43,7,1,18,8,7,74.8,42.21,103.6,99.74,169.7,91.55,0,Vegalta Sendai 1-3 Blaublitz Akita,2026-05-02
Vegalta Sendai,1.87,3.02,-1.15,1.51,2.24,-0.73,0.36,0.79,-0.43,1.87,3.02,-1.15,1,3,-2,-0.85,65.50,49.36,46.01,0.93,0.67,190,20,18,12,19.35,17.91,6.21,1,7,24,9,13,102.4,57.79,0.27,0.26,15.67,8.45,2,Vegalta Sendai 1-3 Blaublitz Akita,2026-05-02
Fukushima United,1.57,0.49,1.08,1.22,0.44,0.78,0.35,0.05,0.30,1.57,0.49,1.08,3,1,2,0.92,58.50,56.48,43.68,0.69,0.68,191,19,18,9,26.09,13.24,10.77,7,2,19,9,11,131.7,76.57,13.6,11.94,106.97,64.8,0,Nagano Parceiro 1-3 Fukushima United,2026-04-29
Nagano Parceiro,0.49,1.57,-1.08,0.44,1.22,-0.78,0.05,0.35,-0.30,0.49,1.57,-1.08,1,3,-2,-0.92,41.50,43.52,44.30,0.68,0.69,152,9,9,18,13.24,26.09,15.07,2,7,13,3,13,40.3,23.43,100.33,88.06,58.1,35.2,2,Nagano Parceiro 1-3 Fukushima United,2026-04-29
Júbilo Iwata,1.18,0.73,0.45,0.20,0.71,-0.51,0.22,0.03,0.19,0.42,0.73,-0.31,1,1,0,-0.45,55.60,40.77,41.71,0.6,0.2,128,11,7,14,11.67,70.0,8.63,1,3,14,5,13,57.4,35.99,13.8,12.23,34.5,16.16,1,Matsumoto Yamaga 1-1 Júbilo Iwata,2026-04-29
Matsumoto Yamaga,0.73,1.18,-0.45,0.71,0.20,0.51,0.03,0.22,-0.19,0.73,0.42,0.31,1,1,0,0.45,44.40,59.23,51.22,0.2,0.6,180,11,14,7,70.0,11.67,9.51,3,1,24,9,17,102.1,64.01,99.07,87.77,178.97,83.84,11,Matsumoto Yamaga 1-1 Júbilo Iwata,2026-04-29
Imabari,1.53,0.77,0.76,1.49,0.71,0.78,0.04,0.07,-0.03,1.53,0.77,0.76,2,0,2,1.24,35.00,41.8,49.88,0.44,0.95,173,13,13,11,29.55,11.58,17.92,4,1,15,5,7,74.1,33.15,119.0,86.19,149.73,72.18,3,Ehime 0-2 Imabari,2026-04-29
Ehime,0.77,1.53,-0.76,0.71,1.49,-0.78,0.07,0.04,0.03,0.77,1.53,-0.76,0,2,-2,-1.24,65.00,58.2,48.38,0.95,0.44,279,15,11,13,11.58,29.55,10.52,1,4,26,7,11,149.4,66.85,19.07,13.81,57.7,27.82,0,Ehime 0-2 Imabari,2026-04-29
Giravanz Kitakyushu,0.58,1.09,-0.51,0.54,1.09,-0.55,0.04,0.00,0.04,0.58,1.09,-0.51,0,3,-3,-2.49,63.70,56.89,48.89,0.34,0.78,290,7,15,14,44.12,17.95,9.19,5,4,15,4,9,113.2,64.06,14.27,10.88,40.43,29.63,0,Tegevajaro Miyazaki 3-0 Giravanz Kitakyushu,2026-04-29
Tegevajaro Miyazaki,1.09,0.58,0.51,1.09,0.54,0.55,0.00,0.04,-0.04,1.09,0.58,0.51,3,0,3,2.49,36.30,43.11,47.89,0.78,0.34,153,14,14,15,17.95,44.12,15.33,4,5,19,5,16,63.5,35.94,116.87,89.12,96.03,70.37,2,Tegevajaro Miyazaki 3-0 Giravanz Kitakyushu,2026-04-29
Roasso Kumamoto,0.40,1.03,-0.63,0.40,0.96,-0.56,0.00,0.06,-0.06,0.40,1.03,-0.63,1,0,1,1.63,37.00,34.9,43.83,0.47,0.85,147,7,10,11,21.28,12.94,16.17,7,6,8,1,11,49.4,29.98,148.33,89.46,149.27,76.92,1,Oita Trinita 0-1 Roasso Kumamoto,2026-04-29
Oita Trinita,1.03,0.40,0.63,0.96,0.40,0.56,0.06,0.00,0.06,1.03,0.40,0.63,0,1,-1,-1.63,63.00,65.1,43.36,0.85,0.47,255,12,11,10,12.94,21.28,18.58,6,7,21,7,5,115.4,70.02,17.47,10.54,44.8,23.08,1,Oita Trinita 0-1 Roasso Kumamoto,2026-04-29
Ryūkyū,1.19,2.42,-1.23,0.44,1.56,-1.12,0.75,0.10,0.65,1.19,1.66,-0.47,0,2,-2,-0.77,55.00,49.02,43.08,0.66,0.92,189,7,11,17,16.67,18.48,14.67,3,7,28,8,9,65.9,34.22,7.47,7.66,24.5,8.9,4,Renofa Yamaguchi 2-0 Ryūkyū,2026-04-29
Renofa Yamaguchi,2.42,1.19,1.23,1.56,0.44,1.12,0.10,0.75,-0.65,1.66,1.19,0.47,2,0,2,0.77,45.00,50.98,51.39,0.92,0.66,198,21,17,11,18.48,16.67,13.77,7,3,20,8,9,126.7,65.78,90.0,92.34,250.77,91.1,1,Renofa Yamaguchi 2-0 Ryūkyū,2026-04-29
Gainare Tottori,1.88,1.20,0.68,1.84,1.20,0.64,0.04,0.00,0.04,1.88,1.20,0.68,3,1,2,1.32,45.10,43.12,46.02,0.4,0.59,175,9,15,12,37.5,20.34,19.52,4,5,15,5,12,74.6,51.06,59.0,65.27,108.43,65.65,1,Reilac Shiga 1-3 Gainare Tottori,2026-04-29
Reilac Shiga,1.20,1.88,-0.68,1.20,1.84,-0.64,0.00,0.04,-0.04,1.20,1.88,-0.68,1,3,-2,-1.32,54.90,56.88,48.44,0.59,0.4,240,10,12,15,20.34,37.5,12.81,5,4,10,1,7,71.5,48.94,31.4,34.73,56.73,34.35,6,Reilac Shiga 1-3 Gainare Tottori,2026-04-29
Kochi United,0.13,0.81,-0.68,0.08,0.54,-0.46,0.05,0.27,-0.22,0.13,0.81,-0.68,0,0,0,0.68,49.10,44.44,43.79,0.32,0.68,180,9,6,9,18.75,13.24,21.00,6,3,18,3,7,75.9,35.04,75.4,52.8,83.5,37.31,1,Nara Club 0-0 Kochi United,2026-04-29
Nara Club,0.81,0.13,0.68,0.54,0.08,0.46,0.27,0.05,0.22,0.81,0.13,0.68,0,0,0,-0.68,50.90,55.56,48.13,0.68,0.32,259,12,9,6,13.24,18.75,16.00,3,6,21,5,10,140.7,64.96,67.4,47.2,140.3,62.69,0,Nara Club 0-0 Kochi United,2026-04-29
Tokushima Vortis,0.62,1.37,-0.75,0.62,1.21,-0.59,0.00,0.16,-0.16,0.62,1.37,-0.75,2,2,0,0.75,54.60,41.1,45.08,0.71,0.96,142,11,10,17,14.08,17.71,13.47,0,7,20,1,10,69.9,36.89,8.93,10.27,37.1,19.9,0,Osaka 2-2 Tokushima Vortis,2026-04-29
Osaka,1.37,0.62,0.75,1.21,0.62,0.59,0.16,0.00,0.16,1.37,0.62,0.75,2,2,0,-0.75,45.40,58.9,56.23,0.96,0.71,199,17,17,10,17.71,14.08,10.03,7,0,33,12,14,119.6,63.11,78.0,89.73,149.37,80.1,3,Osaka 2-2 Tokushima Vortis,2026-04-29
Ventforet Kofu,1.26,2.59,-1.33,1.26,1.79,-0.53,0.00,0.05,-0.05,1.26,1.83,-0.57,2,1,1,2.33,38.00,42.27,49.78,0.79,0.87,159,10,12,15,15.19,17.24,12.81,7,3,18,4,14,92.4,38.25,76.2,89.65,119.27,68.97,1,Omiya Ardija 1-2 Ventforet Kofu,2026-04-29
Omiya Ardija,2.59,1.26,1.33,1.79,1.26,0.53,0.05,0.00,0.05,1.83,1.26,0.57,1,2,-1,-2.33,62.00,57.73,49.84,0.87,0.79,277,14,15,12,17.24,15.19,8.85,3,7,29,8,9,149.2,61.75,8.8,10.35,53.67,31.03,1,Omiya Ardija 1-2 Ventforet Kofu,2026-04-29
Tochigi City,0.71,0.76,-0.05,0.58,0.65,-0.07,0.13,0.11,0.02,0.71,0.76,-0.05,0,1,-1,-0.95,60.90,53.53,46.34,0.62,0.72,182,13,11,11,17.74,15.28,7.88,5,1,32,10,14,84.4,53.42,2.67,3.39,60.5,37.78,2,Sagamihara 1-0 Tochigi City,2026-04-29
Sagamihara,0.76,0.71,0.05,0.65,0.58,0.07,0.11,0.13,-0.02,0.76,0.71,0.05,1,0,1,0.95,39.10,46.47,50.27,0.72,0.62,140,11,11,11,15.28,17.74,11.79,1,5,17,5,16,73.6,46.58,76.2,96.61,99.63,62.22,2,Sagamihara 1-0 Tochigi City,2026-04-29
Vanraure Hachinohe,0.50,2.43,-1.93,0.50,0.84,-0.34,0.00,0.84,-0.84,0.50,1.67,-1.17,1,4,-3,-1.07,29.60,32.09,47.88,0.49,0.88,113,7,5,22,10.2,25.0,15.88,2,2,12,2,18,23.7,8.95,107.6,93.3,32.95,9.89,3,Yokohama 4-1 Vanraure Hachinohe,2026-04-29
Yokohama,2.43,0.50,1.93,0.84,0.50,0.34,0.84,0.00,0.84,1.67,0.50,1.17,4,1,3,1.07,70.40,67.91,51.33,0.88,0.49,274,23,22,5,25.0,10.2,6.48,2,2,16,4,10,241.1,91.05,7.73,6.7,300.15,90.11,5,Yokohama 4-1 Vanraure Hachinohe,2026-04-29
Vegalta Sendai,2.54,0.21,2.33,1.99,0.21,1.78,0.54,0.00,0.54,2.54,0.21,2.33,3,1,2,-0.33,52.20,54.27,42.05,1.17,0.1,167,10,12,5,10.26,50.0,13.22,7,2,17,2,9,89.4,71.86,58.0,62.55,104.73,76.84,5,Thespa Gunma 1-3 Vegalta Sendai,2026-04-29
Thespa Gunma,0.21,2.54,-2.33,0.21,1.99,-1.78,0.00,0.54,-0.54,0.21,2.54,-2.33,1,3,-2,0.33,47.80,45.73,39.57,0.1,1.17,134,4,5,12,50.0,10.26,23.25,2,7,14,4,9,35.0,28.14,34.73,37.45,31.57,23.16,0,Thespa Gunma 1-3 Vegalta Sendai,2026-04-29
Shonan Bellmare,0.57,1.76,-1.19,0.42,1.65,-1.23,0.15,0.10,0.05,0.57,1.76,-1.19,1,1,0,1.19,52.50,45.02,41.40,0.26,0.79,136,6,4,19,15.38,24.05,15.95,1,5,17,5,4,42.5,25.43,37.47,31.47,38.93,18.14,0,Tochigi 1-1 Shonan Bellmare,2026-04-29
Tochigi,1.76,0.57,1.19,1.65,0.42,1.23,0.10,0.15,-0.05,1.76,0.57,1.19,1,1,0,-1.19,47.50,54.98,49.71,0.79,0.26,205,15,19,4,24.05,15.38,13.81,5,1,19,7,15,124.6,74.57,81.6,68.53,175.67,81.86,5,Tochigi 1-1 Shonan Bellmare,2026-04-29
Sagan Tosu,0.39,0.82,-0.43,0.26,0.67,-0.41,0.13,0.15,-0.02,0.39,0.82,-0.43,1,1,0,0.43,74.9,55.71,40.71,0.39,0.44,220,11,11,8,28.21,18.18,12.73,1,2,22,4,8,115.9,78.74,2.0,0.79,28.53,12.47,2,Kagoshima United 1-1 Sagan Tosu,2026-04-29
Kagoshima United,0.82,0.39,0.43,0.67,0.26,0.41,0.15,0.13,0.02,0.82,0.39,0.43,1,1,0,-0.43,25.1,44.29,50.59,0.44,0.39,125,12,8,11,18.18,28.21,30.05,2,1,11,5,11,31.3,21.26,252.73,99.21,200.17,87.53,5,Kagoshima United 1-1 Sagan Tosu,2026-04-29
Zweigen Kanazawa,1.59,1.33,0.26,1.54,1.33,0.21,0.05,0.0,0.05,1.59,1.33,0.26,1,0,1,0.74,44.3,53.75,47.98,0.66,0.82,155,12,15,14,22.73,17.07,19.21,0,2,11,4,9,85.6,55.87,67.53,78.04,120.67,71.36,4,Kamatamare Sanuki 0-1 Zweigen Kanazawa,2026-04-29
Kamatamare Sanuki,1.33,1.59,-0.26,1.33,1.54,-0.21,0.0,0.05,-0.05,1.33,1.59,-0.26,0,1,-1,-0.74,55.7,46.25,43.53,0.82,0.66,168,12,14,15,17.07,22.73,10.79,2,0,7,0,12,67.6,44.13,19.0,21.96,48.43,28.64,4,Kamatamare Sanuki 0-1 Zweigen Kanazawa,2026-04-29
Albirex Niigata,0.23,1.3,-1.07,0.23,1.25,-1.02,0.0,0.06,-0.06,0.23,1.3,-1.07,0,2,-2,-0.93,42.2,43.11,42.77,0.36,0.92,149,6,6,19,16.67,20.65,15.17,5,5,23,5,10,31.2,18.69,67.2,62.65,43.27,21.14,0,Kataller Toyama 2-0 Albirex Niigata,2026-04-29
Kataller Toyama,1.3,0.23,1.07,1.25,0.23,1.02,0.06,0.0,0.06,1.3,0.23,1.07,2,0,2,0.93,57.8,56.89,45.64,0.92,0.36,216,9,19,6,20.65,16.67,11.43,5,5,18,3,13,135.7,81.31,40.07,37.35,161.4,78.86,0,Kataller Toyama 2-0 Albirex Niigata,2026-04-29
Fujieda MYFC,3.31,1.45,1.86,3.25,0.69,2.56,0.05,0.0,0.05,3.31,0.69,2.62,1,2,-1,-2.86,52.8,59.0,46.35,0.82,0.37,243,14,14,5,17.07,13.51,15.29,5,2,13,3,13,149.3,77.36,44.67,42.81,113.43,78.03,1,Consadole Sapporo 2-1 Fujieda MYFC,2026-04-29
Consadole Sapporo,1.45,3.31,-1.86,0.69,3.25,-2.56,0.0,0.05,-0.05,0.69,3.31,-2.62,2,1,1,2.86,47.2,41.0,42.81,0.37,0.82,175,3,5,14,13.51,17.07,17.96,2,5,5,0,9,43.7,22.64,59.67,57.19,31.93,21.97,0,Consadole Sapporo 2-1 Fujieda MYFC,2026-04-29
Montedio Yamagata,0.88,0.61,0.27,0.88,0.56,0.32,0.0,0.04,-0.04,0.88,0.61,0.27,0,2,-2,-2.27,55.3,39.05,46.81,0.58,0.52,166,9,6,13,10.34,25.0,6.19,3,2,13,3,13,56.4,31.14,3.67,4.38,26.03,10.49,0,Blaublitz Akita 2-0 Montedio Yamagata,2026-04-29
Blaublitz Akita,0.61,0.88,-0.27,0.56,0.88,-0.32,0.04,0.0,0.04,0.61,0.88,-0.27,2,0,2,2.27,44.7,60.95,58.23,0.52,0.58,212,10,13,6,25.0,10.34,9.81,2,3,24,5,10,124.7,68.86,80.13,95.62,222.2,89.51,11,Blaublitz Akita 2-0 Montedio Yamagata,2026-04-29
Gifu,1.48,1.49,-0.01,1.37,1.49,-0.12,0.1,0.0,0.1,1.48,1.49,-0.01,1,0,1,1.01,71.1,76.44,54.69,0.98,1.01,433,19,18,10,18.37,9.9,9.62,7,3,27,4,7,314.7,85.19,5.6,3.52,185.7,73.38,1,Iwaki 0-1 Gifu,2026-04-29
Iwaki,1.49,1.48,0.01,1.49,1.37,0.12,0.0,0.1,-0.1,1.49,1.48,0.01,0,1,-1,-1.01,28.9,23.56,41.88,1.01,0.98,92,9,10,18,9.9,18.37,32.4,3,7,5,0,8,54.7,14.81,153.67,96.48,67.37,26.62,3,Iwaki 0-1 Gifu,2026-04-29
Kamatamare Sanuki,0.77,1.89,-1.12,0.36,1.69,-1.33,0.41,0.21,0.2,0.77,1.89,-1.12,0,3,-3,-1.88,37.0,43.34,48.44,0.49,1.19,170,11,11,17,22.45,14.29,22.0,3,1,22,6,8,56.2,24.45,113.87,88.09,66.9,29.83,1,Ehime 3-0 Kamatamare Sanuki,2026-04-26
Ehime,1.89,0.77,1.12,1.69,0.36,1.33,0.21,0.41,-0.2,1.89,0.77,1.12,3,0,3,1.88,63.0,56.66,49.03,1.19,0.49,286,17,17,11,14.29,22.45,16.27,1,3,23,7,8,173.7,75.55,15.4,11.91,157.4,70.17,1,Ehime 3-0 Kamatamare Sanuki,2026-04-26
Tokushima Vortis,0.64,0.6,0.04,0.53,0.58,-0.05,0.12,0.02,0.1,0.64,0.6,0.04,1,2,-1,-1.04,44.1,35.47,47.66,0.39,0.64,170,7,9,15,23.08,23.44,20.33,2,6,23,5,4,71.9,26.4,122.27,69.44,54.0,30.11,0,Kochi United 2-1 Tokushima Vortis,2026-04-26
Kochi United,0.6,0.64,-0.04,0.58,0.53,0.05,0.02,0.12,-0.1,0.6,0.64,-0.04,2,1,1,1.04,55.9,64.53,54.04,0.64,0.39,328,10,15,9,23.44,23.08,13.46,6,2,19,5,8,200.4,73.6,53.8,30.56,125.33,69.89,0,Kochi United 2-1 Tokushima Vortis,2026-04-26
Nagano Parceiro,0.94,0.93,0.01,0.55,0.48,0.07,0.39,0.45,-0.06,0.94,0.93,0.01,1,0,1,0.99,40.6,47.73,49.01,0.24,0.62,145,8,11,13,45.83,20.97,17.47,3,0,16,5,7,57.7,34.59,61.47,81.81,76.53,54.84,6,Matsumoto Yamaga 0-1 Nagano Parceiro,2026-04-26
Matsumoto Yamaga,0.93,0.94,-0.01,0.48,0.55,-0.07,0.45,0.39,0.06,0.93,0.94,-0.01,0,1,-1,-0.99,59.4,52.27,46.31,0.62,0.24,179,6,13,11,20.97,45.83,13.94,0,3,18,6,10,109.1,65.41,13.67,18.19,63.03,45.16,5,Matsumoto Yamaga 0-1 Nagano Parceiro,2026-04-26
Blaublitz Akita,0.19,1.17,-0.98,0.1,1.17,-1.07,0.09,0.0,0.09,0.19,1.17,-0.98,0,1,-1,-0.02,58.3,65.02,54.28,0.48,0.57,197,11,4,10,8.33,17.54,8.17,6,1,23,7,12,77.9,63.44,8.67,27.49,66.83,57.83,7,Vanraure Hachinohe 1-0 Blaublitz Akita,2026-04-26
Vanraure Hachinohe,1.17,0.19,0.98,1.17,0.1,1.07,0.0,0.09,-0.09,1.17,0.19,0.98,1,0,1,0.02,41.7,34.98,43.18,0.57,0.48,86,8,10,4,17.54,8.33,11.15,1,6,12,3,11,44.9,36.56,22.87,72.51,48.73,42.17,2,Vanraure Hachinohe 1-0 Blaublitz Akita,2026-04-26
Oita Trinita,0.24,0.22,0.02,0.24,0.22,0.02,0.0,0.0,0.0,0.24,0.22,0.02,0,0,0,-0.02,52.3,51.65,47.9,0.56,0.29,207,10,8,4,14.29,13.79,9.53,4,1,17,3,13,86.9,60.22,38.6,35.46,65.63,49.19,5,Ryūkyū 0-0 Oita Trinita,2026-04-25
Ryūkyū,0.22,0.24,-0.02,0.22,0.24,-0.02,0.0,0.0,0.0,0.22,0.24,-0.02,0,0,0,0.02,47.7,48.35,46.39,0.29,0.56,179,7,4,8,13.79,14.29,15.14,1,4,14,2,9,57.4,39.78,70.27,64.54,67.8,50.81,2,Ryūkyū 0-0 Oita Trinita,2026-04-25
Shonan Bellmare,1.52,1.41,0.11,0.65,1.37,-0.72,0.12,0.03,0.09,0.76,1.41,-0.65,1,1,0,-0.11,61.2,54.21,46.93,0.86,1.08,199,12,13,13,15.12,12.04,9.95,1,8,17,9,10,70.9,63.25,0.93,1.12,33.6,24.06,1,Sagamihara 1-1 Shonan Bellmare,2026-04-25
Sagamihara,1.41,1.52,-0.11,1.37,0.65,0.72,0.03,0.12,-0.09,1.41,0.76,0.65,1,1,0,0.11,38.8,45.79,52.3,1.08,0.86,153,12,13,13,12.04,15.12,9.37,8,1,23,8,13,41.2,36.75,82.07,98.88,106.03,75.94,4,Sagamihara 1-1 Shonan Bellmare,2026-04-25
Kagoshima United,0.35,0.73,-0.38,0.26,0.72,-0.46,0.09,0.01,0.08,0.35,0.73,-0.38,0,1,-1,-0.62,38.1,48.54,47.1,0.42,0.78,120,6,6,8,14.29,10.26,12.03,3,2,25,5,14,51.8,40.47,98.13,95.03,102.8,74.01,3,Tegevajaro Miyazaki 1-0 Kagoshima United,2026-04-25
Tegevajaro Miyazaki,0.73,0.35,0.38,0.72,0.26,0.46,0.01,0.09,-0.08,0.73,0.35,0.38,1,0,1,0.62,61.9,51.46,41.07,0.78,0.42,143,8,8,6,10.26,14.29,9.22,2,3,23,6,9,76.2,59.53,5.13,4.97,36.1,25.99,0,Tegevajaro Miyazaki 1-0 Kagoshima United,2026-04-25
Reilac Shiga,0.53,0.55,-0.02,0.41,0.53,-0.12,0.12,0.02,0.1,0.53,0.55,-0.02,0,2,-2,-1.98,39.4,36.1,43.04,0.14,0.9,131,4,5,10,35.71,11.11,34.33,1,5,9,5,6,18.9,10.82,86.73,83.83,29.43,16.15,6,Sagan Tosu 2-0 Reilac Shiga,2026-04-25
Sagan Tosu,0.55,0.53,0.02,0.53,0.41,0.12,0.02,0.12,-0.1,0.55,0.53,0.02,2,0,2,1.98,60.6,63.9,48.89,0.9,0.14,258,8,10,5,11.11,35.71,14.85,5,1,23,6,6,155.8,89.18,16.73,16.17,152.77,83.85,1,Sagan Tosu 2-0 Reilac Shiga,2026-04-25
Renofa Yamaguchi,2.25,0.45,1.8,2.22,0.43,1.79,0.04,0.02,0.02,2.25,0.45,1.8,2,2,0,-1.8,47.7,52.03,48.73,1.25,0.67,184,23,18,14,14.4,20.9,11.79,3,1,20,2,14,132.5,60.34,54.93,51.43,127.13,64.93,1,Giravanz Kitakyushu 2-2 Renofa Yamaguchi,2026-04-25
Giravanz Kitakyushu,0.45,2.25,-1.8,0.43,2.22,-1.79,0.02,0.04,-0.02,0.45,2.25,-1.8,2,2,0,1.8,52.3,47.97,47.52,0.67,1.25,198,13,14,18,20.9,14.4,11.8,1,3,24,5,11,87.1,39.66,51.87,48.57,68.67,35.07,2,Giravanz Kitakyushu 2-2 Renofa Yamaguchi,2026-04-25
Roasso Kumamoto,0.79,0.73,0.06,0.57,0.73,-0.16,0.22,0.0,0.22,0.79,0.73,0.06,2,0,2,1.94,43.6,35.98,43.73,0.21,0.88,156,6,15,9,71.43,10.23,18.15,6,5,13,6,8,45.6,24.95,70.6,55.24,71.1,42.3,1,Gainare Tottori 0-2 Roasso Kumamoto,2026-04-25
Gainare Tottori,0.73,0.79,-0.06,0.73,0.57,0.16,0.0,0.22,-0.22,0.73,0.79,-0.06,0,2,-2,-1.94,56.4,64.02,50.46,0.88,0.21,252,24,9,15,10.23,71.43,13.12,5,6,22,3,5,137.2,75.05,57.2,44.76,97.0,57.7,3,Gainare Tottori 0-2 Roasso Kumamoto,2026-04-25
Kataller Toyama,2.17,0.95,1.22,2.17,0.75,1.42,0.0,0.2,-0.2,2.17,0.95,1.22,2,1,1,-0.22,54.0,49.57,47.7,0.64,0.86,199,12,13,20,20.31,23.26,11.5,1,7,13,6,15,72.2,45.18,18.8,23.13,68.53,48.7,3,Imabari 1-2 Kataller Toyama,2026-04-25
Imabari,0.95,2.17,-1.22,0.75,2.17,-1.42,0.2,0.0,0.2,0.95,2.17,-1.22,1,2,-1,0.22,46.0,50.43,52.54,0.86,0.64,198,17,20,13,23.26,20.31,9.94,7,1,15,6,8,87.6,54.82,62.47,76.87,72.2,51.3,4,Imabari 1-2 Kataller Toyama,2026-04-25
Nara Club,0.82,0.92,-0.1,0.78,0.81,-0.03,0.05,0.11,-0.06,0.82,0.92,-0.1,0,1,-1,-0.9,62.2,55.08,49.41,0.44,0.59,331,9,10,12,22.73,20.34,22.15,4,4,29,7,5,134.0,57.68,20.4,12.79,48.63,21.38,0,Zweigen Kanazawa 1-0 Nara Club,2026-04-25
Zweigen Kanazawa,0.92,0.82,0.1,0.81,0.78,0.03,0.11,0.05,0.06,0.92,0.82,0.1,1,0,1,0.9,37.8,44.92,52.34,0.59,0.44,235,13,12,10,20.34,22.73,28.89,4,4,18,5,2,98.3,42.32,139.07,87.21,178.8,78.62,2,Zweigen Kanazawa 1-0 Nara Club,2026-04-25
Osaka,0.7,0.69,0.01,0.55,0.61,-0.06,0.14,0.08,0.06,0.7,0.69,0.01,0,1,-1,-1.01,49.7,61.49,52.31,0.44,0.28,191,13,9,12,20.45,42.86,10.36,3,5,26,8,9,84.6,64.38,56.53,72.47,101.6,72.76,4,Albirex Niigata 1-0 Osaka,2026-04-25
Albirex Niigata,0.69,0.7,-0.01,0.61,0.55,0.06,0.08,0.14,-0.06,0.69,0.7,-0.01,1,0,1,1.01,50.3,38.51,42.55,0.28,0.44,122,4,12,9,42.86,20.45,14.33,5,3,20,6,8,46.8,35.62,21.47,27.53,38.03,27.24,1,Albirex Niigata 1-0 Osaka,2026-04-25
Omiya Ardija,0.85,2.01,-1.16,0.73,1.98,-1.25,0.13,0.03,0.1,0.85,2.01,-1.16,1,1,0,1.16,52.8,51.25,46.52,0.7,0.37,164,7,11,14,15.71,37.84,14.53,0,2,18,6,7,75.0,49.54,19.8,30.59,62.3,39.78,2,Fujieda MYFC 1-1 Omiya Ardija,2026-04-25
Fujieda MYFC,2.01,0.85,1.16,1.98,0.73,1.25,0.03,0.13,-0.1,2.01,0.85,1.16,1,1,0,-1.16,47.2,48.75,47.18,0.37,0.7,145,5,14,11,37.84,15.71,16.06,2,0,11,5,12,76.4,50.46,44.93,69.41,94.33,60.22,6,Fujieda MYFC 1-1 Omiya Ardija,2026-04-25
Ventforet Kofu,1.73,0.37,1.36,1.37,0.35,1.02,0.36,0.03,0.33,1.73,0.37,1.36,1,0,1,-0.36,45.9,52.07,54.25,0.64,0.6,251,18,13,9,20.31,15.0,10.08,11,1,34,8,10,143.7,52.41,71.8,77.82,155.77,72.59,3,Fukushima United 0-1 Ventforet Kofu,2026-04-25
Fukushima United,0.37,1.73,-1.36,0.35,1.37,-1.02,0.03,0.36,-0.33,0.37,1.73,-1.36,0,1,-1,0.36,54.1,47.93,47.92,0.6,0.64,228,10,9,13,15.0,20.31,15.06,1,11,10,5,10,130.5,47.59,20.47,22.18,58.83,27.41,0,Fukushima United 0-1 Ventforet Kofu,2026-04-25
Iwaki,1.11,1.47,-0.36,1.11,1.47,-0.36,0.0,0.0,0.0,1.11,1.47,-0.36,1,2,-1,-0.64,45.7,47.65,48.99,0.32,0.69,165,9,16,15,50.0,21.74,14.45,2,2,18,7,13,53.0,33.12,60.33,73.52,65.27,53.75,11,Consadole Sapporo 2-1 Iwaki,2026-04-25
Consadole Sapporo,1.47,1.11,0.36,1.47,1.11,0.36,0.0,0.0,0.0,1.47,1.11,0.36,2,1,1,0.64,54.3,52.35,47.53,0.69,0.32,176,13,15,16,21.74,50.0,11.24,2,2,16,1,6,107.0,66.88,21.73,26.48,56.17,46.25,3,Consadole Sapporo 2-1 Iwaki,2026-04-25
Yokohama,3.02,1.21,1.81,2.83,1.14,1.69,0.19,0.07,0.12,3.02,1.21,1.81,1,3,-2,-3.81,63.4,55.76,45.63,1.19,0.93,259,18,24,8,20.17,8.6,11.21,2,3,23,9,5,144.5,75.54,15.93,13.42,68.03,41.26,2,Thespa Gunma 3-1 Yokohama,2026-04-25
Thespa Gunma,1.21,3.02,-1.81,1.14,2.83,-1.69,0.07,0.19,-0.12,1.21,3.02,-1.81,3,1,2,3.81,36.6,44.24,47.35,0.93,1.19,154,11,8,24,8.6,20.17,24.52,3,2,20,4,15,46.8,24.46,102.73,86.58,96.87,58.74,1,Thespa Gunma 3-1 Yokohama,2026-04-25
Tochigi,1.66,0.95,0.71,1.6,0.88,0.72,0.06,0.07,-0.01,1.66,0.95,0.71,1,2,-1,-1.71,42.5,65.59,52.21,0.4,0.38,187,7,14,13,35.0,34.21,12.26,4,1,24,6,21,101.4,69.45,104.0,92.75,171.3,90.43,6,Tochigi City 2-1 Tochigi,2026-04-25
Tochigi City,0.95,1.66,-0.71,0.88,1.6,-0.72,0.07,0.06,0.01,0.95,1.66,-0.71,2,1,1,1.71,57.5,34.41,36.02,0.38,0.4,107,5,13,14,34.21,35.0,8.43,1,4,10,4,13,44.6,30.55,8.13,7.25,18.13,9.57,1,Tochigi City 2-1 Tochigi,2026-04-25
Montedio Yamagata,0.67,2.0,-1.33,0.59,1.37,-0.78,0.07,0.63,-0.56,0.67,2.0,-1.33,0,1,-1,0.33,51.7,50.0,41.59,0.39,0.42,117,10,10,16,25.64,38.1,9.12,5,2,4,2,12,47.0,39.4,75.2,70.2,85.1,55.21,3,Vegalta Sendai 1-0 Montedio Yamagata,2026-04-25
Vegalta Sendai,2.0,0.67,1.33,1.37,0.59,0.78,0.63,0.07,0.56,2.0,0.67,1.33,1,0,1,-0.33,48.3,50.0,39.14,0.42,0.39,109,8,16,10,38.1,25.64,9.72,2,5,20,8,17,72.3,60.6,31.93,29.8,69.03,44.79,0,Vegalta Sendai 1-0 Montedio Yamagata,2026-04-25
Gifu,0.76,1.77,-1.01,0.73,1.47,-0.74,0.04,0.3,-0.26,0.76,1.77,-1.01,0,1,-1,0.01,61.4,61.93,50.95,1.26,0.77,324,9,10,10,7.94,12.99,12.0,3,3,30,5,13,133.0,67.96,31.6,21.62,63.47,39.26,2,Júbilo Iwata 1-0 Gifu,2026-04-25
Júbilo Iwata,1.77,0.76,1.01,1.47,0.73,0.74,0.3,0.04,0.26,1.77,0.76,1.01,1,0,1,-0.01,38.6,38.07,45.98,0.77,1.26,149,10,10,10,12.99,7.94,16.81,3,3,20,5,7,62.7,32.04,114.53,78.38,98.2,60.74,1,Júbilo Iwata 1-0 Gifu,2026-04-25
Sagan Tosu,1.21,0.24,0.97,1.18,0.17,1.01,0.03,0.07,-0.04,1.21,0.24,0.97,2,0,2,1.03,50.0,46.13,46.31,0.67,0.34,239,13,11,5,16.42,14.71,23.28,5,7,7,2,7,120.5,55.35,62.07,55.72,139.9,77.35,0,Roasso Kumamoto 0-2 Sagan Tosu,2026-04-19
Roasso Kumamoto,0.24,1.21,-0.97,0.17,1.18,-1.01,0.07,0.03,0.04,0.24,1.21,-0.97,0,2,-2,-1.03,50.0,53.87,44.85,0.34,0.67,227,8,5,11,14.71,16.42,18.12,7,5,13,4,7,97.2,44.65,49.33,44.28,40.97,22.65,3,Roasso Kumamoto 0-2 Sagan Tosu,2026-04-19
Tegevajaro Miyazaki,1.49,0.34,1.15,1.13,0.34,0.79,0.36,0.0,0.36,1.49,0.34,1.15,1,0,1,-0.15,65.0,70.78,47.87,0.55,0.12,287,17,17,3,30.91,25.0,12.04,4,2,28,5,8,212.6,95.64,13.93,12.8,154.97,88.27,3,Gainare Tottori 0-1 Tegevajaro Miyazaki,2026-04-19
Gainare Tottori,0.34,1.49,-1.15,0.34,1.13,-0.79,0.0,0.36,-0.36,0.34,1.49,-1.15,0,1,-1,0.15,35.0,29.22,40.48,0.12,0.55,111,3,3,17,25.0,30.91,17.81,2,4,6,1,15,9.7,4.36,94.87,87.2,20.6,11.73,0,Gainare Tottori 0-1 Tegevajaro Miyazaki,2026-04-19
Oita Trinita,0.84,0.77,0.07,0.84,0.36,0.48,0.0,0.41,-0.41,0.84,0.77,0.07,3,0,3,2.93,49.1,41.55,46.44,0.48,0.7,175,10,11,12,22.92,17.14,9.43,5,7,14,3,11,47.5,29.18,38.2,38.23,35.5,28.88,4,Reilac Shiga 0-3 Oita Trinita,2026-04-19
Reilac Shiga,0.77,0.84,-0.07,0.36,0.84,-0.48,0.41,0.0,0.41,0.77,0.84,-0.07,0,3,-3,-2.93,50.9,58.45,51.89,0.7,0.48,211,10,12,11,17.14,22.92,9.29,7,5,23,7,10,115.3,70.82,61.73,61.77,87.43,71.12,4,Reilac Shiga 0-3 Oita Trinita,2026-04-19
Kochi United,0.86,1.08,-0.22,0.68,1.05,-0.37,0.18,0.03,0.15,0.86,1.08,-0.22,0,4,-4,-3.78,44.4,45.32,46.67,0.77,0.69,210,14,10,17,12.99,24.64,22.21,3,1,16,7,6,56.8,29.2,68.8,57.01,48.77,16.89,1,Kataller Toyama 4-0 Kochi United,2026-04-19
Kataller Toyama,1.08,0.86,0.22,1.05,0.68,0.37,0.03,0.18,-0.15,1.08,0.86,0.22,4,0,4,3.78,55.6,54.68,49.66,0.69,0.77,290,12,17,10,24.64,12.99,19.83,1,3,20,6,8,137.7,70.8,51.87,42.99,240.05,83.11,0,Kataller Toyama 4-0 Kochi United,2026-04-19
Nagano Parceiro,0.06,3.08,-3.02,0.06,2.61,-2.55,0.0,0.47,-0.47,0.06,3.08,-3.02,0,1,-1,2.02,47.9,47.77,49.63,0.26,0.91,154,10,4,21,15.38,23.08,9.76,6,1,11,2,11,45.4,20.8,31.8,55.02,41.3,17.16,6,Iwaki 1-0 Nagano Parceiro,2026-04-19
Iwaki,3.08,0.06,3.02,2.61,0.06,2.55,0.47,0.0,0.47,3.08,0.06,3.02,1,0,1,-2.02,52.1,52.23,54.2,0.91,0.26,197,18,21,4,23.08,15.38,13.94,1,6,23,4,10,172.9,79.2,26.0,44.98,199.4,82.84,6,Iwaki 1-0 Nagano Parceiro,2026-04-19
Gifu,1.69,0.82,0.87,1.56,0.82,0.74,0.13,0.0,0.13,1.69,0.82,0.87,2,1,1,0.13,40.0,52.02,51.19,0.97,0.55,232,15,18,10,18.56,18.18,19.14,8,2,12,3,12,157.7,54.49,149.87,84.23,223.4,85.89,1,Fukushima United 1-2 Gifu,2026-04-19
Fukushima United,0.82,1.69,-0.87,0.82,1.56,-0.74,0.0,0.13,-0.13,0.82,1.69,-0.87,1,2,-1,-0.13,60.0,47.98,43.75,0.55,0.97,259,10,10,18,18.18,18.56,18.41,2,8,7,5,5,131.7,45.51,28.07,15.77,36.7,14.11,0,Fukushima United 1-2 Gifu,2026-04-19
Sagamihara,0.81,0.68,0.13,0.81,0.56,0.25,0.0,0.12,-0.12,0.81,0.68,0.13,2,0,2,1.87,44.1,56.01,52.87,0.96,0.98,159,17,12,6,12.5,6.12,10.61,4,1,24,8,8,127.2,70.86,58.87,84.34,165.73,94.1,3,Tochigi 0-2 Sagamihara,2026-04-19
Tochigi,0.68,0.81,-0.13,0.56,0.81,-0.25,0.12,0.0,0.12,0.68,0.81,-0.13,0,2,-2,-1.87,55.9,43.99,43.22,0.98,0.96,148,7,6,12,6.12,12.5,9.68,1,4,21,9,16,52.3,29.14,10.93,15.66,10.4,5.9,2,Tochigi 0-2 Sagamihara,2026-04-19
Vanraure Hachinohe,0.04,1.62,-1.58,0.04,1.45,-1.41,0.0,0.17,-0.17,0.04,1.62,-1.58,0,1,-1,0.58,41.0,42.59,45.05,0.37,1.2,141,7,3,14,8.11,11.67,12.5,2,3,13,1,18,27.9,15.01,91.33,77.89,19.3,13.06,7,Montedio Yamagata 1-0 Vanraure Hachinohe,2026-04-19
Montedio Yamagata,1.62,0.04,1.58,1.45,0.04,1.41,0.17,0.0,0.17,1.62,0.04,1.58,1,0,1,-0.58,59.0,57.41,47.45,1.2,0.37,221,13,14,3,11.67,8.11,10.81,3,2,22,9,8,158.0,84.99,25.93,22.11,128.5,86.94,3,Montedio Yamagata 1-0 Vanraure Hachinohe,2026-04-19
Júbilo Iwata,2.33,1.04,1.29,2.25,0.99,1.26,0.08,0.05,0.03,2.33,1.04,1.29,2,1,1,-0.29,45.8,49.69,51.03,1.33,1.32,177,17,16,22,12.03,16.67,9.7,4,4,17,3,11,82.9,41.87,50.2,75.6,88.33,45.33,9,Omiya Ardija 1-2 Júbilo Iwata,2026-04-18
Omiya Ardija,1.04,2.33,-1.29,0.99,2.25,-1.26,0.05,0.08,-0.03,1.04,2.33,-1.29,1,2,-1,0.29,54.2,50.31,49.18,1.32,1.33,192,19,22,16,16.67,12.03,11.0,4,4,26,5,12,115.1,58.13,16.2,24.4,106.53,54.67,0,Omiya Ardija 1-2 Júbilo Iwata,2026-04-18
Yokohama,2.37,0.37,2.0,0.7,0.28,0.42,0.16,0.09,0.07,0.85,0.37,0.48,3,1,2,0.0,67.5,56.03,48.75,0.07,0.31,180,6,14,7,200.0,22.58,5.36,4,1,15,8,8,102.4,75.35,7.67,8.03,57.53,59.99,0,Blaublitz Akita 1-3 Yokohama,2026-04-19
Blaublitz Akita,0.37,2.37,-2.0,0.28,0.7,-0.42,0.09,0.16,-0.07,0.37,0.85,-0.48,1,3,-2,0.0,32.5,43.97,53.42,0.31,0.07,97,9,7,14,22.58,200.0,12.58,1,4,9,1,18,33.5,24.65,87.8,91.97,38.37,40.01,10,Blaublitz Akita 1-3 Yokohama,2026-04-19
Giravanz Kitakyushu,1.74,0.44,1.3,1.6,0.34,1.26,0.14,0.1,0.04,1.74,0.44,1.3,2,0,2,0.7,48.0,51.97,48.24,0.67,0.78,191,14,11,8,16.42,10.26,13.38,5,0,12,5,8,87.0,48.31,60.0,63.42,115.6,65.09,0,Ryūkyū 0-2 Giravanz Kitakyushu,2026-04-18
Ryūkyū,0.44,1.74,-1.3,0.34,1.6,-1.26,0.1,0.14,-0.04,0.44,1.74,-1.3,0,2,-2,-0.7,52.0,48.03,42.55,0.78,0.67,163,11,8,11,10.26,16.42,22.93,0,5,14,4,8,93.1,51.69,34.6,36.58,62.0,34.91,1,Ryūkyū 0-2 Giravanz Kitakyushu,2026-04-18
Zweigen Kanazawa,0.79,0.97,-0.18,0.79,0.95,-0.16,0.0,0.03,-0.03,0.79,0.97,-0.18,1,2,-1,-0.82,44.6,58.94,54.46,0.57,0.44,279,12,8,7,14.04,15.91,15.32,1,3,25,5,14,125.3,70.39,75.13,68.42,142.27,76.5,4,Tokushima Vortis 2-1 Zweigen Kanazawa,2026-04-18
Tokushima Vortis,0.97,0.79,0.18,0.95,0.79,0.16,0.03,0.0,0.03,0.97,0.79,0.18,2,1,1,0.82,55.4,41.06,45.5,0.44,0.57,213,9,7,8,15.91,14.04,13.0,3,1,20,4,9,52.7,29.61,34.67,31.58,43.7,23.5,0,Tokushima Vortis 2-1 Zweigen Kanazawa,2026-04-18
Kamatamare Sanuki,0.64,0.63,0.01,0.42,0.32,0.1,0.22,0.31,-0.09,0.64,0.63,0.01,1,1,0,-0.01,29.5,47.35,51.98,0.25,0.67,137,9,8,9,32.0,13.43,20.6,5,1,15,3,12,50.8,35.85,176.67,96.23,177.17,92.18,6,Nara Club 1-1 Kamatamare Sanuki,2026-04-18
Nara Club,0.63,0.64,-0.01,0.32,0.42,-0.1,0.31,0.22,0.09,0.63,0.64,-0.01,1,1,0,0.01,70.5,52.65,43.85,0.67,0.25,249,15,9,8,13.43,32.0,6.76,1,5,21,7,10,90.9,64.15,6.93,3.77,15.03,7.82,0,Nara Club 1-1 Kamatamare Sanuki,2026-04-18
Imabari,0.4,0.49,-0.09,0.36,0.38,-0.02,0.05,0.11,-0.06,0.4,0.49,-0.09,0,1,-1,-0.91,49.7,41.62,43.71,0.78,0.48,177,7,14,7,17.95,14.58,18.42,4,3,26,9,6,81.1,43.58,66.67,54.67,72.8,40.69,1,Albirex Niigata 1-0 Imabari,2026-04-18
Albirex Niigata,0.49,0.4,0.09,0.38,0.36,0.02,0.11,0.05,0.06,0.49,0.4,0.09,1,0,1,0.91,50.3,58.38,47.93,0.48,0.78,214,10,7,14,14.58,17.95,16.91,3,4,25,4,7,105.0,56.42,55.27,45.33,106.1,59.31,0,Albirex Niigata 1-0 Imabari,2026-04-18
Fujieda MYFC,1.15,1.25,-0.1,1.14,1.18,-0.04,0.01,0.08,-0.07,1.15,1.25,-0.1,1,0,1,1.1,46.8,39.29,40.98,0.58,0.77,120,13,13,9,22.41,11.69,15.14,1,1,10,5,12,61.4,41.21,51.73,56.23,61.27,51.76,3,Ventforet Kofu 0-1 Fujieda MYFC,2026-04-18
Ventforet Kofu,1.25,1.15,0.1,1.18,1.14,0.04,0.08,0.01,0.07,1.25,1.15,0.1,0,1,-1,-1.1,53.2,60.71,48.85,0.77,0.58,210,9,9,13,11.69,22.41,10.26,1,1,20,2,14,87.6,58.79,40.27,43.77,57.1,48.24,1,Ventforet Kofu 0-1 Fujieda MYFC,2026-04-18
Thespa Gunma,1.71,2.17,-0.46,0.81,1.99,-1.18,0.89,0.18,0.71,1.71,2.17,-0.46,2,1,1,1.46,56.6,47.35,44.6,0.58,1.0,237,12,16,15,27.59,15.0,18.89,2,3,16,3,9,110.0,47.89,19.27,14.82,67.67,26.45,0,Shonan Bellmare 1-2 Thespa Gunma,2026-04-18
Shonan Bellmare,2.17,1.71,0.46,1.99,0.81,1.18,0.18,0.89,-0.71,2.17,1.71,0.46,1,2,-1,-1.46,43.4,52.65,47.02,1.0,0.58,197,12,15,16,15.0,27.59,26.78,3,2,10,6,5,119.7,52.11,110.73,85.18,188.13,73.55,0,Shonan Bellmare 1-2 Thespa Gunma,2026-04-18
Tochigi City,0.16,3.08,-2.92,0.16,2.13,-1.97,0.0,0.19,-0.19,0.16,2.32,-2.16,0,5,-5,-2.08,53.3,44.94,42.95,0.35,0.81,164,4,3,21,8.57,25.93,9.76,8,12,10,2,12,26.2,17.65,16.87,18.19,2.1,0.94,0,Vegalta Sendai 5-0 Tochigi City,2026-04-18
Vegalta Sendai,3.08,0.16,2.92,2.13,0.16,1.97,0.19,0.0,0.19,2.32,0.16,2.16,5,0,5,2.08,46.7,55.06,46.02,0.81,0.35,181,8,21,3,25.93,8.57,11.03,12,8,25,7,10,122.2,82.35,75.87,81.81,221.35,99.06,5,Vegalta Sendai 5-0 Tochigi City,2026-04-18
Kagoshima United,0.65,1.12,-0.47,0.43,1.12,-0.69,0.22,0.0,0.22,0.65,1.12,-0.47,1,2,-1,-0.53,57.1,62.31,53.01,0.31,0.83,196,12,11,7,35.48,8.43,7.62,3,3,33,10,14,114.3,82.17,19.13,33.02,81.56,48.81,6,Renofa Yamaguchi 2-1 Kagoshima United,2026-04-18
Renofa Yamaguchi,1.12,0.65,0.47,1.12,0.43,0.69,0.0,0.22,-0.22,1.12,0.65,0.47,2,1,1,0.53,42.9,37.69,45.99,0.83,0.31,111,13,7,11,8.43,35.48,10.96,3,3,8,1,15,24.8,17.83,38.8,66.98,85.54,51.19,1,Renofa Yamaguchi 2-1 Kagoshima United,2026-04-18
Matsumoto Yamaga,0.86,1.68,-0.82,0.79,0.52,0.27,0.06,0.4,-0.34,0.86,0.92,-0.06,1,2,-1,-0.18,41.0,44.16,46.02,0.47,0.29,120,8,10,11,21.28,37.93,10.57,6,0,15,5,14,54.7,40.01,68.0,87.86,67.53,52.04,0,Consadole Sapporo 2-1 Matsumoto Yamaga,2026-04-18
Consadole Sapporo,1.68,0.86,0.82,0.52,0.79,-0.27,0.4,0.06,0.34,0.92,0.86,0.06,2,1,1,0.18,59.0,55.84,48.19,0.29,0.47,189,5,11,10,37.93,21.28,13.31,0,6,17,7,6,82.0,59.99,9.4,12.14,62.23,47.96,2,Consadole Sapporo 2-1 Matsumoto Yamaga,2026-04-18
Ehime,0.35,1.06,-0.71,0.34,1.05,-0.71,0.02,0.01,0.01,0.35,1.06,-0.71,1,0,1,1.71,44.2,29.3,42.12,0.37,1.1,149,4,8,11,21.62,10.0,16.48,3,7,7,2,9,38.4,21.2,69.2,58.02,17.8,10.0,0,Osaka 0-1 Ehime,2026-04-17
Osaka,1.06,0.35,0.71,1.05,0.34,0.71,0.01,0.02,-0.01,1.06,0.35,0.71,0,1,-1,-1.71,55.8,70.7,51.25,1.1,0.37,280,22,11,8,10.0,21.62,13.11,7,3,24,7,10,142.7,78.8,50.07,41.98,160.27,90.0,2,Osaka 0-1 Ehime,2026-04-17
Gainare Tottori,0.71,1.44,-0.73,0.71,1.27,-0.56,0.0,0.17,-0.17,0.71,1.44,-0.73,1,3,-2,-1.27,61.7,36.01,38.8,0.4,0.94,164,9,6,19,15.0,20.21,12.67,5,6,12,0,4,43.4,21.36,20.73,10.5,6.17,2.05,0,Kagoshima United 3-1 Gainare Tottori,2026-04-12
Kagoshima United,1.44,0.71,0.73,1.27,0.71,0.56,0.17,0.0,0.17,1.44,0.71,0.73,3,1,2,1.27,38.3,63.99,54.22,0.94,0.4,220,16,19,6,20.21,15.0,21.79,6,5,24,7,7,159.8,78.64,176.67,89.5,294.17,97.95,7,Kagoshima United 3-1 Gainare Tottori,2026-04-12
Tegevajaro Miyazaki,1.73,0.08,1.65,1.68,0.06,1.62,0.05,0.01,0.04,1.73,0.08,1.65,5,0,5,3.35,44.2,44.58,44.25,0.55,0.36,194,8,15,4,27.27,11.11,15.48,9,2,18,2,6,67.9,46.48,113.33,66.66,158.13,76.06,0,Roasso Kumamoto 0-5 Tegevajaro Miyazaki,2026-04-12
Roasso Kumamoto,0.08,1.73,-1.65,0.06,1.68,-1.62,0.01,0.05,-0.04,0.08,1.73,-1.65,0,5,-5,-3.35,55.8,55.42,42.65,0.36,0.55,212,6,4,15,11.11,27.27,19.0,2,9,12,4,11,78.2,53.52,56.67,33.34,49.77,23.94,1,Roasso Kumamoto 0-5 Tegevajaro Miyazaki,2026-04-12
Sagan Tosu,0.84,0.39,0.45,0.71,0.39,0.32,0.13,0.0,0.13,0.84,0.39,0.45,1,0,1,0.55,51.6,68.75,51.1,0.98,0.22,240,16,18,3,18.37,13.64,9.62,7,4,19,8,10,194.9,89.08,63.67,56.88,217.53,92.66,1,Giravanz Kitakyushu 0-1 Sagan Tosu,2026-04-12
Giravanz Kitakyushu,0.39,0.84,-0.45,0.39,0.71,-0.32,0.0,0.13,-0.13,0.39,0.84,-0.45,0,1,-1,-0.55,48.4,31.25,38.12,0.22,0.98,114,2,3,18,13.64,18.37,15.23,4,7,9,2,9,23.9,10.92,48.27,43.12,17.23,7.34,3,Giravanz Kitakyushu 0-1 Sagan Tosu,2026-04-12
Ryūkyū,0.88,0.82,0.06,0.79,0.79,0.0,0.08,0.03,0.05,0.88,0.82,0.06,1,2,-1,-1.06,57.7,52.37,49.11,0.57,0.49,231,9,15,12,26.32,24.49,11.86,6,2,25,6,7,108.0,52.4,12.53,14.14,57.7,27.8,2,Reilac Shiga 2-1 Ryūkyū,2026-04-12
Reilac Shiga,0.82,0.88,-0.06,0.79,0.79,0.0,0.03,0.08,-0.05,0.82,0.88,-0.06,2,1,1,1.06,42.3,47.63,50.42,0.49,0.57,166,13,12,15,24.49,26.32,16.04,2,6,16,5,12,98.1,47.6,76.07,85.86,149.83,72.2,4,Reilac Shiga 2-1 Ryūkyū,2026-04-12
Albirex Niigata,0.17,2.96,-2.79,0.15,2.51,-2.36,0.02,0.45,-0.43,0.17,2.96,-2.79,1,2,-1,1.79,50.8,50.52,46.1,0.31,1.04,218,5,4,17,12.9,16.35,16.16,1,4,8,2,9,65.6,33.3,80.13,49.79,103.93,34.55,1,Kochi United 2-1 Albirex Niigata,2026-04-12
Kochi United,2.96,0.17,2.79,2.51,0.15,2.36,0.45,0.02,0.43,2.96,0.17,2.79,2,1,1,-1.79,49.2,49.48,45.73,1.04,0.31,208,9,17,4,16.35,12.9,13.31,4,1,15,7,11,131.4,66.7,80.8,50.21,196.9,65.45,0,Kochi United 2-1 Albirex Niigata,2026-04-12
Nara Club,2.2,2.42,-0.22,1.26,1.81,-0.55,0.18,0.6,-0.42,1.44,2.42,-0.98,2,3,-1,-0.78,51.2,36.23,41.45,0.6,0.86,151,7,13,20,21.67,23.26,11.08,2,9,13,5,9,59.5,25.46,17.47,21.91,30.67,9.66,0,Ehime 3-2 Nara Club,2026-04-12
Ehime,2.42,2.2,0.22,1.81,1.26,0.55,0.6,0.18,0.42,2.42,1.44,0.98,3,2,1,0.78,48.8,63.77,52.21,0.86,0.6,234,18,20,13,23.26,21.67,12.06,9,2,24,7,13,174.2,74.54,62.27,78.09,286.78,90.34,3,Ehime 3-2 Nara Club,2026-04-12
Tokushima Vortis,2.21,0.83,1.38,1.44,0.83,0.61,0.01,0.0,0.01,1.45,0.83,0.62,5,0,5,3.62,50.1,39.62,42.27,0.5,0.48,133,9,12,11,24.0,22.92,12.91,2,6,14,4,10,50.1,34.48,30.6,35.45,101.43,66.91,0,Kamatamare Sanuki 0-5 Tokushima Vortis,2026-04-12
Kamatamare Sanuki,0.83,2.21,-1.38,0.83,1.44,-0.61,0.0,0.01,-0.01,0.83,1.45,-0.62,0,5,-5,-3.62,49.9,60.38,51.54,0.48,0.5,221,12,11,12,22.92,24.0,12.18,6,2,20,7,9,95.2,65.52,55.73,64.55,50.17,33.09,2,Kamatamare Sanuki 0-5 Tokushima Vortis,2026-04-12
Imabari,1.31,1.12,0.19,1.26,1.0,0.26,0.06,0.12,-0.06,1.31,1.12,0.19,0,0,0,-0.19,54.5,56.11,50.14,0.93,1.01,198,15,16,13,17.2,12.87,10.5,5,2,25,4,9,115.3,63.95,25.4,42.85,117.57,60.82,6,Zweigen Kanazawa 0-0 Imabari,2026-04-12
Zweigen Kanazawa,1.12,1.31,-0.19,1.0,1.26,-0.26,0.12,0.06,0.06,1.12,1.31,-0.19,0,0,0,0.19,45.5,43.89,49.43,1.01,0.93,153,18,13,16,12.87,17.2,11.16,2,5,17,4,11,65.0,36.05,33.87,57.15,75.73,39.18,3,Zweigen Kanazawa 0-0 Imabari,2026-04-12
Omiya Ardija,2.16,1.09,1.07,1.15,1.02,0.13,1.01,0.07,0.94,2.16,1.09,1.07,1,4,-3,-4.07,71.1,65.64,47.95,0.96,0.75,256,9,13,17,13.54,22.67,6.8,4,5,21,3,9,171.9,71.98,0.67,0.46,85.36,33.35,0,Matsumoto Yamaga 4-1 Omiya Ardija,2026-04-12
Matsumoto Yamaga,1.09,2.16,-1.07,1.02,1.15,-0.13,0.07,1.01,-0.94,1.09,2.16,-1.07,4,1,3,4.07,28.9,34.36,52.65,0.75,0.96,121,14,17,13,22.67,13.54,12.0,5,4,11,4,14,66.9,28.02,144.13,99.54,170.63,66.65,3,Matsumoto Yamaga 4-1 Omiya Ardija,2026-04-12
Iwaki,1.1,1.22,-0.12,0.98,1.17,-0.19,0.12,0.05,0.07,1.1,1.22,-0.12,3,2,1,1.12,50.6,62.07,55.98,1.72,0.66,231,32,21,8,12.21,12.12,12.22,4,2,22,8,13,161.8,79.24,56.13,61.28,195.1,82.07,5,Fukushima United 2-3 Iwaki,2026-04-12
Fukushima United,1.22,1.1,0.12,1.17,0.98,0.19,0.05,0.12,-0.07,1.22,1.1,0.12,2,3,-1,-1.12,49.4,37.93,46.18,0.66,1.72,162,10,8,21,12.12,12.21,13.39,2,4,9,5,4,42.4,20.76,35.47,38.72,42.63,17.93,0,Fukushima United 2-3 Iwaki,2026-04-12
Vegalta Sendai,1.92,0.82,1.1,1.89,0.71,1.18,0.03,0.11,-0.08,1.92,0.82,1.1,3,0,3,1.9,55.3,45.63,39.69,0.56,0.58,115,10,16,8,28.57,13.79,8.82,4,2,20,6,8,86.8,58.81,15.67,22.24,75.0,51.39,3,Sagamihara 0-3 Vegalta Sendai,2026-04-12
Sagamihara,0.82,1.92,-1.1,0.71,1.89,-1.18,0.11,0.03,0.08,0.82,1.92,-1.1,0,3,-3,-1.9,44.7,54.37,48.59,0.58,0.56,146,7,8,16,13.79,28.57,11.21,2,4,14,4,16,60.8,41.19,54.8,77.76,70.93,48.61,2,Sagamihara 0-3 Vegalta Sendai,2026-04-12
Vanraure Hachinohe,1.66,0.96,0.7,0.89,0.73,0.16,0.01,0.23,-0.22,0.9,0.96,-0.06,4,2,2,1.3,27.2,41.62,43.17,0.79,1.08,103,9,12,10,15.19,9.26,21.96,6,2,17,7,7,35.5,20.54,157.07,99.49,141.63,90.04,4,Tochigi City 2-4 Vanraure Hachinohe,2026-04-12
Tochigi City,0.96,1.66,-0.7,0.73,0.89,-0.16,0.23,0.01,0.22,0.96,0.9,0.06,2,4,-2,-1.3,72.8,58.38,45.19,1.08,0.79,256,16,10,12,9.26,15.19,16.73,2,6,18,5,6,137.3,79.46,0.8,0.51,15.67,9.96,0,Tochigi City 2-4 Vanraure Hachinohe,2026-04-12
Thespa Gunma,1.6,1.66,-0.06,1.49,1.43,0.06,0.12,0.23,-0.11,1.6,1.66,-0.06,1,5,-4,-3.94,58.9,56.62,46.97,0.36,0.72,214,8,11,18,30.56,25.0,8.12,4,2,22,6,8,95.4,47.06,12.13,15.88,63.73,21.7,1,Tochigi 5-1 Thespa Gunma,2026-04-12
Tochigi,1.66,1.6,0.06,1.43,1.49,-0.06,0.23,0.12,0.11,1.66,1.6,0.06,5,1,4,3.94,41.1,43.38,47.29,0.72,0.36,148,12,18,11,25.0,30.56,11.41,2,4,10,3,13,107.3,52.94,64.27,84.12,229.98,78.3,2,Tochigi 5-1 Thespa Gunma,2026-04-12
Yokohama,1.15,0.11,1.04,1.03,0.11,0.92,0.11,0.0,0.11,1.15,0.11,1.04,0,1,-1,-2.04,60.4,55.56,47.57,0.88,0.25,255,15,16,9,18.18,36.0,11.52,0,3,23,5,14,142.0,74.66,21.8,17.68,82.87,52.76,0,Montedio Yamagata 1-0 Yokohama,2026-04-12
Montedio Yamagata,0.11,1.15,-1.04,0.11,1.03,-0.92,0.0,0.11,-0.11,0.11,1.15,-1.04,1,0,1,2.04,39.6,44.44,50.18,0.25,0.88,180,4,9,16,36.0,18.18,14.78,3,0,16,2,13,48.2,25.34,101.53,82.32,74.2,47.24,3,Montedio Yamagata 1-0 Yokohama,2026-04-12
Shonan Bellmare,0.79,1.03,-0.24,0.79,0.88,-0.09,0.0,0.15,-0.15,0.79,1.03,-0.24,1,0,1,1.24,51.7,46.63,46.69,0.45,0.57,155,5,7,14,15.56,24.56,9.32,3,2,6,1,16,77.7,44.12,17.07,30.7,62.87,41.25,1,Blaublitz Akita 0-1 Shonan Bellmare,2026-04-12
Blaublitz Akita,1.03,0.79,0.24,0.88,0.79,0.09,0.15,0.0,0.15,1.03,0.79,0.24,0,1,-1,-1.24,48.3,53.37,51.04,0.57,0.45,171,16,14,7,24.56,15.56,10.88,2,3,26,9,7,98.4,55.88,38.53,69.3,89.53,58.75,6,Blaublitz Akita 0-1 Shonan Bellmare,2026-04-12
Júbilo Iwata,0.94,0.93,0.01,0.94,0.8,0.14,0.0,0.13,-0.13,0.94,0.93,0.01,1,1,0,-0.01,44.4,35.26,40.01,0.65,0.29,99,8,8,12,12.31,41.38,17.94,2,7,14,1,8,33.8,21.85,34.33,59.81,33.8,25.52,3,Nagano Parceiro 1-1 Júbilo Iwata,2026-04-12
Nagano Parceiro,0.93,0.94,-0.01,0.8,0.94,-0.14,0.13,0.0,0.13,0.93,0.94,-0.01,1,1,0,0.01,55.6,64.74,50.88,0.29,0.65,231,9,12,8,41.38,12.31,9.81,7,2,16,6,11,120.9,78.15,23.07,40.19,98.63,74.48,6,Nagano Parceiro 1-1 Júbilo Iwata,2026-04-12
Renofa Yamaguchi,1.16,1.57,-0.41,1.09,1.02,0.07,0.07,0.56,-0.49,1.16,1.57,-0.41,2,1,1,1.41,54.0,50.77,46.7,0.35,0.41,209,8,11,12,31.43,29.27,16.28,5,6,16,7,9,82.8,51.81,28.93,33.1,91.13,55.06,2,Oita Trinita 1-2 Renofa Yamaguchi,2026-04-11
Oita Trinita,1.57,1.16,0.41,1.02,1.09,-0.07,0.56,0.07,0.49,1.57,1.16,0.41,1,2,-1,-1.41,46.0,49.23,48.24,0.41,0.35,192,6,12,11,29.27,31.43,15.0,6,5,19,6,4,77.0,48.19,58.47,66.9,74.37,44.94,4,Oita Trinita 1-2 Renofa Yamaguchi,2026-04-11
Kataller Toyama,1.75,1.54,0.21,0.98,0.87,0.11,0.01,0.67,-0.66,0.99,1.54,-0.55,2,1,1,0.79,59.4,51.46,49.43,1.07,0.29,224,17,12,17,11.21,58.62,10.83,3,8,20,6,10,142.2,59.8,10.13,17.02,123.07,52.53,3,Osaka 1-2 Kataller Toyama,2026-04-11
Osaka,1.54,1.75,-0.21,0.87,0.98,-0.11,0.67,0.01,0.66,1.54,0.99,0.55,1,2,-1,-0.79,40.6,48.54,48.51,0.29,1.07,156,23,17,12,58.62,11.21,11.34,8,3,16,6,13,95.6,40.2,49.4,82.98,111.23,47.47,6,Osaka 1-2 Kataller Toyama,2026-04-11
Fujieda MYFC,1.6,0.95,0.65,0.84,0.81,0.03,0.0,0.15,-0.15,0.84,0.95,-0.11,2,1,1,0.35,52.1,43.67,42.95,0.68,0.88,178,9,10,10,14.71,11.36,13.67,2,8,20,3,13,73.6,38.43,23.8,21.83,40.5,19.98,0,Gifu 1-2 Fujieda MYFC,2026-04-11
Gifu,0.95,1.6,-0.65,0.81,0.84,-0.03,0.15,0.0,0.15,0.95,0.84,0.11,1,2,-1,-0.35,47.9,56.33,50.49,0.88,0.68,236,13,10,10,11.36,14.71,11.25,8,2,15,2,13,117.9,61.57,85.2,78.17,162.2,80.02,2,Gifu 1-2 Fujieda MYFC,2026-04-11
Consadole Sapporo,1.84,0.37,1.47,0.76,0.37,0.39,0.32,0.0,0.32,1.08,0.37,0.71,1,2,-1,-2.47,55.8,60.64,47.29,0.59,0.61,252,13,17,7,28.81,11.48,16.3,3,5,21,8,3,153.7,87.73,58.13,38.98,156.27,76.72,0,Ventforet Kofu 2-1 Consadole Sapporo,2026-04-11
Ventforet Kofu,0.37,1.84,-1.47,0.37,0.76,-0.39,0.0,0.32,-0.32,0.37,1.08,-0.71,2,1,1,2.47,44.2,39.36,42.16,0.61,0.59,156,12,7,17,11.48,28.81,17.24,5,3,16,2,13,21.5,12.27,91.0,61.02,47.43,23.28,1,Ventforet Kofu 2-1 Consadole Sapporo,2026-04-11
Vanraure Hachinohe,1.52,0.39,1.13,1.29,0.39,0.9,0.23,0.0,0.23,1.52,0.39,1.13,3,0,3,1.87,31.6,41.19,49.88,0.52,0.54,140,12,14,7,26.92,12.96,20.0,3,2,20,5,4,73.5,35.25,138.4,97.74,161.7,93.25,10,Tochigi 0-3 Vanraure Hachinohe,2026-04-08
Tochigi,0.39,1.52,-1.13,0.39,1.29,-0.9,0.0,0.23,-0.23,0.39,1.52,-1.13,0,3,-3,-1.87,68.4,58.81,47.93,0.54,0.52,280,7,7,14,12.96,26.92,9.84,2,3,21,3,12,135.0,64.75,3.2,2.26,11.7,6.75,3,Tochigi 0-3 Vanraure Hachinohe,2026-04-08
Giravanz Kitakyushu,0.11,2.86,-2.75,0.11,0.75,-0.64,0.0,2.11,-2.11,0.11,2.86,-2.75,1,1,0,2.75,57.3,33.93,39.0,0.04,0.46,134,1,3,20,75.0,43.48,12.2,1,2,9,1,2,8.3,4.2,4.47,3.5,2.53,0.76,6,Kagoshima United 1-1 Giravanz Kitakyushu,2026-04-05
Kagoshima United,2.86,0.11,2.75,0.75,0.11,0.64,2.11,0.0,2.11,2.86,0.11,2.75,1,1,0,-2.75,42.7,66.07,58.3,0.46,0.04,212,11,20,3,43.48,75.0,21.5,2,1,42,15,13,189.2,95.8,123.27,96.5,332.23,99.24,8,Kagoshima United 1-1 Giravanz Kitakyushu,2026-04-05
Renofa Yamaguchi,0.41,1.83,-1.42,0.31,1.51,-1.2,0.1,0.33,-0.23,0.41,1.83,-1.42,0,3,-3,-1.58,52.2,55.63,46.4,0.3,0.67,191,5,10,16,33.33,23.88,15.43,1,1,21,7,6,89.6,48.28,38.53,49.02,85.07,38.15,1,Tegevajaro Miyazaki 3-0 Renofa Yamaguchi,2026-04-05
Tegevajaro Miyazaki,1.83,0.41,1.42,1.51,0.31,1.2,0.33,0.1,0.23,1.83,0.41,1.42,3,0,3,1.58,47.8,44.37,44.29,0.67,0.3,169,12,16,10,23.88,33.33,14.74,1,1,18,8,10,96.0,51.72,40.07,50.98,137.93,61.85,0,Tegevajaro Miyazaki 3-0 Renofa Yamaguchi,2026-04-05
Oita Trinita,1.17,0.17,1.0,1.15,0.15,1.0,0.02,0.02,0.0,1.17,0.17,1.0,1,0,1,0.0,40.5,49.26,49.51,0.7,0.39,162,8,12,7,17.14,17.95,11.0,4,4,9,2,15,79.4,51.09,84.33,81.04,123.0,84.25,7,Sagan Tosu 0-1 Oita Trinita,2026-04-05
Sagan Tosu,0.17,1.17,-1.0,0.15,1.15,-1.0,0.02,0.02,0.0,0.17,1.17,-1.0,0,1,-1,-0.0,59.5,50.74,44.55,0.39,0.7,187,7,7,12,17.95,17.14,7.57,4,4,16,5,13,76.0,48.91,19.73,18.96,23.0,15.75,2,Sagan Tosu 0-1 Oita Trinita,2026-04-05
Kamatamare Sanuki,0.86,2.21,-1.35,0.74,1.2,-0.46,0.12,1.01,-0.89,0.86,2.21,-1.35,0,2,-2,-0.65,47.9,63.84,52.14,0.28,0.38,178,9,12,10,42.86,26.32,12.77,2,0,15,8,11,86.9,70.36,64.93,77.73,124.53,79.51,7,Kochi United 2-0 Kamatamare Sanuki,2026-04-05
Kochi United,2.21,0.86,1.35,1.2,0.74,0.46,1.01,0.12,0.89,2.21,0.86,1.35,2,0,2,0.65,52.1,36.16,41.37,0.38,0.28,117,5,10,12,26.32,42.86,15.06,0,2,4,2,5,36.6,29.64,18.6,22.27,32.1,20.49,2,Kochi United 2-0 Kamatamare Sanuki,2026-04-05
Osaka,1.75,0.82,0.93,1.73,0.76,0.97,0.01,0.06,-0.05,1.75,0.82,0.93,0,1,-1,-1.93,55.5,66.67,51.93,1.68,0.58,268,19,14,11,8.33,18.97,11.9,3,2,33,7,14,162.4,76.28,36.13,43.82,142.43,69.97,2,Tokushima Vortis 1-0 Osaka,2026-04-05
Tokushima Vortis,0.82,1.75,-0.93,0.76,1.73,-0.97,0.06,0.01,0.05,0.82,1.75,-0.93,1,0,1,1.93,44.5,33.33,39.88,0.58,1.68,112,10,11,14,18.97,8.33,26.0,2,3,14,5,4,50.5,23.72,46.33,56.18,61.13,30.03,0,Tokushima Vortis 1-0 Osaka,2026-04-05
Nara Club,0.89,2.5,-1.61,0.82,2.44,-1.62,0.07,0.06,0.01,0.89,2.5,-1.61,2,5,-3,-1.39,54.4,40.27,44.78,0.58,1.79,219,10,13,25,22.41,13.97,16.1,4,11,17,5,5,63.2,28.44,19.93,24.79,15.57,4.76,0,Kataller Toyama 5-2 Nara Club,2026-04-05
Kataller Toyama,2.5,0.89,1.61,2.44,0.82,1.62,0.06,0.07,-0.01,2.5,0.89,1.61,5,2,3,1.39,45.6,59.73,48.55,1.79,0.58,232,23,25,13,13.97,22.41,15.94,11,4,28,8,8,159.0,71.56,60.47,75.21,311.71,95.24,2,Kataller Toyama 5-2 Nara Club,2026-04-05
Iwaki,3.05,1.02,2.03,3.0,1.02,1.98,0.05,0.0,0.05,3.05,1.02,2.03,2,2,0,-2.03,50.2,51.7,52.94,0.93,0.35,159,16,14,11,15.05,31.43,12.44,3,2,24,4,12,101.4,64.88,22.0,55.56,106.93,68.34,12,Matsumoto Yamaga 2-2 Iwaki,2026-04-05
Matsumoto Yamaga,1.02,3.05,-2.03,1.02,3.0,-1.98,0.0,0.05,-0.05,1.02,3.05,-2.03,2,2,0,2.03,49.8,48.3,44.63,0.35,0.93,125,5,11,14,31.43,15.05,9.09,2,3,16,4,5,54.9,35.12,17.6,44.44,49.53,31.66,3,Matsumoto Yamaga 2-2 Iwaki,2026-04-05
Ehime,0.44,1.86,-1.42,0.32,1.86,-1.54,0.12,0.0,0.12,0.44,1.86,-1.42,1,0,1,2.42,54.3,53.64,50.74,0.42,0.91,258,15,13,20,30.95,21.98,12.84,2,4,13,4,14,128.8,54.37,23.87,29.08,94.5,52.14,0,Imabari 0-1 Ehime,2026-04-05
Imabari,1.86,0.44,1.42,1.86,0.32,1.54,0.0,0.12,-0.12,1.86,0.44,1.42,0,1,-1,-2.42,45.7,46.36,45.94,0.91,0.42,184,10,20,13,21.98,30.95,11.87,4,2,23,5,7,108.1,45.63,58.2,70.92,86.73,47.86,3,Imabari 0-1 Ehime,2026-04-05
Montedio Yamagata,1.38,1.71,-0.33,1.38,1.71,-0.33,0.0,0.0,0.0,1.38,1.71,-0.33,2,0,2,2.33,47.5,42.95,44.07,0.67,1.19,150,8,8,15,11.94,12.61,13.68,4,5,3,1,13,61.5,40.49,25.2,47.79,84.07,55.69,1,Vanraure Hachinohe 0-2 Montedio Yamagata,2026-04-05
Vanraure Hachinohe,1.71,1.38,0.33,1.71,1.38,0.33,0.0,0.0,0.0,1.71,1.38,0.33,0,2,-2,-2.33,52.5,57.05,47.24,1.19,0.67,183,16,15,8,12.61,11.94,10.28,5,4,23,4,14,90.4,59.51,27.53,52.21,66.9,44.31,7,Vanraure Hachinohe 0-2 Montedio Yamagata,2026-04-05
Roasso Kumamoto,0.43,1.4,-0.97,0.43,1.0,-0.57,0.0,0.4,-0.4,0.43,1.4,-0.97,1,0,1,1.97,47.7,53.22,49.88,0.59,0.55,223,11,8,12,13.56,21.82,18.67,4,3,11,5,10,110.9,57.19,79.47,66.3,128.87,74.08,0,Ryūkyū 0-1 Roasso Kumamoto,2026-04-04
Ryūkyū,1.4,0.43,0.97,1.0,0.43,0.57,0.4,0.0,0.4,1.4,0.43,0.97,0,1,-1,-1.97,52.3,46.78,40.73,0.55,0.59,164,14,12,8,21.82,13.56,15.95,3,4,25,7,7,83.0,42.81,40.4,33.7,45.1,25.92,2,Ryūkyū 0-1 Roasso Kumamoto,2026-04-04
Zweigen Kanazawa,1.01,0.26,0.75,0.98,0.26,0.72,0.02,0.0,0.02,1.01,0.26,0.75,0,0,0,-0.75,45.2,51.42,47.79,0.9,0.66,199,11,13,7,14.44,10.61,20.33,1,7,20,10,10,94.7,66.32,93.87,82.39,150.8,83.22,5,Albirex Niigata 0-0 Zweigen Kanazawa,2026-04-04
Albirex Niigata,0.26,1.01,-0.75,0.26,0.98,-0.72,0.0,0.02,-0.02,0.26,1.01,-0.75,0,0,0,0.75,54.8,48.58,42.01,0.66,0.9,177,11,7,13,10.61,14.44,8.97,7,1,14,2,10,48.1,33.68,20.07,17.61,30.4,16.78,1,Albirex Niigata 0-0 Zweigen Kanazawa,2026-04-04
Nagano Parceiro,0.5,0.69,-0.19,0.5,0.69,-0.19,0.0,0.0,0.0,0.5,0.69,-0.19,2,0,2,2.19,29.4,31.67,47.13,0.24,1.08,118,6,6,11,25.0,10.19,15.09,5,5,7,1,16,28.5,13.95,148.8,99.6,103.5,73.46,4,Fujieda MYFC 0-2 Nagano Parceiro,2026-04-04
Fujieda MYFC,0.69,0.5,0.19,0.69,0.5,0.19,0.0,0.0,0.0,0.69,0.5,0.19,0,2,-2,-2.19,70.6,68.33,48.9,1.08,0.24,308,17,11,6,10.19,25.0,5.75,5,5,29,4,8,175.8,86.05,0.6,0.4,37.4,26.54,4,Fujieda MYFC 0-2 Nagano Parceiro,2026-04-04
Ventforet Kofu,2.62,1.32,1.3,2.49,1.19,1.3,0.13,0.13,0.0,2.62,1.32,1.3,0,1,-1,-2.3,64.5,64.41,50.4,1.92,0.82,299,21,19,15,9.9,18.29,12.43,1,4,30,7,13,189.7,73.64,10.2,10.0,115.13,53.29,2,Júbilo Iwata 1-0 Ventforet Kofu,2026-04-04
Júbilo Iwata,1.32,2.62,-1.3,1.19,2.49,-1.3,0.13,0.13,0.0,1.32,2.62,-1.3,1,0,1,2.3,35.5,35.59,45.66,0.82,1.92,150,9,15,19,18.29,9.9,18.83,4,1,15,3,9,67.9,26.36,91.8,90.0,100.93,46.71,0,Júbilo Iwata 1-0 Ventforet Kofu,2026-04-04
Gifu,1.32,2.0,-0.68,1.27,1.9,-0.63,0.05,0.1,-0.05,1.32,2.0,-0.68,0,3,-3,-2.32,52.6,51.62,43.19,0.74,0.74,224,15,18,12,24.32,16.22,24.71,2,9,20,7,5,140.7,54.12,48.2,28.86,71.16,25.92,4,Omiya Ardija 3-0 Gifu,2026-04-04
Omiya Ardija,2.0,1.32,0.68,1.9,1.27,0.63,0.1,0.05,0.05,2.0,1.32,0.68,3,0,3,2.32,47.4,48.38,45.73,0.74,0.74,214,13,12,18,16.22,24.32,12.91,9,2,11,2,7,119.3,45.88,118.8,71.14,203.36,74.08,0,Omiya Ardija 3-0 Gifu,2026-04-04
Fukushima United,0.93,1.18,-0.25,0.84,1.04,-0.2,0.09,0.14,-0.05,0.93,1.18,-0.25,2,0,2,2.25,44.8,39.2,44.13,0.43,0.88,214,8,13,15,30.23,17.05,28.83,0,9,6,2,10,85.3,33.74,115.47,66.13,89.17,50.75,0,Consadole Sapporo 0-2 Fukushima United,2026-04-04
Consadole Sapporo,1.18,0.93,0.25,1.04,0.84,0.2,0.14,0.09,0.05,1.18,0.93,0.25,0,2,-2,-2.25,55.2,60.8,46.63,0.88,0.43,288,17,15,13,17.05,30.23,13.76,9,0,19,5,8,167.5,66.26,59.13,33.87,86.53,49.25,0,Consadole Sapporo 0-2 Fukushima United,2026-04-04
Tochigi,2.03,2.04,-0.01,1.97,1.28,0.69,0.07,0.0,0.07,2.03,1.28,0.75,1,1,0,0.01,44.0,45.43,48.17,0.52,0.33,181,10,12,9,23.08,27.27,11.56,4,1,28,9,13,88.9,47.54,71.93,65.91,88.83,59.17,0,Shonan Bellmare 1-1 Tochigi,2026-04-04
Shonan Bellmare,2.04,2.03,0.01,1.28,1.97,-0.69,0.0,0.07,-0.07,1.28,2.03,-0.75,1,1,0,-0.01,56.0,54.57,47.07,0.33,0.52,220,4,9,12,27.27,23.08,11.0,1,4,11,1,9,98.1,52.46,37.2,34.09,61.3,40.83,0,Shonan Bellmare 1-1 Tochigi,2026-04-04
Blaublitz Akita,1.86,0.39,1.47,0.43,0.25,0.18,1.43,0.13,1.3,1.86,0.39,1.47,2,1,1,-0.47,37.9,43.66,54.14,0.48,0.82,157,8,14,12,29.17,14.63,7.5,5,4,13,6,22,110.5,44.75,91.93,95.9,144.27,66.59,2,Yokohama 1-2 Blaublitz Akita,2026-04-04
Yokohama,0.39,1.86,-1.47,0.25,0.43,-0.18,0.13,1.43,-1.3,0.39,1.86,-1.47,1,2,-1,0.47,62.1,56.34,49.7,0.82,0.48,212,17,12,14,14.63,29.17,5.68,4,5,22,11,9,136.4,55.25,3.93,4.1,72.37,33.41,1,Yokohama 1-2 Blaublitz Akita,2026-04-04
Sagamihara,3.17,0.7,2.47,2.41,0.58,1.83,0.0,0.11,-0.11,2.41,0.7,1.71,0,0,0,-2.47,42.0,59.06,55.37,0.97,0.42,169,14,20,10,20.62,23.81,7.69,6,1,24,7,12,117.6,65.59,72.67,94.87,168.03,79.47,6,Tochigi City 0-0 Sagamihara,2026-04-04
Tochigi City,0.7,3.17,-2.47,0.58,2.41,-1.83,0.11,0.0,0.11,0.7,2.41,-1.71,0,0,0,2.47,58.0,40.94,40.42,0.42,0.97,114,7,10,20,23.81,20.62,7.42,1,6,17,4,15,61.7,34.41,3.93,5.13,43.4,20.53,1,Tochigi City 0-0 Sagamihara,2026-04-04
Thespa Gunma,1.42,1.44,-0.02,1.4,1.3,0.1,0.03,0.14,-0.11,1.42,1.44,-0.02,2,2,0,0.02,51.6,61.13,49.0,0.85,0.61,223,12,13,13,15.29,21.31,12.27,4,4,30,2,16,118.0,67.05,44.73,41.24,103.33,61.82,0,Vegalta Sendai 2-2 Thespa Gunma,2026-04-04
Vegalta Sendai,1.44,1.42,0.02,1.3,1.4,-0.1,0.14,0.03,0.11,1.44,1.42,0.02,2,2,0,-0.02,48.4,38.87,42.23,0.61,0.85,148,8,13,13,21.31,15.29,12.36,4,4,12,3,10,58.0,32.95,63.73,58.76,63.83,38.18,0,Vegalta Sendai 2-2 Thespa Gunma,2026-04-04
Oita Trinita,1.29,1.54,-0.25,1.24,1.44,-0.2,0.05,0.1,-0.05,1.29,1.54,-0.25,1,3,-2,-1.75,47.6,45.63,44.45,0.61,0.78,149,14,20,12,32.79,15.38,15.55,3,6,26,7,10,126.2,51.62,55.0,59.96,102.3,41.62,7,Renofa Yamaguchi 3-1 Oita Trinita,2026-03-29
Renofa Yamaguchi,1.54,1.29,0.25,1.44,1.24,0.2,0.1,0.05,0.05,1.54,1.29,0.25,3,1,2,1.75,52.4,54.37,47.46,0.78,0.61,206,14,12,20,15.38,32.79,13.91,6,3,13,5,7,118.3,48.38,36.73,40.04,143.47,58.38,0,Renofa Yamaguchi 3-1 Oita Trinita,2026-03-29
Sagan Tosu,0.54,0.47,0.07,0.45,0.46,-0.01,0.09,0.01,0.08,0.54,0.47,0.07,2,0,2,1.93,51.7,63.26,48.11,0.59,0.26,216,13,18,8,30.51,30.77,17.39,3,2,18,4,15,165.6,80.9,76.53,67.06,204.73,90.38,0,Gainare Tottori 0-2 Sagan Tosu,2026-03-29
Gainare Tottori,0.47,0.54,-0.07,0.46,0.45,0.01,0.01,0.09,-0.08,0.47,0.54,-0.07,0,2,-2,-1.93,48.3,36.74,37.73,0.26,0.59,99,7,8,18,30.77,30.51,15.36,2,3,6,2,9,39.1,19.1,37.6,32.94,21.8,9.62,0,Gainare Tottori 0-2 Sagan Tosu,2026-03-29
Ryūkyū,0.63,0.56,0.07,0.61,0.53,0.08,0.02,0.03,-0.01,0.63,0.56,0.07,0,1,-1,-1.07,59.9,55.44,45.22,0.24,0.06,183,11,9,12,37.5,200.0,9.43,0,7,16,3,12,68.0,55.51,20.2,17.78,36.13,24.45,2,Giravanz Kitakyushu 1-0 Ryūkyū,2026-03-29
Giravanz Kitakyushu,0.56,0.63,-0.07,0.53,0.61,-0.08,0.03,0.02,0.01,0.56,0.63,-0.07,1,0,1,1.07,40.1,44.56,46.27,0.06,0.24,120,10,12,9,200.0,37.5,10.0,7,0,14,4,13,54.5,44.49,93.4,82.22,111.63,75.55,0,Giravanz Kitakyushu 1-0 Ryūkyū,2026-03-29
Tegevajaro Miyazaki,1.21,0.49,0.72,1.04,0.36,0.68,0.18,0.13,0.05,1.21,0.49,0.72,0,1,-1,-1.72,62.8,61.69,49.43,1.57,0.27,283,20,14,8,8.92,29.63,11.24,3,2,31,6,9,167.4,85.32,15.0,11.97,111.3,61.04,0,Reilac Shiga 1-0 Tegevajaro Miyazaki,2026-03-29
Reilac Shiga,0.49,1.21,-0.72,0.36,1.04,-0.68,0.13,0.18,-0.05,0.49,1.21,-0.72,1,0,1,1.72,37.2,38.31,44.37,0.27,1.57,135,10,8,14,29.63,8.92,19.91,2,3,13,4,11,28.8,14.68,110.33,88.03,71.03,38.96,0,Reilac Shiga 1-0 Tegevajaro Miyazaki,2026-03-29
Kochi United,1.18,1.41,-0.23,1.12,1.41,-0.29,0.05,0.0,0.05,1.18,1.41,-0.23,0,3,-3,-2.77,60.6,72.48,52.17,0.21,0.38,292,13,16,11,76.19,28.95,8.28,9,4,21,8,10,179.6,76.72,30.2,29.61,132.0,65.68,4,Tokushima Vortis 3-0 Kochi United,2026-03-29
Tokushima Vortis,1.41,1.18,0.23,1.41,1.12,0.29,0.0,0.05,-0.05,1.41,1.18,0.23,3,0,3,2.77,39.4,27.52,38.42,0.38,0.21,93,5,11,16,28.95,76.19,15.65,4,9,6,1,13,54.5,23.28,71.8,70.39,68.97,34.32,0,Tokushima Vortis 3-0 Kochi United,2026-03-29
Ehime,1.11,0.81,0.3,1.02,0.34,0.68,0.09,0.47,-0.38,1.11,0.81,0.3,0,1,-1,-1.3,65.9,53.31,44.98,0.5,0.25,219,7,12,11,24.0,44.0,10.94,0,3,17,6,9,122.6,66.7,1.87,1.62,75.9,35.9,1,Kamatamare Sanuki 1-0 Ehime,2026-03-29
Kamatamare Sanuki,0.81,1.11,-0.3,0.34,1.02,-0.68,0.47,0.09,0.38,0.81,1.11,-0.3,1,0,1,1.3,34.1,46.69,49.1,0.25,0.5,147,6,11,12,44.0,24.0,15.07,3,0,17,6,9,61.2,33.3,113.87,98.38,135.5,64.1,3,Kamatamare Sanuki 1-0 Ehime,2026-03-29
Albirex Niigata,0.3,1.39,-1.09,0.2,1.22,-1.02,0.11,0.17,-0.06,0.3,1.39,-1.09,0,0,0,1.09,50.3,36.49,42.49,0.09,0.98,115,8,6,17,66.67,17.35,6.67,1,2,16,3,11,38.0,23.38,4.27,5.83,16.83,9.11,1,Osaka 0-0 Albirex Niigata,2026-03-29
Osaka,1.39,0.3,1.09,1.22,0.2,1.02,0.17,0.11,0.06,1.39,0.3,1.09,0,0,0,-1.09,49.7,63.51,53.17,0.98,0.09,171,19,17,6,17.35,66.67,8.97,2,1,44,12,15,124.5,76.62,68.93,94.17,168.0,90.89,7,Osaka 0-0 Albirex Niigata,2026-03-29
Imabari,0.7,1.97,-1.27,0.68,1.87,-1.19,0.03,0.1,-0.07,0.7,1.97,-1.27,1,1,0,1.27,33.1,32.58,46.7,0.76,0.96,138,7,7,23,9.21,23.96,21.9,5,3,19,7,9,16.2,5.03,104.73,86.32,28.4,10.89,0,Kataller Toyama 1-1 Imabari,2026-03-29
Kataller Toyama,1.97,0.7,1.27,1.87,0.68,1.19,0.1,0.03,0.07,1.97,0.7,1.27,1,1,0,-1.27,66.9,67.42,51.17,0.96,0.76,316,24,23,7,23.96,9.21,9.88,3,5,27,9,10,305.8,94.97,16.6,13.68,232.37,89.11,0,Kataller Toyama 1-1 Imabari,2026-03-29
Júbilo Iwata,1.26,1.11,0.15,1.2,0.69,0.51,0.05,0.42,-0.37,1.26,1.11,0.15,0,1,-1,-1.15,51.9,43.84,46.38,0.39,1.26,149,9,10,11,25.64,8.73,9.46,1,8,22,5,12,58.6,44.73,21.67,48.59,48.93,37.66,9,Iwaki 1-0 Júbilo Iwata,2026-03-29
Iwaki,1.11,1.26,-0.15,0.69,1.2,-0.51,0.42,0.05,0.37,1.11,1.26,-0.15,1,0,1,1.15,48.1,56.16,51.19,1.26,0.39,179,13,11,10,8.73,25.64,8.97,8,1,20,7,12,72.4,55.27,22.93,51.41,81.0,62.34,5,Iwaki 1-0 Júbilo Iwata,2026-03-29
Matsumoto Yamaga,1.19,0.97,0.22,1.15,0.1,1.05,0.04,0.1,-0.06,1.19,0.21,0.98,3,1,2,1.78,28.4,36.97,55.18,0.52,0.59,143,14,17,7,32.69,11.86,13.18,11,1,11,2,15,88.9,36.98,174.8,97.8,248.57,88.41,5,Fukushima United 1-3 Matsumoto Yamaga,2026-03-29
Fukushima United,0.97,1.19,-0.22,0.1,1.15,-1.05,0.1,0.04,0.06,0.21,1.19,-0.98,1,3,-2,-1.78,71.6,63.03,46.47,0.59,0.52,270,17,7,17,11.86,32.69,6.96,1,11,11,4,6,151.5,63.02,3.93,2.2,32.6,11.59,2,Fukushima United 1-3 Matsumoto Yamaga,2026-03-29
Tochigi City,1.56,1.34,0.22,0.69,1.26,-0.57,0.11,0.08,0.03,0.8,1.34,-0.54,2,1,1,0.78,37.9,39.03,44.88,0.62,0.63,126,8,9,19,14.52,30.16,21.36,1,6,20,4,10,54.6,29.47,112.8,87.49,120.57,74.49,0,Montedio Yamagata 1-2 Tochigi City,2026-03-29
Montedio Yamagata,1.34,1.56,-0.22,1.26,0.69,0.57,0.08,0.11,-0.03,1.34,0.8,0.54,1,2,-1,-0.78,62.1,60.97,45.32,0.63,0.62,235,14,19,9,30.16,14.52,9.23,6,1,20,6,7,130.7,70.53,16.13,12.51,41.3,25.51,0,Montedio Yamagata 1-2 Tochigi City,2026-03-29
Vegalta Sendai,0.44,0.2,0.24,0.44,0.1,0.34,0.0,0.1,-0.1,0.44,0.2,0.24,0,0,0,-0.24,58.7,42.0,41.92,0.14,0.31,123,1,7,6,50.0,19.35,6.93,2,3,16,4,14,38.5,41.62,2.13,2.86,20.9,16.38,1,Blaublitz Akita 0-0 Vegalta Sendai,2026-03-29
Blaublitz Akita,0.2,0.44,-0.24,0.1,0.44,-0.34,0.1,0.0,0.1,0.2,0.44,-0.24,0,0,0,0.24,41.3,58.0,51.71,0.31,0.14,132,8,6,7,19.35,50.0,10.97,3,2,22,3,18,54.0,58.38,72.4,97.14,106.67,83.62,3,Blaublitz Akita 0-0 Vegalta Sendai,2026-03-29
Kagoshima United,1.57,0.4,1.17,0.8,0.36,0.44,0.01,0.04,-0.03,0.81,0.4,0.41,1,0,1,-0.17,39.1,58.36,51.91,1.16,0.57,179,18,14,7,12.07,12.28,18.0,8,1,17,3,7,132.2,66.7,129.0,96.65,213.33,97.53,8,Roasso Kumamoto 0-1 Kagoshima United,2026-03-29
Roasso Kumamoto,0.4,1.57,-1.17,0.36,0.8,-0.44,0.04,0.01,0.03,0.4,0.81,-0.41,0,1,-1,0.17,60.9,41.64,39.68,0.57,1.16,158,8,7,14,12.28,12.07,15.67,1,8,13,3,8,66.0,33.3,4.47,3.35,5.4,2.47,1,Roasso Kumamoto 0-1 Kagoshima United,2026-03-29
Sagamihara,0.68,1.61,-0.93,0.62,0.67,-0.05,0.06,0.18,-0.12,0.68,0.85,-0.17,2,2,0,0.93,43.8,40.72,47.02,0.54,0.12,145,11,9,13,16.67,108.33,9.58,5,5,14,6,10,46.1,34.95,24.4,62.77,66.5,46.58,7,Vanraure Hachinohe 2-2 Sagamihara,2026-03-29
Vanraure Hachinohe,1.61,0.68,0.93,0.67,0.62,0.05,0.18,0.06,0.12,0.85,0.68,0.17,2,2,0,-0.93,56.2,59.28,51.04,0.12,0.54,191,17,13,9,108.33,16.67,11.21,5,5,33,10,10,85.8,65.05,14.47,37.23,76.27,53.42,9,Vanraure Hachinohe 2-2 Sagamihara,2026-03-29
Zweigen Kanazawa,1.72,2.71,-0.99,1.07,1.88,-0.81,0.64,0.07,0.57,1.72,1.95,-0.23,1,5,-4,-3.01,56.8,60.0,46.43,0.7,0.38,228,13,21,14,30.0,36.84,14.08,2,1,23,12,13,122.6,64.83,32.0,37.59,97.38,35.51,0,Nara Club 5-1 Zweigen Kanazawa,2026-03-28
Nara Club,2.71,1.72,0.99,1.88,1.07,0.81,0.07,0.64,-0.57,1.95,1.72,0.23,5,1,4,3.01,43.2,40.0,42.47,0.38,0.7,146,7,14,21,36.84,30.0,14.83,1,2,6,1,9,66.5,35.17,53.13,62.41,176.87,64.49,0,Nara Club 5-1 Zweigen Kanazawa,2026-03-28
Nagano Parceiro,0.33,4.38,-4.05,0.31,4.08,-3.77,0.01,0.29,-0.28,0.33,4.38,-4.05,1,5,-4,0.05,27.7,20.56,40.86,0.35,1.64,100,7,6,25,17.14,15.24,19.04,8,5,8,1,7,21.9,5.73,136.33,94.07,23.49,4.96,1,Gifu 5-1 Nagano Parceiro,2026-03-28
Gifu,4.38,0.33,4.05,4.08,0.31,3.77,0.29,0.01,0.28,4.38,0.33,4.05,5,1,4,-0.05,72.3,79.44,52.73,1.64,0.35,396,36,25,6,15.24,17.14,15.06,5,8,36,11,6,360.2,94.27,8.6,5.93,450.18,95.04,0,Gifu 5-1 Nagano Parceiro,2026-03-28
Consadole Sapporo,0.79,1.09,-0.3,0.66,0.87,-0.21,0.13,0.23,-0.1,0.79,1.09,-0.3,1,1,0,0.3,57.5,57.89,47.75,0.55,0.69,262,9,11,13,20.0,18.84,9.74,6,3,16,3,13,109.0,62.32,26.53,26.18,67.47,50.31,0,Fujieda MYFC 1-1 Consadole Sapporo,2026-03-28
Fujieda MYFC,1.09,0.79,0.3,0.87,0.66,0.21,0.23,0.13,0.1,1.09,0.79,0.3,1,1,0,-0.3,42.5,42.11,44.52,0.69,0.55,154,10,13,11,18.84,20.0,12.08,3,6,17,6,12,65.9,37.68,74.8,73.82,66.63,49.69,0,Fujieda MYFC 1-1 Consadole Sapporo,2026-03-28
Omiya Ardija,0.7,0.72,-0.02,0.65,0.69,-0.04,0.05,0.03,0.02,0.7,0.72,-0.02,1,2,-1,-0.98,64.0,61.49,45.42,0.77,0.28,212,17,19,14,24.68,50.0,11.15,0,4,23,7,9,150.5,72.43,4.4,5.89,91.6,42.21,3,Ventforet Kofu 2-1 Omiya Ardija,2026-03-28
Ventforet Kofu,0.72,0.7,0.02,0.69,0.65,0.04,0.03,0.05,-0.02,0.72,0.7,0.02,2,1,1,0.98,36.0,38.51,44.47,0.28,0.77,112,9,14,19,50.0,24.68,11.17,4,0,12,6,13,57.3,27.57,70.27,94.11,125.43,57.79,1,Ventforet Kofu 2-1 Omiya Ardija,2026-03-28
Shonan Bellmare,0.93,0.85,0.08,0.93,0.81,0.12,0.0,0.04,-0.04,0.93,0.85,0.08,3,1,2,1.92,42.1,32.17,38.58,0.6,0.9,94,6,11,20,18.33,22.22,9.68,6,8,6,0,14,43.7,25.0,46.67,61.51,66.8,44.05,1,Yokohama 1-3 Shonan Bellmare,2026-03-28
Yokohama,0.85,0.93,-0.08,0.81,0.93,-0.12,0.04,0.0,0.04,0.85,0.93,-0.08,1,3,-2,-1.92,57.9,67.83,47.7,0.9,0.6,190,15,20,11,22.22,18.33,6.76,8,6,25,7,13,131.1,75.0,29.2,38.49,84.83,55.95,8,Yokohama 1-3 Shonan Bellmare,2026-03-28
Tochigi,0.62,1.5,-0.88,0.56,1.5,-0.94,0.06,0.0,0.06,0.62,1.5,-0.88,3,1,2,2.88,37.0,42.86,46.68,0.24,0.91,145,6,8,12,33.33,13.19,14.61,5,2,6,1,11,51.1,32.22,93.13,85.5,151.63,90.51,1,Thespa Gunma 1-3 Tochigi,2026-03-28
Thespa Gunma,1.5,0.62,0.88,1.5,0.56,0.94,0.0,0.06,-0.06,1.5,0.62,0.88,1,3,-2,-2.88,63.0,57.14,43.87,0.91,0.24,190,13,12,8,13.19,33.33,10.68,2,5,18,5,12,107.5,67.78,15.8,14.5,15.9,9.49,0,Thespa Gunma 1-3 Tochigi,2026-03-28
Sagan Tosu,1.85,0.38,1.47,1.72,0.33,1.39,0.13,0.04,0.09,1.85,0.38,1.47,2,0,2,0.53,50.1,55.44,49.57,0.65,0.2,246,15,21,4,32.31,20.0,14.62,4,2,12,4,4,182.3,74.26,66.93,59.83,220.03,83.83,3,Reilac Shiga 0-2 Sagan Tosu,2026-03-22
Reilac Shiga,0.38,1.85,-1.47,0.33,1.72,-1.39,0.04,0.13,-0.09,0.38,1.85,-1.47,0,2,-2,-0.53,49.9,44.56,46.35,0.2,0.65,221,4,4,21,20.0,32.31,14.0,2,4,12,1,18,63.2,25.74,44.93,40.17,42.43,16.17,3,Reilac Shiga 0-2 Sagan Tosu,2026-03-22
Giravanz Kitakyushu,0.33,0.19,0.14,0.14,0.19,-0.05,0.19,0.0,0.19,0.33,0.19,0.14,1,0,1,0.86,43.1,46.36,43.28,0.19,0.62,168,4,7,6,36.84,9.68,13.47,4,1,8,2,12,59.2,39.23,101.2,71.03,97.2,67.66,0,Renofa Yamaguchi 0-1 Giravanz Kitakyushu,2026-03-22
Renofa Yamaguchi,0.19,0.33,-0.14,0.19,0.14,0.05,0.0,0.19,-0.19,0.19,0.33,-0.14,0,1,-1,-0.86,56.9,53.64,43.65,0.62,0.19,218,6,6,7,9.68,36.84,10.24,1,4,25,5,14,91.7,60.77,41.27,28.97,46.47,32.34,0,Renofa Yamaguchi 0-1 Giravanz Kitakyushu,2026-03-22
Kagoshima United,0.98,0.39,0.59,0.77,0.11,0.66,0.21,0.28,-0.07,0.98,0.39,0.59,0,0,0,-0.59,43.0,65.79,52.89,0.69,0.24,208,18,16,3,23.19,12.5,12.47,6,3,34,9,11,144.2,83.45,109.47,92.98,219.57,98.75,8,Gainare Tottori 0-0 Kagoshima United,2026-03-22
Gainare Tottori,0.39,0.98,-0.59,0.11,0.77,-0.66,0.28,0.21,0.07,0.39,0.98,-0.59,0,0,0,0.59,57.0,34.21,38.95,0.24,0.69,142,4,3,16,12.5,23.19,11.21,3,6,7,2,6,28.6,16.55,8.27,7.02,2.77,1.25,0,Gainare Tottori 0-0 Kagoshima United,2026-03-22
Tokushima Vortis,0.4,0.35,0.05,0.21,0.32,-0.11,0.19,0.03,0.16,0.4,0.35,0.05,1,2,-1,-1.05,65.3,55.22,45.66,0.53,0.52,189,11,9,12,16.98,23.08,5.84,2,4,29,9,19,71.1,49.2,6.2,5.72,34.0,15.86,0,Imabari 2-1 Tokushima Vortis,2026-03-22
Imabari,0.35,0.4,-0.05,0.32,0.21,0.11,0.03,0.19,-0.16,0.35,0.4,-0.05,2,1,1,1.05,34.7,44.78,51.68,0.52,0.53,139,12,12,9,23.08,16.98,10.11,4,2,17,2,12,73.4,50.8,102.13,94.28,180.4,84.14,0,Imabari 2-1 Tokushima Vortis,2026-03-22
Kochi United,0.38,1.67,-1.29,0.38,1.24,-0.86,0.0,0.43,-0.43,0.38,1.67,-1.29,0,1,-1,0.29,54.0,42.73,40.88,0.65,0.61,199,10,6,12,9.23,19.67,12.72,5,7,8,2,5,51.5,26.77,20.93,16.57,30.4,11.19,1,Ehime 1-0 Kochi United,2026-03-22
Ehime,1.67,0.38,1.29,1.24,0.38,0.86,0.43,0.0,0.43,1.67,0.38,1.29,1,0,1,-0.29,46.0,57.27,50.12,0.61,0.65,267,20,12,6,19.67,9.23,12.71,7,5,18,7,19,140.9,73.23,105.4,83.43,241.37,88.81,0,Ehime 1-0 Kochi United,2026-03-22
Nara Club,2.11,0.57,1.54,1.75,0.57,1.18,0.37,0.0,0.37,2.11,0.57,1.54,1,3,-2,-3.54,70.7,57.35,42.87,0.84,0.9,230,10,9,8,10.71,8.89,6.38,4,8,19,6,10,102.1,60.59,3.93,2.43,43.4,18.55,0,Kamatamare Sanuki 3-1 Nara Club,2026-03-22
Kamatamare Sanuki,0.57,2.11,-1.54,0.57,1.75,-1.18,0.0,0.37,-0.37,0.57,2.11,-1.54,3,1,2,3.54,29.3,42.65,46.66,0.9,0.84,120,11,8,9,8.89,10.71,16.36,8,4,11,2,19,66.4,39.41,157.47,97.57,190.57,81.45,1,Kamatamare Sanuki 3-1 Nara Club,2026-03-22
Osaka,1.13,0.53,0.6,1.13,0.34,0.79,0.0,0.19,-0.19,1.13,0.53,0.6,0,0,0,-0.6,49.3,56.56,52.56,0.66,0.64,220,13,15,5,22.73,7.81,11.89,5,0,21,1,6,102.3,80.42,52.13,78.98,136.67,86.68,3,Zweigen Kanazawa 0-0 Osaka,2026-03-22
Zweigen Kanazawa,0.53,1.13,-0.6,0.34,1.13,-0.79,0.19,0.0,0.19,0.53,1.13,-0.6,0,0,0,0.6,50.7,43.44,44.28,0.64,0.66,159,8,5,15,7.81,22.73,13.85,0,5,17,2,12,24.9,19.58,13.87,21.02,21.0,13.32,6,Zweigen Kanazawa 0-0 Osaka,2026-03-22
Tochigi City,0.79,1.92,-1.13,0.78,1.92,-1.14,0.01,0.0,0.01,0.79,1.92,-1.13,2,3,-1,0.13,62.1,54.33,45.85,0.54,0.5,214,14,10,13,18.52,26.0,9.07,2,2,31,2,8,77.9,46.01,19.53,16.31,54.5,23.79,1,Tochigi 3-2 Tochigi City,2026-03-22
Tochigi,1.92,0.79,1.13,1.92,0.78,1.14,0.0,0.01,-0.01,1.92,0.79,1.13,3,2,1,-0.13,37.9,45.67,47.89,0.5,0.54,147,5,13,10,26.0,18.52,18.44,2,2,11,0,11,91.4,53.99,100.2,83.69,174.63,76.21,0,Tochigi 3-2 Tochigi City,2026-03-22
Vegalta Sendai,1.86,0.23,1.63,1.59,0.23,1.36,0.27,0.0,0.27,1.86,0.23,1.63,1,0,1,-0.63,62.4,83.97,55.5,1.11,0.34,381,17,23,5,20.72,14.71,11.62,8,1,33,12,6,335.8,95.37,33.8,20.28,237.8,97.55,1,Montedio Yamagata 0-1 Vegalta Sendai,2026-03-22
Montedio Yamagata,0.23,1.86,-1.63,0.23,1.59,-1.36,0.0,0.27,-0.27,0.23,1.86,-1.63,0,1,-1,0.63,37.6,16.03,36.29,0.34,1.11,85,4,5,23,14.71,20.72,31.67,1,8,7,1,7,16.3,4.63,132.87,79.72,5.97,2.45,0,Montedio Yamagata 0-1 Vegalta Sendai,2026-03-22
Roasso Kumamoto,0.87,0.16,0.71,0.63,0.16,0.47,0.24,0.0,0.24,0.87,0.16,0.71,0,1,-1,-1.71,57.2,64.09,48.11,0.48,0.22,225,9,14,5,29.17,22.73,12.33,6,6,18,7,10,156.3,78.74,36.27,31.12,143.33,65.4,1,Tegevajaro Miyazaki 1-0 Roasso Kumamoto,2026-03-21
Tegevajaro Miyazaki,0.16,0.87,-0.71,0.16,0.63,-0.47,0.0,0.24,-0.24,0.16,0.87,-0.71,1,0,1,1.71,42.8,35.91,42.98,0.22,0.48,129,1,5,14,22.73,29.17,13.37,6,6,10,1,9,42.2,21.26,80.27,68.88,75.83,34.6,0,Tegevajaro Miyazaki 1-0 Roasso Kumamoto,2026-03-21
Ryūkyū,1.6,2.6,-1.0,1.42,2.5,-1.08,0.19,0.1,0.09,1.6,2.6,-1.0,3,2,1,2.0,43.8,43.17,47.55,0.78,1.36,214,11,15,21,19.23,15.44,16.11,2,3,14,3,10,102.0,36.36,94.67,83.38,141.37,63.99,1,Oita Trinita 2-3 Ryūkyū,2026-03-21
Oita Trinita,2.6,1.6,1.0,2.5,1.42,1.08,0.1,0.19,-0.09,2.6,1.6,1.0,2,3,-1,-2.0,56.2,56.83,45.1,1.36,0.78,265,22,21,15,15.44,19.23,13.92,3,2,20,5,10,178.5,63.64,18.87,16.62,79.57,36.01,2,Oita Trinita 2-3 Ryūkyū,2026-03-21
Omiya Ardija,1.48,0.5,0.98,0.69,0.5,0.19,0.03,0.0,0.03,0.72,0.5,0.22,4,1,3,2.02,58.2,64.79,51.18,0.84,0.39,253,18,16,11,19.05,28.21,8.38,8,7,17,7,13,157.3,88.72,31.8,33.9,161.47,92.56,2,Júbilo Iwata 1-4 Omiya Ardija,2026-03-21
Júbilo Iwata,0.5,1.48,-0.98,0.5,0.69,-0.19,0.0,0.03,-0.03,0.5,0.72,-0.22,1,4,-3,-2.02,41.8,35.21,44.1,0.39,0.84,130,7,11,16,28.21,19.05,12.0,7,8,13,2,8,20.0,11.28,62.0,66.1,12.97,7.44,2,Júbilo Iwata 1-4 Omiya Ardija,2026-03-21
Iwaki,2.05,1.79,0.26,1.26,1.62,-0.36,0.79,0.17,0.62,2.05,1.79,0.26,3,1,2,1.74,52.1,53.23,51.85,0.53,0.59,158,16,12,10,22.64,16.95,8.12,4,4,16,7,12,90.5,64.18,16.87,49.04,99.93,68.01,7,Nagano Parceiro 1-3 Iwaki,2026-03-21
Nagano Parceiro,1.79,2.05,-0.26,1.62,1.26,0.36,0.17,0.79,-0.62,1.79,2.05,-0.26,1,3,-2,-1.74,47.9,46.77,46.52,0.59,0.53,116,11,10,12,16.95,22.64,9.0,4,4,18,7,8,50.5,35.82,17.53,50.96,47.0,31.99,9,Nagano Parceiro 1-3 Iwaki,2026-03-21
Gifu,1.84,0.53,1.31,1.73,0.2,1.53,0.11,0.33,-0.22,1.84,0.53,1.31,2,2,0,-1.31,44.6,43.65,47.29,0.89,0.31,160,15,9,10,10.11,32.26,15.52,5,2,9,4,11,91.5,51.75,35.93,66.29,97.7,62.22,0,Matsumoto Yamaga 2-2 Gifu,2026-03-21
Matsumoto Yamaga,0.53,1.84,-1.31,0.2,1.73,-1.53,0.33,0.11,0.22,0.53,1.84,-1.31,2,2,0,1.31,55.4,56.35,46.69,0.31,0.89,185,5,10,9,32.26,10.11,12.3,2,5,21,5,7,85.3,48.25,18.27,33.71,59.33,37.78,4,Matsumoto Yamaga 2-2 Gifu,2026-03-21
Fujieda MYFC,2.7,1.59,1.11,2.62,1.53,1.09,0.08,0.06,0.02,2.7,1.59,1.11,3,3,0,-1.11,37.3,40.16,47.68,0.89,0.58,162,15,17,16,19.1,27.59,10.53,12,6,26,7,15,87.6,34.49,124.0,96.82,177.83,78.33,2,Fukushima United 3-3 Fujieda MYFC,2026-03-21
Fukushima United,1.59,2.7,-1.11,1.53,2.62,-1.09,0.06,0.08,-0.02,1.59,2.7,-1.11,3,3,0,1.11,62.7,59.84,49.95,0.58,0.89,321,16,16,17,27.59,19.1,7.13,6,12,7,2,7,166.4,65.51,4.07,3.18,49.2,21.67,1,Fukushima United 3-3 Fujieda MYFC,2026-03-21
Ventforet Kofu,0.37,0.3,0.07,0.23,0.27,-0.04,0.13,0.03,0.1,0.37,0.3,0.07,0,1,-1,-1.07,51.1,53.38,46.05,0.45,0.29,194,8,9,8,20.0,27.59,13.17,4,3,31,7,10,81.6,52.34,73.53,54.01,80.9,47.88,2,Consadole Sapporo 1-0 Ventforet Kofu,2026-03-21
Consadole Sapporo,0.3,0.37,-0.07,0.27,0.23,0.04,0.03,0.13,-0.1,0.3,0.37,-0.07,1,0,1,1.07,48.9,46.62,43.63,0.29,0.45,167,4,8,9,27.59,20.0,13.71,3,4,7,2,11,74.3,47.66,62.6,45.99,88.07,52.12,0,Consadole Sapporo 1-0 Ventforet Kofu,2026-03-21
Yokohama,2.68,1.46,1.22,1.83,0.15,1.68,0.85,0.55,0.3,2.68,0.7,1.98,4,2,2,0.78,60.2,54.52,48.42,1.0,0.15,178,11,16,8,16.0,53.33,8.68,1,5,23,10,12,132.9,74.62,17.53,24.85,114.6,58.03,4,Sagamihara 2-4 Yokohama,2026-03-21
Sagamihara,1.46,2.68,-1.22,0.15,1.83,-1.68,0.55,0.85,-0.3,0.7,2.68,-1.98,2,4,-2,-0.78,39.8,45.48,48.94,0.15,1.0,130,3,8,16,53.33,16.0,7.89,5,1,16,7,14,45.2,25.38,53.0,75.15,82.87,41.97,6,Sagamihara 2-4 Yokohama,2026-03-21
Vanraure Hachinohe,0.55,0.1,0.45,0.43,0.1,0.33,0.12,0.0,0.12,0.55,0.1,0.45,0,1,-1,-1.45,53.3,55.99,49.93,0.65,0.3,194,10,9,6,13.85,20.0,8.75,4,2,21,7,11,118.6,66.93,11.0,27.87,104.1,67.48,5,Blaublitz Akita 1-0 Vanraure Hachinohe,2026-03-21
Blaublitz Akita,0.1,0.55,-0.45,0.1,0.43,-0.33,0.0,0.12,-0.12,0.1,0.55,-0.45,1,0,1,1.45,46.7,44.01,49.34,0.3,0.65,144,4,6,9,20.0,13.85,12.41,2,4,18,3,11,58.6,33.07,28.47,72.13,50.17,32.52,5,Blaublitz Akita 1-0 Vanraure Hachinohe,2026-03-21
Kataller Toyama,1.23,2.65,-1.42,0.75,2.49,-1.74,0.48,0.16,0.32,1.23,2.65,-1.42,3,2,1,2.42,34.7,39.08,42.79,0.22,0.67,117,11,19,18,86.36,26.87,18.78,5,5,12,6,12,89.4,41.78,123.47,90.79,164.77,88.54,2,Albirex Niigata 2-3 Kataller Toyama,2026-03-20
Albirex Niigata,2.65,1.23,1.42,2.49,0.75,1.74,0.16,0.48,-0.32,2.65,1.23,1.42,2,3,-1,-2.42,65.3,60.92,44.52,0.67,0.22,238,13,18,19,26.87,86.36,7.53,5,5,20,2,13,124.6,58.22,12.53,9.21,21.33,11.46,2,Albirex Niigata 2-3 Kataller Toyama,2026-03-20
Shonan Bellmare,1.02,0.96,0.06,1.02,0.71,0.31,0.0,0.25,-0.25,1.02,0.96,0.06,2,0,2,1.94,47.1,44.13,46.64,0.5,0.9,168,13,13,10,26.0,11.11,11.72,3,4,13,6,13,64.6,40.63,47.87,62.54,99.57,79.25,0,Thespa Gunma 0-2 Shonan Bellmare,2026-03-20
Thespa Gunma,0.96,1.02,-0.06,0.71,1.02,-0.31,0.25,0.0,0.25,0.96,1.02,-0.06,0,2,-2,-1.94,52.9,55.87,48.5,0.9,0.5,215,16,10,13,11.11,26.0,12.19,4,3,22,7,11,94.4,59.37,28.67,37.46,26.07,20.75,1,Thespa Gunma 0-2 Shonan Bellmare,2026-03-20
Fukushima United,0.54,2.12,-1.58,0.54,2.11,-1.57,0.0,0.01,-0.01,0.54,2.12,-1.58,1,2,-1,0.58,54.2,41.78,43.11,0.57,1.16,218,12,7,19,12.28,16.38,15.68,4,13,16,8,8,40.3,18.02,22.2,16.83,21.0,9.02,0,Gifu 2-1 Fukushima United,2026-03-15
Gifu,2.12,0.54,1.58,2.11,0.54,1.57,0.01,0.0,0.01,2.12,0.54,1.58,2,1,1,-0.58,45.8,58.22,51.39,1.16,0.57,268,19,19,7,16.38,12.28,15.75,13,4,32,4,9,183.4,81.98,109.73,83.17,211.93,90.98,2,Gifu 2-1 Fukushima United,2026-03-15
Reilac Shiga,0.26,1.3,-1.04,0.26,1.05,-0.79,0.0,0.25,-0.25,0.26,1.3,-1.04,0,1,-1,0.04,58.9,39.51,42.12,0.41,1.06,169,6,6,19,14.63,17.92,12.41,1,5,19,5,8,33.0,18.59,6.0,5.82,5.1,1.96,3,Kagoshima United 1-0 Reilac Shiga,2026-03-15
Kagoshima United,1.3,0.26,1.04,1.05,0.26,0.79,0.25,0.0,0.25,1.3,0.26,1.04,1,0,1,-0.04,41.1,60.49,56.17,1.06,0.41,202,22,19,6,17.92,14.63,17.0,5,1,32,9,5,144.5,81.41,97.13,94.18,255.63,98.04,8,Kagoshima United 1-0 Reilac Shiga,2026-03-15
Osaka,0.97,0.31,0.66,0.85,0.28,0.57,0.13,0.04,0.09,0.97,0.31,0.66,1,0,1,0.34,36.9,47.95,53.71,0.65,0.89,166,10,14,10,21.54,11.24,16.92,3,2,31,9,10,67.8,38.33,105.2,95.23,113.67,70.91,5,Ehime 0-1 Osaka,2026-03-15
Ehime,0.31,0.97,-0.66,0.28,0.85,-0.57,0.04,0.13,-0.09,0.31,0.97,-0.66,0,1,-1,-0.34,63.1,52.05,45.97,0.89,0.65,230,24,10,14,11.24,21.54,9.0,2,3,20,4,10,109.1,61.67,5.27,4.77,46.63,29.09,2,Ehime 0-1 Osaka,2026-03-15
Kamatamare Sanuki,0.27,0.4,-0.13,0.27,0.16,0.11,0.0,0.23,-0.23,0.27,0.4,-0.13,0,1,-1,-0.87,30.2,44.1,47.19,0.34,0.42,121,9,6,10,17.65,23.81,13.13,9,4,11,2,18,50.0,32.83,116.33,97.0,89.8,65.13,3,Tokushima Vortis 1-0 Kamatamare Sanuki,2026-03-15
Tokushima Vortis,0.4,0.27,0.13,0.16,0.27,-0.11,0.23,0.0,0.23,0.4,0.27,0.13,1,0,1,0.87,69.8,55.9,41.07,0.42,0.34,190,14,10,6,23.81,17.65,8.5,4,9,18,10,5,102.3,67.17,3.6,3.0,48.07,34.87,0,Tokushima Vortis 1-0 Kamatamare Sanuki,2026-03-15
Thespa Gunma,0.63,0.95,-0.32,0.35,0.86,-0.51,0.28,0.1,0.18,0.63,0.95,-0.32,0,3,-3,-2.68,44.0,32.82,38.69,0.36,0.41,127,3,5,16,13.89,39.02,14.03,2,5,7,1,11,34.0,21.77,62.0,52.84,41.07,18.58,0,Yokohama 3-0 Thespa Gunma,2026-03-15
Yokohama,0.95,0.63,0.32,0.86,0.35,0.51,0.1,0.28,-0.18,0.95,0.63,0.32,3,0,3,2.68,56.0,67.18,45.93,0.41,0.36,228,13,16,5,39.02,13.89,9.49,5,2,29,12,17,122.2,78.23,55.33,47.16,180.03,81.42,2,Yokohama 3-0 Thespa Gunma,2026-03-15
Zweigen Kanazawa,0.76,0.48,0.28,0.74,0.23,0.51,0.03,0.25,-0.22,0.76,0.48,0.28,2,0,2,1.72,42.3,47.35,51.99,0.47,0.31,170,5,15,17,31.91,54.84,9.17,5,8,15,6,20,94.3,42.36,48.27,79.56,103.5,47.45,0,Kataller Toyama 0-2 Zweigen Kanazawa,2026-03-15
Kataller Toyama,0.48,0.76,-0.28,0.23,0.74,-0.51,0.25,0.03,0.22,0.48,0.76,-0.28,0,2,-2,-1.72,57.7,52.65,49.03,0.31,0.47,207,12,17,15,54.84,31.91,6.13,8,5,23,11,10,128.3,57.64,12.4,20.44,114.63,52.55,0,Kataller Toyama 0-2 Zweigen Kanazawa,2026-03-15
Gainare Tottori,0.82,1.02,-0.2,0.78,0.75,0.03,0.04,0.27,-0.23,0.82,1.02,-0.2,1,0,1,1.2,53.0,55.88,45.37,0.41,0.74,230,9,7,13,17.07,17.57,20.9,4,6,19,6,8,92.5,51.27,81.13,52.01,108.63,56.9,0,Roasso Kumamoto 0-1 Gainare Tottori,2026-03-15
Roasso Kumamoto,1.02,0.82,0.2,0.75,0.78,-0.03,0.27,0.04,0.23,1.02,0.82,0.2,0,1,-1,-1.2,47.0,44.12,42.9,0.74,0.41,199,8,13,7,17.57,17.07,15.38,6,4,14,3,7,87.9,48.73,74.87,47.99,82.27,43.1,0,Roasso Kumamoto 0-1 Gainare Tottori,2026-03-15
Tochigi,0.76,0.66,0.1,0.76,0.47,0.29,0.0,0.2,-0.2,0.76,0.66,0.1,0,2,-2,-2.1,51.8,44.09,44.11,0.85,0.29,147,8,8,11,9.41,37.93,10.52,2,5,23,6,14,65.2,37.49,13.2,28.53,50.1,25.05,2,Blaublitz Akita 2-0 Tochigi,2026-03-15
Blaublitz Akita,0.66,0.76,-0.1,0.47,0.76,-0.29,0.2,0.0,0.2,0.66,0.76,-0.1,2,0,2,2.1,48.2,55.91,51.11,0.29,0.85,188,9,11,8,37.93,9.41,11.23,5,2,11,7,9,108.7,62.51,33.07,71.47,149.93,74.95,4,Blaublitz Akita 2-0 Tochigi,2026-03-15
Tochigi City,0.58,0.78,-0.2,0.24,0.64,-0.4,0.34,0.14,0.2,0.58,0.78,-0.2,1,0,1,1.2,53.8,30.86,41.29,0.28,0.92,144,3,4,24,14.29,26.09,9.67,2,10,7,2,13,22.3,10.91,6.6,5.95,15.33,6.59,0,Vanraure Hachinohe 0-1 Tochigi City,2026-03-15
Vanraure Hachinohe,0.78,0.58,0.2,0.64,0.24,0.4,0.14,0.34,-0.2,0.78,0.58,0.2,0,1,-1,-1.2,46.2,69.14,54.37,0.92,0.28,230,14,24,4,26.09,14.29,9.88,10,2,41,7,12,182.1,89.09,104.33,94.05,217.37,93.41,7,Vanraure Hachinohe 0-1 Tochigi City,2026-03-15
Renofa Yamaguchi,2.34,0.47,1.87,1.35,0.3,1.05,0.23,0.17,0.06,1.58,0.47,1.11,1,1,0,-1.87,54.3,52.54,45.62,1.55,0.46,205,16,16,9,10.32,19.57,14.52,4,1,21,7,12,105.1,70.07,36.33,37.59,100.33,61.01,0,Ryūkyū 1-1 Renofa Yamaguchi,2026-03-14
Ryūkyū,0.47,2.34,-1.87,0.3,1.35,-1.05,0.17,0.23,-0.06,0.47,1.58,-1.11,1,1,0,1.87,45.7,47.46,45.2,0.46,1.55,175,11,9,16,19.57,10.32,27.07,1,4,16,6,4,44.9,29.93,60.33,62.41,64.13,38.99,4,Ryūkyū 1-1 Renofa Yamaguchi,2026-03-14
Oita Trinita,1.46,1.24,0.22,0.73,0.96,-0.23,0.73,0.28,0.45,1.46,1.24,0.22,0,1,-1,-1.22,53.6,58.33,47.22,0.91,0.5,248,13,9,11,9.89,22.0,16.81,2,5,17,8,13,118.8,54.7,36.67,26.03,72.9,33.95,1,Tegevajaro Miyazaki 1-0 Oita Trinita,2026-03-14
Tegevajaro Miyazaki,1.24,1.46,-0.22,0.96,0.73,0.23,0.28,0.73,-0.45,1.24,1.46,-0.22,1,0,1,1.22,46.4,41.67,46.38,0.5,0.91,188,14,11,9,22.0,9.89,14.11,5,2,16,5,9,98.4,45.3,104.2,73.97,141.83,66.05,1,Tegevajaro Miyazaki 1-0 Oita Trinita,2026-03-14
Giravanz Kitakyushu,0.29,0.77,-0.48,0.29,0.68,-0.39,0.0,0.08,-0.08,0.29,0.77,-0.48,0,1,-1,-0.52,33.2,32.7,47.29,0.29,0.77,114,3,4,15,13.79,19.48,17.04,2,3,10,1,9,33.1,16.82,97.13,83.12,44.53,26.43,0,Sagan Tosu 1-0 Giravanz Kitakyushu,2026-03-14
Sagan Tosu,0.77,0.29,0.48,0.68,0.29,0.39,0.08,0.0,0.08,0.77,0.29,0.48,1,0,1,0.52,66.8,67.3,48.67,0.77,0.29,253,10,15,4,19.48,13.79,9.09,3,2,32,10,11,163.7,83.18,19.73,16.88,123.93,73.57,1,Sagan Tosu 1-0 Giravanz Kitakyushu,2026-03-14
Albirex Niigata,0.67,0.4,0.27,0.6,0.36,0.24,0.07,0.03,0.04,0.67,0.4,0.27,0,0,0,-0.27,44.6,57.24,48.07,0.5,0.59,176,10,6,6,12.0,10.17,11.38,1,7,21,8,12,112.0,66.87,86.07,84.82,169.6,79.99,0,Nara Club 0-0 Albirex Niigata,2026-03-14
Nara Club,0.4,0.67,-0.27,0.36,0.6,-0.24,0.03,0.07,-0.04,0.4,0.67,-0.27,0,0,0,0.27,55.4,42.76,41.65,0.59,0.5,179,9,6,6,10.17,12.0,9.97,7,1,14,1,7,55.5,33.13,15.4,15.18,42.43,20.01,0,Nara Club 0-0 Albirex Niigata,2026-03-14
Consadole Sapporo,1.16,0.28,0.88,1.08,0.28,0.8,0.08,0.0,0.08,1.16,0.28,0.88,1,0,1,0.12,55.2,65.75,46.44,0.87,0.3,207,10,12,8,13.79,26.67,10.03,5,6,25,3,16,130.8,79.51,35.8,37.76,128.13,70.34,0,Júbilo Iwata 0-1 Consadole Sapporo,2026-03-14
Júbilo Iwata,0.28,1.16,-0.88,0.28,1.08,-0.8,0.0,0.08,-0.08,0.28,1.16,-0.88,0,1,-1,-0.12,44.8,34.25,39.03,0.3,0.87,121,4,8,12,26.67,13.79,10.15,6,5,8,1,14,33.7,20.49,59.0,62.24,54.03,29.66,2,Júbilo Iwata 0-1 Consadole Sapporo,2026-03-14
Matsumoto Yamaga,4.85,0.49,4.36,3.17,0.49,2.68,1.68,0.0,1.68,4.85,0.49,4.36,5,0,5,0.64,45.2,49.85,47.63,1.06,0.33,159,18,26,6,24.53,18.18,10.97,9,4,20,6,7,138.0,71.47,37.13,69.27,216.23,95.42,2,Nagano Parceiro 0-5 Matsumoto Yamaga,2026-03-14
Nagano Parceiro,0.49,4.85,-4.36,0.49,3.17,-2.68,0.0,1.68,-1.68,0.49,4.85,-4.36,0,5,-5,-0.64,54.8,50.15,45.92,0.33,1.06,179,7,6,26,18.18,24.53,9.69,4,9,12,4,11,55.1,28.53,16.47,30.73,10.37,4.58,1,Nagano Parceiro 0-5 Matsumoto Yamaga,2026-03-14
Iwaki,1.16,0.06,1.1,0.88,0.04,0.84,0.28,0.02,0.26,1.16,0.06,1.1,1,0,1,-0.1,47.3,57.34,53.84,1.04,0.37,210,14,15,4,14.42,10.81,12.76,5,3,24,11,10,160.2,71.04,66.93,96.82,201.53,93.81,2,Ventforet Kofu 0-1 Iwaki,2026-03-14
Ventforet Kofu,0.06,1.16,-1.1,0.04,0.88,-0.84,0.02,0.28,-0.26,0.06,1.16,-1.1,0,1,-1,0.1,52.7,42.66,43.52,0.37,1.04,145,6,4,15,10.81,14.42,9.19,3,5,22,4,11,65.3,28.96,2.2,3.18,13.3,6.19,3,Ventforet Kofu 0-1 Iwaki,2026-03-14
Fujieda MYFC,1.18,3.01,-1.83,1.13,2.6,-1.47,0.05,0.4,-0.35,1.18,3.01,-1.83,2,1,1,2.83,30.4,29.37,47.06,0.73,1.66,108,15,11,28,15.07,16.87,14.88,3,2,12,5,12,37.7,12.14,124.13,92.13,90.83,44.72,6,Omiya Ardija 1-2 Fujieda MYFC,2026-03-14
Omiya Ardija,3.01,1.18,1.83,2.6,1.13,1.47,0.4,0.05,0.35,3.01,1.18,1.83,1,2,-1,-2.83,69.6,70.63,52.49,1.66,0.73,327,28,28,11,16.87,15.07,8.41,2,3,38,9,11,272.9,87.86,10.6,7.87,112.3,55.28,2,Omiya Ardija 1-2 Fujieda MYFC,2026-03-14
Montedio Yamagata,0.47,1.81,-1.34,0.47,1.7,-1.23,0.0,0.11,-0.11,0.47,1.81,-1.34,1,2,-1,0.34,37.9,28.23,43.56,0.45,1.22,122,5,4,22,8.89,18.03,17.38,2,4,4,2,8,46.7,14.71,88.0,71.27,64.23,39.79,1,Shonan Bellmare 2-1 Montedio Yamagata,2026-03-14
Shonan Bellmare,1.81,0.47,1.34,1.7,0.47,1.23,0.11,0.0,0.11,1.81,0.47,1.34,2,1,1,-0.34,62.1,71.77,55.02,1.22,0.45,339,17,22,4,18.03,8.89,12.08,4,2,27,12,12,270.8,85.29,35.47,28.73,97.2,60.21,1,Shonan Bellmare 2-1 Montedio Yamagata,2026-03-14
Sagamihara,1.21,2.02,-0.81,0.72,1.92,-1.2,0.49,0.1,0.39,1.21,2.02,-0.81,1,3,-2,-1.19,51.1,52.37,54.27,0.76,0.82,185,16,16,20,21.05,24.39,7.76,8,4,27,9,10,98.6,48.55,31.53,58.25,69.37,31.29,4,Vegalta Sendai 3-1 Sagamihara,2026-03-14
Vegalta Sendai,2.02,1.21,0.81,1.92,0.72,1.2,0.1,0.49,-0.39,2.02,1.21,0.81,3,1,2,1.19,48.9,47.63,48.93,0.82,0.76,154,19,20,16,24.39,21.05,10.22,4,8,21,6,6,104.5,51.45,22.6,41.75,152.3,68.71,10,Vegalta Sendai 3-1 Sagamihara,2026-03-14
Imabari,0.83,0.61,0.22,0.78,0.61,0.17,0.05,0.0,0.05,0.83,0.61,0.22,0,2,-2,-2.22,55.3,56.29,46.29,0.53,0.28,233,7,6,5,11.32,17.86,12.43,5,6,16,5,8,82.4,62.47,37.47,33.16,57.23,41.08,1,Kochi United 2-0 Imabari,2026-03-14
Kochi United,0.61,0.83,-0.22,0.61,0.78,-0.17,0.0,0.05,-0.05,0.61,0.83,-0.22,2,0,2,2.22,44.7,43.71,41.7,0.28,0.53,135,4,5,6,17.86,11.32,15.39,6,5,7,2,11,49.5,37.53,75.53,66.84,82.07,58.92,0,Kochi United 2-0 Imabari,2026-03-14
Kagoshima United,0.83,0.38,0.45,0.75,0.08,0.67,0.08,0.3,-0.22,0.83,0.38,0.45,0,0,0,-0.45,41.6,68.41,59.32,0.75,0.33,237,24,11,5,14.67,15.15,14.52,6,2,22,5,11,182.7,79.71,149.87,98.55,303.47,93.93,11,Oita Trinita 0-0 Kagoshima United,2026-03-08
Oita Trinita,0.38,0.83,-0.45,0.08,0.75,-0.67,0.3,0.08,0.22,0.38,0.83,-0.45,0,0,0,0.45,58.4,31.59,37.51,0.33,0.75,116,8,5,11,15.15,14.67,11.67,2,6,16,6,8,46.5,20.29,2.2,1.45,19.6,6.07,1,Oita Trinita 0-0 Kagoshima United,2026-03-08
Ryūkyū,0.67,1.62,-0.95,0.67,0.79,-0.12,0.0,0.83,-0.83,0.67,1.62,-0.95,0,0,0,0.95,45.5,43.06,46.32,0.29,0.73,192,7,12,16,41.38,21.92,17.67,7,4,9,1,8,53.1,29.7,53.4,58.81,62.37,34.39,2,Gainare Tottori 0-0 Ryūkyū,2026-03-08
Gainare Tottori,1.62,0.67,0.95,0.79,0.67,0.12,0.83,0.0,0.83,1.62,0.67,0.95,0,0,0,-0.95,54.5,56.94,48.4,0.73,0.29,263,16,16,12,21.92,41.38,13.21,4,7,33,9,11,125.7,70.3,37.4,41.19,118.97,65.61,0,Gainare Tottori 0-0 Ryūkyū,2026-03-08
Roasso Kumamoto,0.86,0.69,0.17,0.82,0.34,0.48,0.04,0.35,-0.31,0.86,0.69,0.17,0,1,-1,-1.17,61.3,65.17,51.6,0.69,0.52,338,18,13,11,18.84,21.15,10.03,10,3,27,8,7,152.4,74.85,17.27,12.59,100.9,46.35,0,Reilac Shiga 1-0 Roasso Kumamoto,2026-03-08
Reilac Shiga,0.69,0.86,-0.17,0.34,0.82,-0.48,0.35,0.04,0.31,0.69,0.86,-0.17,1,0,1,1.17,38.7,34.83,44.39,0.52,0.69,142,11,11,13,21.15,18.84,16.5,3,10,15,6,10,51.2,25.15,119.93,87.41,116.77,53.65,2,Reilac Shiga 1-0 Roasso Kumamoto,2026-03-08
Imabari,0.81,1.3,-0.49,0.81,1.22,-0.41,0.0,0.09,-0.09,0.81,1.3,-0.49,0,1,-1,-0.51,62.1,55.08,45.46,0.8,0.74,222,11,9,14,11.25,18.92,11.48,4,6,18,2,4,76.7,47.06,7.73,6.11,32.63,16.29,1,Kamatamare Sanuki 1-0 Imabari,2026-03-08
Kamatamare Sanuki,1.3,0.81,0.49,1.22,0.81,0.41,0.09,0.0,0.09,1.3,0.81,0.49,1,0,1,0.51,37.9,44.92,45.02,0.74,0.8,133,9,14,9,18.92,11.25,15.32,6,4,15,5,15,86.3,52.94,118.73,93.89,167.73,83.71,1,Kamatamare Sanuki 1-0 Imabari,2026-03-08
Tokushima Vortis,1.1,1.18,-0.08,1.1,0.61,0.49,0.0,0.57,-0.57,1.1,1.18,-0.08,4,0,4,4.08,56.7,60.33,44.48,0.51,0.28,237,9,20,15,39.22,53.57,9.89,4,5,12,1,7,142.4,58.34,26.6,22.91,112.4,51.86,0,Zweigen Kanazawa 0-4 Tokushima Vortis,2026-03-08
Zweigen Kanazawa,1.18,1.1,0.08,0.61,1.1,-0.49,0.57,0.0,0.57,1.18,1.1,0.08,0,4,-4,-4.08,43.3,39.67,46.52,0.28,0.51,182,11,15,20,53.57,39.22,13.59,5,4,21,5,17,101.7,41.66,89.53,77.09,104.33,48.14,1,Zweigen Kanazawa 0-4 Tokushima Vortis,2026-03-08
Ehime,1.47,2.25,-0.78,1.47,1.82,-0.35,0.0,0.43,-0.43,1.47,2.25,-0.78,2,2,0,0.78,37.3,35.48,46.4,0.7,1.49,158,7,7,25,10.0,16.78,13.32,8,5,12,1,13,41.6,16.16,99.87,85.8,81.07,24.69,0,Kataller Toyama 2-2 Ehime,2026-03-08
Kataller Toyama,2.25,1.47,0.78,1.82,1.47,0.35,0.43,0.0,0.43,2.25,1.47,0.78,2,2,0,-0.78,62.7,64.52,47.4,1.49,0.7,303,27,25,7,16.78,10.0,10.11,5,8,28,12,4,215.8,83.84,16.53,14.2,247.3,75.31,1,Kataller Toyama 2-2 Ehime,2026-03-08
Ventforet Kofu,0.71,1.32,-0.61,0.71,1.23,-0.52,0.0,0.08,-0.08,0.71,1.32,-0.61,1,0,1,1.61,42.0,43.38,48.63,0.46,0.69,190,10,4,10,8.7,14.49,19.17,1,4,14,4,8,85.6,40.7,94.0,72.01,105.37,59.74,0,Gifu 0-1 Ventforet Kofu,2026-03-08
Gifu,1.32,0.71,0.61,1.23,0.71,0.52,0.08,0.0,0.08,1.32,0.71,0.61,0,1,-1,-1.61,58.0,56.62,47.06,0.69,0.46,270,12,10,4,14.49,8.7,13.46,4,1,21,8,9,124.7,59.3,36.53,27.99,71.0,40.26,2,Gifu 0-1 Ventforet Kofu,2026-03-08
Nagano Parceiro,1.8,2.56,-0.76,1.47,2.32,-0.85,0.33,0.24,0.09,1.8,2.56,-0.76,2,4,-2,-1.24,42.9,36.36,45.18,0.64,0.68,156,8,15,16,23.44,23.53,9.1,10,2,13,4,16,54.1,25.2,81.8,76.07,33.39,10.39,0,Fukushima United 4-2 Nagano Parceiro,2026-03-08
Fukushima United,2.56,1.8,0.76,2.32,1.47,0.85,0.24,0.33,-0.09,2.56,1.8,0.76,4,2,2,1.24,57.1,63.64,51.39,0.68,0.64,267,16,16,15,23.53,23.44,9.39,2,10,13,4,10,160.6,74.8,25.73,23.93,288.05,89.61,0,Fukushima United 4-2 Nagano Parceiro,2026-03-08
Tochigi,1.02,2.02,-1.0,0.9,1.11,-0.21,0.12,0.15,-0.03,1.02,1.26,-0.24,0,4,-4,-3.0,55.5,49.57,47.9,0.5,0.63,180,10,10,11,20.0,17.46,9.41,3,6,22,4,8,95.6,53.65,17.27,31.4,59.95,31.44,4,Sagamihara 4-0 Tochigi,2026-03-08
Sagamihara,2.02,1.02,1.0,1.11,0.9,0.21,0.15,0.12,0.03,1.26,1.02,0.24,4,0,4,3.0,44.5,50.43,48.57,0.63,0.5,163,11,11,10,17.46,20.0,8.47,6,3,16,5,16,82.6,46.35,37.73,68.6,130.75,68.56,6,Sagamihara 4-0 Tochigi,2026-03-08
Thespa Gunma,1.49,1.56,-0.07,1.11,1.42,-0.31,0.38,0.14,0.24,1.49,1.56,-0.07,1,1,0,0.07,50.9,43.7,44.71,1.05,1.18,168,11,13,19,12.38,16.1,12.32,1,8,27,2,14,74.7,33.65,27.6,29.76,70.23,26.95,1,Tochigi City 1-1 Thespa Gunma,2026-03-08
Tochigi City,1.56,1.49,0.07,1.42,1.11,0.31,0.14,0.38,-0.24,1.56,1.49,0.07,1,1,0,-0.07,49.1,56.3,52.04,1.18,1.05,221,25,19,13,16.1,12.38,9.53,8,1,42,9,12,147.3,66.35,65.13,70.24,190.37,73.05,2,Tochigi City 1-1 Thespa Gunma,2026-03-08
Blaublitz Akita,1.66,1.15,0.51,1.66,0.73,0.93,0.0,0.41,-0.41,1.66,1.15,0.51,1,0,1,0.49,35.6,44.76,51.94,0.54,1.0,182,9,11,11,20.37,11.0,21.24,4,2,18,4,9,69.7,36.23,149.73,97.4,151.73,81.17,2,Montedio Yamagata 0-1 Blaublitz Akita,2026-03-08
Montedio Yamagata,1.15,1.66,-0.51,0.73,1.66,-0.93,0.41,0.0,0.41,1.15,1.66,-0.51,0,1,-1,-0.49,64.4,55.24,46.94,1.0,0.54,267,14,11,11,11.0,20.37,8.81,2,4,22,6,10,122.7,63.77,4.0,2.6,35.2,18.83,2,Montedio Yamagata 0-1 Blaublitz Akita,2026-03-08
Yokohama,1.29,0.19,1.1,0.94,0.16,0.78,0.36,0.03,0.33,1.29,0.19,1.1,1,1,0,-1.1,64.6,64.44,50.94,0.61,0.56,291,12,12,7,19.67,12.5,7.82,6,8,37,12,12,167.1,76.55,3.73,3.66,111.23,66.55,6,Vanraure Hachinohe 1-1 Yokohama,2026-03-08
Vanraure Hachinohe,0.19,1.29,-1.1,0.16,0.94,-0.78,0.03,0.36,-0.33,0.19,1.29,-1.1,1,1,0,1.1,35.4,35.56,49.33,0.56,0.61,147,9,7,12,12.5,19.67,12.5,8,6,17,4,10,51.2,23.45,98.2,96.34,55.9,33.45,4,Vanraure Hachinohe 1-1 Yokohama,2026-03-08
Tegevajaro Miyazaki,1.51,1.61,-0.1,1.37,0.64,0.73,0.14,0.97,-0.83,1.51,1.61,-0.1,3,2,1,1.1,52.1,66.3,52.53,0.81,0.15,260,13,19,8,23.46,53.33,12.21,9,0,34,9,15,179.8,75.55,56.6,70.57,217.67,89.08,0,Giravanz Kitakyushu 2-3 Tegevajaro Miyazaki,2026-03-07
Giravanz Kitakyushu,1.61,1.51,0.1,0.64,1.37,-0.73,0.97,0.14,0.83,1.61,1.51,0.1,2,3,-1,-1.1,47.9,33.7,42.02,0.15,0.81,156,8,8,19,53.33,23.46,16.32,0,9,17,6,6,58.2,24.45,23.6,29.43,26.67,10.92,1,Giravanz Kitakyushu 2-3 Tegevajaro Miyazaki,2026-03-07
Sagan Tosu,1.27,2.54,-1.27,1.24,2.46,-1.22,0.03,0.08,-0.05,1.27,2.54,-1.27,0,2,-2,-0.73,58.6,60.65,48.33,0.68,1.03,340,9,12,14,17.65,13.59,14.04,9,6,21,4,8,196.0,67.56,35.8,23.92,117.4,46.49,0,Renofa Yamaguchi 2-0 Sagan Tosu,2026-03-07
Renofa Yamaguchi,2.54,1.27,1.27,2.46,1.24,1.22,0.08,0.03,0.05,2.54,1.27,1.27,2,0,2,0.73,41.4,39.35,44.34,1.03,0.68,192,15,14,12,13.59,17.65,18.29,6,9,14,4,7,94.1,32.44,113.87,76.08,135.13,53.51,1,Renofa Yamaguchi 2-0 Sagan Tosu,2026-03-07
Kochi United,1.08,0.26,0.82,1.08,0.14,0.94,0.0,0.12,-0.12,1.08,0.26,0.82,2,2,0,-0.82,49.5,43.77,42.51,0.27,0.3,177,3,9,10,33.33,33.33,22.55,0,3,15,3,8,57.1,35.64,77.2,52.4,53.67,54.06,1,Albirex Niigata 2-2 Kochi United,2026-03-07
Albirex Niigata,0.26,1.08,-0.82,0.14,1.08,-0.94,0.12,0.0,0.12,0.26,1.08,-0.82,2,2,0,0.82,50.5,56.23,46.66,0.3,0.27,244,9,10,9,33.33,33.33,17.65,3,0,15,6,8,103.1,64.36,70.13,47.6,45.6,45.94,0,Albirex Niigata 2-2 Kochi United,2026-03-07
Júbilo Iwata,2.62,1.38,1.24,1.93,1.38,0.55,0.68,0.0,0.68,2.62,1.38,1.24,1,1,0,-1.24,60.0,63.02,56.2,1.25,0.44,256,21,22,8,17.6,18.18,9.21,6,2,45,7,9,216.2,77.88,43.87,36.74,174.67,80.23,5,Fujieda MYFC 1-1 Júbilo Iwata,2026-03-07
Fujieda MYFC,1.38,2.62,-1.24,1.38,1.93,-0.55,0.0,0.68,-0.68,1.38,2.62,-1.24,1,1,0,1.24,40.0,36.98,46.27,0.44,1.25,133,7,8,22,18.18,17.6,19.07,2,6,10,3,10,61.4,22.12,75.53,63.26,43.03,19.77,1,Fujieda MYFC 1-1 Júbilo Iwata,2026-03-07
Consadole Sapporo,1.48,2.0,-0.52,1.37,1.8,-0.43,0.12,0.2,-0.08,1.48,2.0,-0.52,0,3,-3,-2.48,68.2,63.4,47.51,0.47,0.68,303,11,13,15,27.66,22.06,8.45,4,7,21,7,8,182.6,76.31,10.47,6.49,81.31,37.07,0,Matsumoto Yamaga 3-0 Consadole Sapporo,2026-03-07
Matsumoto Yamaga,2.0,1.48,0.52,1.8,1.37,0.43,0.2,0.12,0.08,2.0,1.48,0.52,3,0,3,2.48,31.8,36.6,46.52,0.68,0.47,135,14,15,13,22.06,27.66,16.22,7,4,16,5,12,56.7,23.69,150.8,93.51,138.06,62.93,3,Matsumoto Yamaga 3-0 Consadole Sapporo,2026-03-07
Omiya Ardija,1.14,1.59,-0.45,0.99,0.71,0.28,0.15,0.88,-0.73,1.14,1.59,-0.45,1,1,0,0.45,59.9,64.34,48.34,0.81,0.4,177,10,18,10,22.22,25.0,9.04,2,2,30,11,9,127.5,71.35,17.87,31.83,117.03,66.62,6,Iwaki 1-1 Omiya Ardija,2026-03-07
Iwaki,1.59,1.14,0.45,0.71,0.99,-0.28,0.88,0.15,0.73,1.59,1.14,0.45,1,1,0,-0.45,40.1,35.66,45.75,0.4,0.81,104,12,10,18,25.0,22.22,10.19,2,2,10,3,12,51.2,28.65,38.27,68.17,58.63,33.38,4,Iwaki 1-1 Omiya Ardija,2026-03-07
Shonan Bellmare,0.54,0.58,-0.04,0.5,0.54,-0.04,0.04,0.05,-0.01,0.54,0.58,-0.04,1,1,0,0.04,61.7,54.27,46.1,0.4,0.84,227,6,10,11,25.0,13.1,7.56,2,2,11,2,12,50.6,53.72,12.47,9.99,23.2,14.85,0,Vegalta Sendai 1-1 Shonan Bellmare,2026-03-07
Vegalta Sendai,0.58,0.54,0.04,0.54,0.5,0.04,0.05,0.04,0.01,0.58,0.54,0.04,1,1,0,-0.04,38.3,45.73,46.96,0.84,0.4,126,8,11,10,13.1,25.0,15.14,2,2,23,7,18,43.6,46.28,112.33,90.01,133.07,85.15,2,Vegalta Sendai 1-1 Shonan Bellmare,2026-03-07
Nara Club,1.17,3.3,-2.13,1.17,3.22,-2.05,0.0,0.09,-0.09,1.17,3.3,-2.13,0,2,-2,0.13,60.1,44.04,42.78,0.61,1.69,226,10,8,20,13.11,11.83,19.53,1,11,13,1,11,85.4,36.4,11.4,6.48,38.93,11.74,0,Osaka 2-0 Nara Club,2026-03-06
Osaka,3.3,1.17,2.13,3.22,1.17,2.05,0.09,0.0,0.09,3.3,1.17,2.13,2,0,2,-0.13,39.9,55.96,52.62,1.69,0.61,224,19,20,8,11.83,13.11,16.06,11,1,28,6,8,149.2,63.6,164.6,93.52,292.8,88.26,0,Osaka 2-0 Nara Club,2026-03-06
Thespa Gunma,0.31,2.41,-2.1,0.28,1.54,-1.26,0.03,0.87,-0.84,0.31,2.41,-2.1,0,5,-5,-2.9,65.6,52.34,43.18,0.72,0.96,212,10,9,20,12.5,20.83,8.61,1,7,22,5,7,56.8,35.37,0.8,0.59,5.07,1.82,2,Sagamihara 5-0 Thespa Gunma,2026-03-04
Sagamihara,2.41,0.31,2.1,1.54,0.28,1.26,0.87,0.03,0.84,2.41,0.31,2.1,5,0,5,2.9,34.4,47.66,53.14,0.96,0.72,166,16,20,9,20.83,12.5,15.34,7,1,23,10,9,103.8,64.63,135.4,99.41,272.83,98.18,1,Sagamihara 5-0 Thespa Gunma,2026-03-04
Albirex Niigata,1.81,0.42,1.39,1.03,0.38,0.65,0.03,0.04,-0.01,1.05,0.42,0.63,2,0,2,0.61,33.0,37.42,43.25,0.43,0.58,103,10,8,6,18.6,10.34,13.44,4,1,8,1,20,58.9,36.4,133.47,93.11,132.87,90.55,0,Imabari 0-2 Albirex Niigata,2026-03-01
Imabari,0.42,1.81,-1.39,0.38,1.03,-0.65,0.04,0.03,0.01,0.42,1.05,-0.63,0,2,-2,-0.61,67.0,62.58,44.52,0.58,0.43,233,5,6,8,10.34,18.6,8.18,1,4,22,6,10,102.9,63.6,9.87,6.89,13.87,9.45,0,Imabari 0-2 Albirex Niigata,2026-03-01
Kamatamare Sanuki,0.19,0.62,-0.43,0.16,0.49,-0.33,0.03,0.13,-0.1,0.19,0.62,-0.43,0,1,-1,-0.57,42.5,43.96,46.26,0.19,0.43,144,3,8,13,42.11,30.23,10.08,3,3,17,6,17,38.3,22.41,58.2,76.71,59.0,33.57,0,Zweigen Kanazawa 1-0 Kamatamare Sanuki,2026-03-01
Zweigen Kanazawa,0.62,0.19,0.43,0.49,0.16,0.33,0.13,0.03,0.1,0.62,0.19,0.43,1,0,1,0.57,57.5,56.04,45.92,0.43,0.19,189,8,13,8,30.23,42.11,10.25,3,3,25,6,9,132.6,77.59,17.67,23.29,116.77,66.43,2,Zweigen Kanazawa 1-0 Kamatamare Sanuki,2026-03-01
Nara Club,0.18,2.6,-2.42,0.18,2.28,-2.1,0.0,0.32,-0.32,0.18,2.6,-2.42,0,2,-2,0.42,57.2,45.97,44.08,0.41,1.14,214,3,3,21,7.32,18.42,15.09,1,5,10,2,7,67.7,29.88,24.67,19.29,24.03,10.27,0,Kochi United 2-0 Nara Club,2026-03-01
Kochi United,2.6,0.18,2.42,2.28,0.18,2.1,0.32,0.0,0.32,2.6,0.18,2.42,2,0,2,-0.42,42.8,54.03,49.3,1.14,0.41,209,7,21,3,18.42,7.32,18.07,5,1,17,6,12,158.9,70.12,103.2,80.71,210.0,89.73,0,Kochi United 2-0 Nara Club,2026-03-01
Fujieda MYFC,0.67,1.03,-0.36,0.31,1.03,-0.72,0.36,0.0,0.36,0.67,1.03,-0.36,2,1,1,1.36,34.1,30.13,41.62,0.2,0.88,85,7,7,14,35.0,15.91,14.82,3,1,13,6,14,29.6,15.71,68.8,84.45,54.3,35.31,4,Iwaki 1-2 Fujieda MYFC,2026-03-01
Iwaki,1.03,0.67,0.36,1.03,0.31,0.72,0.0,0.36,-0.36,1.03,0.67,0.36,1,2,-1,-1.36,65.9,69.87,49.95,0.88,0.2,234,18,14,7,15.91,35.0,8.68,1,3,26,5,9,158.8,84.29,12.67,15.55,99.47,64.69,7,Iwaki 1-2 Fujieda MYFC,2026-03-01
Montedio Yamagata,0.72,1.79,-1.07,0.72,0.35,0.37,0.0,1.45,-1.45,0.72,1.79,-1.07,1,2,-1,0.07,57.3,36.01,40.24,0.32,0.41,112,4,2,11,6.25,26.83,8.48,1,9,8,2,12,32.4,22.18,7.53,7.9,11.23,5.69,0,Sagamihara 2-1 Montedio Yamagata,2026-03-01
Sagamihara,1.79,0.72,1.07,0.35,0.72,-0.37,1.45,0.0,1.45,1.79,0.72,1.07,2,1,1,-0.07,42.7,63.99,53.58,0.41,0.32,170,9,11,2,26.83,6.25,8.95,9,1,24,9,15,113.7,77.82,87.73,92.1,186.23,94.31,5,Sagamihara 2-1 Montedio Yamagata,2026-03-01
Yokohama,0.64,1.9,-1.26,0.34,1.38,-1.04,0.3,0.52,-0.22,0.64,1.9,-1.26,0,4,-4,-2.74,57.3,51.85,44.17,0.53,0.64,191,8,10,16,18.87,25.0,15.0,1,1,18,5,9,56.5,38.2,15.6,17.77,28.76,13.67,3,Tochigi 4-0 Yokohama,2026-03-01
Tochigi,1.9,0.64,1.26,1.38,0.34,1.04,0.52,0.3,0.22,1.9,0.64,1.26,4,0,4,2.74,42.7,48.15,46.46,0.64,0.53,157,7,16,10,25.0,18.87,14.69,1,1,10,6,14,91.4,61.8,72.2,82.23,181.61,86.33,1,Tochigi 4-0 Yokohama,2026-03-01
Oita Trinita,0.89,1.59,-0.7,0.34,0.97,-0.63,0.55,0.62,-0.07,0.89,1.59,-0.7,1,3,-2,-1.3,55.3,49.64,42.3,0.66,0.86,186,13,8,10,12.12,11.63,15.14,5,4,17,7,7,80.7,50.63,35.33,29.61,43.59,23.99,2,Roasso Kumamoto 3-1 Oita Trinita,2026-03-01
Roasso Kumamoto,1.59,0.89,0.7,0.97,0.34,0.63,0.62,0.55,0.07,1.59,0.89,0.7,3,1,2,1.3,44.7,50.36,46.74,0.86,0.66,187,10,10,8,11.63,12.12,21.65,4,5,12,5,6,78.7,49.37,84.0,70.39,138.13,76.01,0,Roasso Kumamoto 3-1 Oita Trinita,2026-03-01
Gainare Tottori,0.5,0.95,-0.45,0.39,0.95,-0.56,0.11,0.0,0.11,0.5,0.95,-0.45,0,0,0,0.45,38.0,36.19,44.48,0.34,0.98,159,8,15,18,44.12,18.37,25.11,4,8,9,4,7,54.9,24.23,96.27,70.2,84.77,36.71,0,Renofa Yamaguchi 0-0 Gainare Tottori,2026-03-01
Renofa Yamaguchi,0.95,0.5,0.45,0.95,0.39,0.56,0.0,0.11,-0.11,0.95,0.5,0.45,0,0,0,-0.45,62.0,63.81,48.56,0.98,0.34,284,24,18,15,18.37,44.12,13.83,8,4,30,6,5,171.7,75.77,40.87,29.8,146.17,63.29,0,Renofa Yamaguchi 0-0 Gainare Tottori,2026-03-01
Tokushima Vortis,2.32,2.58,-0.26,1.73,1.97,-0.24,0.59,0.61,-0.02,2.32,2.58,-0.26,1,0,1,1.26,42.2,45.3,43.78,0.39,1.37,141,10,13,14,33.33,10.22,23.22,2,7,16,6,9,89.7,39.69,56.13,71.18,97.9,56.04,0,Ehime 0-1 Tokushima Vortis,2026-02-28
Ehime,2.58,2.32,0.26,1.97,1.73,0.24,0.61,0.59,0.02,2.58,2.32,0.26,0,1,-1,-1.26,57.8,54.7,45.81,1.37,0.39,234,14,14,13,10.22,33.33,11.22,7,2,21,11,9,136.3,60.31,22.73,28.82,76.8,43.96,1,Ehime 0-1 Tokushima Vortis,2026-02-28
Tegevajaro Miyazaki,0.7,0.08,0.62,0.42,0.0,0.42,0.28,0.08,0.2,0.7,0.08,0.62,2,0,2,1.38,40.2,43.73,43.3,0.6,0.21,148,9,12,2,20.0,9.52,25.55,2,8,17,5,14,66.8,61.68,150.2,86.52,205.1,89.29,0,Ryūkyū 0-2 Tegevajaro Miyazaki,2026-02-28
Ryūkyū,0.08,0.7,-0.62,0.0,0.42,-0.42,0.08,0.28,-0.2,0.08,0.7,-0.62,0,2,-2,-1.38,59.8,56.27,42.26,0.21,0.6,243,4,2,12,9.52,20.0,11.28,8,2,11,3,9,41.5,38.32,23.4,13.48,24.6,10.71,0,Ryūkyū 0-2 Tegevajaro Miyazaki,2026-02-28
Kagoshima United,1.09,0.47,0.62,0.7,0.47,0.23,0.39,0.0,0.39,1.09,0.47,0.62,1,0,1,0.38,35.2,58.31,53.19,0.37,0.51,189,8,11,7,29.73,13.73,21.5,6,1,20,4,7,77.6,48.26,179.0,99.59,210.13,90.93,12,Sagan Tosu 0-1 Kagoshima United,2026-02-28
Sagan Tosu,0.47,1.09,-0.62,0.47,0.7,-0.23,0.0,0.39,-0.39,0.47,1.09,-0.62,0,1,-1,-0.38,64.8,41.69,39.06,0.51,0.37,159,8,7,11,13.73,29.73,12.65,1,6,17,0,10,83.2,51.74,0.73,0.41,20.97,9.07,2,Sagan Tosu 0-1 Kagoshima United,2026-02-28
Reilac Shiga,2.22,0.92,1.3,2.18,0.92,1.26,0.04,0.0,0.04,2.22,0.92,1.3,2,1,1,-0.3,38.0,50.43,51.17,0.64,0.49,203,14,15,7,23.44,14.29,14.59,9,8,22,5,15,129.0,59.36,132.07,90.29,216.1,97.9,0,Giravanz Kitakyushu 1-2 Reilac Shiga,2026-02-28
Giravanz Kitakyushu,0.92,2.22,-1.3,0.92,2.18,-1.26,0.0,0.04,-0.04,0.92,2.22,-1.3,1,2,-1,0.3,62.0,49.57,45.13,0.49,0.64,281,6,7,15,14.29,23.44,8.72,8,9,18,1,14,88.3,40.64,14.2,9.71,4.63,2.1,1,Giravanz Kitakyushu 1-2 Reilac Shiga,2026-02-28
Osaka,0.56,1.34,-0.78,0.35,1.15,-0.8,0.2,0.2,0.0,0.56,1.34,-0.78,0,0,0,0.78,35.2,40.59,52.91,0.4,1.12,185,7,8,22,20.0,19.64,17.48,9,4,24,4,7,61.2,21.28,130.0,95.4,138.27,43.48,2,Kataller Toyama 0-0 Osaka,2026-02-28
Kataller Toyama,1.34,0.56,0.78,1.15,0.35,0.8,0.2,0.2,0.0,1.34,0.56,0.78,0,0,0,-0.78,64.8,59.41,46.38,1.12,0.4,267,21,22,8,19.64,20.0,10.5,4,9,24,5,9,226.4,78.72,6.27,4.6,179.73,56.52,1,Kataller Toyama 0-0 Osaka,2026-02-28
Fukushima United,0.75,0.77,-0.02,0.72,0.62,0.1,0.03,0.15,-0.12,0.75,0.77,-0.02,0,0,0,0.02,53.9,37.57,41.99,0.19,0.43,181,5,8,11,42.11,25.58,11.15,3,10,5,1,10,28.1,18.72,31.13,20.16,14.93,6.92,0,Júbilo Iwata 0-0 Fukushima United,2026-02-28
Júbilo Iwata,0.77,0.75,0.02,0.62,0.72,-0.1,0.15,0.03,0.12,0.77,0.75,0.02,0,0,0,-0.02,46.1,62.43,51.97,0.43,0.19,226,10,11,8,25.58,42.11,11.92,10,3,41,6,12,122.0,81.28,123.27,79.84,200.97,93.08,1,Júbilo Iwata 0-0 Fukushima United,2026-02-28
Omiya Ardija,1.06,3.25,-2.19,0.82,2.27,-1.45,0.23,0.99,-0.76,1.06,3.25,-2.19,2,1,1,3.19,49.1,51.59,48.11,0.4,1.12,200,12,11,16,27.5,14.29,12.04,6,7,19,6,11,91.4,42.39,55.2,49.64,95.0,52.34,5,Nagano Parceiro 1-2 Omiya Ardija,2026-02-28
Nagano Parceiro,3.25,1.06,2.19,2.27,0.82,1.45,0.99,0.23,0.76,3.25,1.06,2.19,1,2,-1,-3.19,50.9,48.41,48.08,1.12,0.4,195,14,16,11,14.29,27.5,8.94,7,6,21,6,11,124.2,57.61,56.0,50.36,86.5,47.66,0,Nagano Parceiro 1-2 Omiya Ardija,2026-02-28
Matsumoto Yamaga,0.72,0.46,0.26,0.36,0.43,-0.07,0.36,0.02,0.34,0.72,0.46,0.26,0,1,-1,-1.26,50.6,45.85,42.17,0.62,0.37,135,7,12,4,19.35,10.81,7.25,8,5,13,5,11,67.3,50.34,35.2,45.24,59.3,39.88,1,Ventforet Kofu 1-0 Matsumoto Yamaga,2026-02-28
Ventforet Kofu,0.46,0.72,-0.26,0.43,0.36,0.07,0.02,0.36,-0.34,0.46,0.72,-0.26,1,0,1,1.26,49.4,54.15,50.52,0.37,0.62,179,8,4,12,10.81,19.35,9.28,5,8,9,3,15,66.4,49.66,42.6,54.76,89.4,60.12,2,Ventforet Kofu 1-0 Matsumoto Yamaga,2026-02-28
Gifu,1.98,1.13,0.85,1.97,0.12,1.85,0.01,1.0,-0.99,1.98,1.13,0.85,2,1,1,0.15,44.4,47.69,51.07,0.94,0.36,211,14,11,10,11.7,27.78,16.75,2,2,13,4,7,103.0,48.52,68.67,67.59,113.5,61.93,0,Consadole Sapporo 1-2 Gifu,2026-02-28
Consadole Sapporo,1.13,1.98,-0.85,0.12,1.97,-1.85,1.0,0.01,0.99,1.13,1.98,-0.85,1,2,-1,-0.15,55.6,52.31,46.59,0.36,0.94,208,14,10,11,27.78,11.7,13.35,2,2,17,5,10,109.3,51.48,32.93,32.41,69.77,38.07,2,Consadole Sapporo 1-2 Gifu,2026-02-28
Blaublitz Akita,2.0,2.45,-0.45,1.61,1.19,0.42,0.39,0.5,-0.11,2.0,1.69,0.31,2,3,-1,-0.55,44.1,57.72,56.11,1.19,0.98,200,20,20,11,16.81,11.22,14.04,6,4,25,10,11,130.4,69.18,80.73,92.44,138.92,73.02,3,Thespa Gunma 3-2 Blaublitz Akita,2026-02-28
Thespa Gunma,2.45,2.0,0.45,1.19,1.61,-0.42,0.5,0.39,0.11,1.69,2.0,-0.31,3,2,1,0.55,55.9,42.28,43.82,0.98,1.19,157,8,11,20,11.22,16.81,9.0,4,6,16,4,6,58.1,30.82,6.6,7.56,51.32,26.98,2,Thespa Gunma 3-2 Blaublitz Akita,2026-02-28
Shonan Bellmare,1.58,0.48,1.1,1.2,0.39,0.81,0.39,0.09,0.3,1.58,0.48,1.1,3,1,2,0.9,47.5,54.13,49.9,0.48,0.58,195,11,13,11,27.08,18.97,11.84,5,4,17,4,12,137.8,59.4,68.33,75.31,188.9,85.84,1,Tochigi City 1-3 Shonan Bellmare,2026-02-28
Tochigi City,0.48,1.58,-1.1,0.39,1.2,-0.81,0.09,0.39,-0.3,0.48,1.58,-1.1,1,3,-2,-0.9,52.5,45.87,43.77,0.58,0.48,181,12,11,13,18.97,27.08,12.0,4,5,30,10,10,94.2,40.6,22.4,24.69,31.17,14.16,3,Tochigi City 1-3 Shonan Bellmare,2026-02-28
Vanraure Hachinohe,1.29,1.09,0.2,1.08,1.03,0.05,0.21,0.06,0.15,1.29,1.09,0.2,0,0,0,-0.2,35.8,45.1,46.26,0.21,0.53,121,8,8,12,38.1,22.64,16.44,2,4,14,4,11,48.0,33.78,105.2,92.71,104.53,66.06,3,Vegalta Sendai 0-0 Vanraure Hachinohe,2026-02-28
Vegalta Sendai,1.09,1.29,-0.2,1.03,1.08,-0.05,0.06,0.21,-0.15,1.09,1.29,-0.2,0,0,0,0.2,64.2,54.9,46.55,0.53,0.21,236,17,12,8,22.64,38.1,11.24,4,2,21,4,6,94.1,66.22,8.27,7.29,53.7,33.94,5,Vegalta Sendai 0-0 Vanraure Hachinohe,2026-02-28
Reilac Shiga,0.52,1.31,-0.79,0.5,0.55,-0.05,0.02,0.0,0.02,0.52,0.55,-0.03,0,2,-2,-1.21,43.4,42.71,43.28,0.27,0.77,161,5,8,9,29.63,11.69,21.9,1,3,15,1,12,54.1,33.94,61.93,64.42,51.0,27.57,1,Oita Trinita 2-0 Reilac Shiga,2026-02-25
Oita Trinita,1.31,0.52,0.79,0.55,0.5,0.05,0.0,0.02,-0.02,0.55,0.52,0.03,2,0,2,1.21,56.6,57.29,48.2,0.77,0.27,227,10,9,8,11.69,29.63,12.14,3,1,17,1,7,105.3,66.06,34.2,35.58,133.97,72.43,2,Oita Trinita 2-0 Reilac Shiga,2026-02-25
Renofa Yamaguchi,0.83,1.63,-0.8,0.49,1.33,-0.84,0.35,0.3,0.05,0.83,1.63,-0.8,0,1,-1,-0.2,60.5,35.63,34.31,0.35,0.91,91,5,8,22,22.86,24.18,11.72,1,4,18,4,8,35.0,18.7,0.4,0.28,16.43,5.38,0,Kagoshima United 1-0 Renofa Yamaguchi,2026-02-22
Kagoshima United,1.63,0.83,0.8,1.33,0.49,0.84,0.3,0.35,-0.05,1.63,0.83,0.8,1,0,1,0.2,39.5,64.37,51.36,0.91,0.35,161,16,22,8,24.18,22.86,12.51,4,1,18,7,13,152.2,81.3,141.53,99.72,288.87,94.62,8,Kagoshima United 1-0 Renofa Yamaguchi,2026-02-22
Gainare Tottori,0.04,0.67,-0.63,0.04,0.32,-0.28,0.0,0.34,-0.34,0.04,0.67,-0.63,0,2,-2,-1.37,39.6,32.08,46.33,0.21,0.72,189,3,4,13,19.05,18.06,17.3,3,9,13,2,8,31.7,13.96,127.47,78.88,45.9,24.87,0,Oita Trinita 2-0 Gainare Tottori,2026-02-22
Oita Trinita,0.67,0.04,0.63,0.32,0.04,0.28,0.34,0.0,0.34,0.67,0.04,0.63,2,0,2,1.37,60.4,67.92,50.48,0.72,0.21,348,15,13,4,18.06,19.05,11.7,9,3,33,7,10,195.3,86.04,34.13,21.12,138.67,75.13,0,Oita Trinita 2-0 Gainare Tottori,2026-02-22
Zweigen Kanazawa,1.03,0.88,0.15,0.75,0.82,-0.07,0.28,0.07,0.21,1.03,0.88,0.15,2,3,-1,-1.15,56.1,55.46,47.58,1.05,0.35,251,13,10,13,9.52,37.14,17.0,0,8,31,9,12,99.3,54.98,29.4,22.67,20.86,9.56,5,Kochi United 3-2 Zweigen Kanazawa,2026-02-22
Kochi United,0.88,1.03,-0.15,0.82,0.75,0.07,0.07,0.28,-0.21,0.88,1.03,-0.15,3,2,1,1.15,43.9,44.54,49.39,0.35,1.05,215,7,13,10,37.14,9.52,15.41,8,0,12,5,6,81.3,45.02,100.27,77.33,197.28,90.44,0,Kochi United 3-2 Zweigen Kanazawa,2026-02-22
Osaka,1.92,0.41,1.51,1.85,0.41,1.44,0.07,0.0,0.07,1.92,0.41,1.51,0,2,-2,-3.51,58.9,77.0,53.62,0.38,0.33,266,18,14,6,36.84,18.18,10.47,3,1,34,8,14,195.3,91.22,39.2,46.93,189.27,83.13,2,Imabari 2-0 Osaka,2026-02-22
Imabari,0.41,1.92,-1.51,0.41,1.85,-1.44,0.0,0.07,-0.07,0.41,1.92,-1.51,2,0,2,3.51,41.1,23.0,41.21,0.33,0.38,123,4,6,14,18.18,36.84,15.81,1,3,13,1,9,18.8,8.78,44.33,53.07,38.4,16.87,0,Imabari 2-0 Osaka,2026-02-22
Kataller Toyama,0.72,1.92,-1.2,0.57,1.87,-1.3,0.16,0.05,0.11,0.72,1.92,-1.2,3,1,2,3.2,51.0,66.03,53.66,0.52,0.51,344,8,13,9,25.0,17.65,13.97,5,2,18,4,14,179.7,77.49,76.67,67.77,202.7,90.9,1,Tokushima Vortis 1-3 Kataller Toyama,2026-02-22
Tokushima Vortis,1.92,0.72,1.2,1.87,0.57,1.3,0.05,0.16,-0.11,1.92,0.72,1.2,1,3,-2,-3.2,49.0,33.97,38.9,0.51,0.52,164,10,9,13,17.65,25.0,15.08,2,5,13,8,8,52.2,22.51,36.47,32.23,20.3,9.1,1,Tokushima Vortis 1-3 Kataller Toyama,2026-02-22
Albirex Niigata,1.73,0.86,0.87,1.67,0.86,0.81,0.06,0.0,0.06,1.73,0.86,0.87,3,0,3,2.13,44.7,54.78,54.41,0.74,0.42,176,13,10,13,13.51,30.95,10.97,2,3,16,5,10,75.5,53.32,56.27,84.15,125.4,79.55,1,Kamatamare Sanuki 0-3 Albirex Niigata,2026-02-22
Kamatamare Sanuki,0.86,1.73,-0.87,0.86,1.67,-0.81,0.0,0.06,-0.06,0.86,1.73,-0.87,0,3,-3,-2.13,55.3,45.22,46.45,0.42,0.74,166,12,13,10,30.95,13.51,7.2,3,2,20,6,12,66.1,46.68,10.6,15.85,32.23,20.45,1,Kamatamare Sanuki 0-3 Albirex Niigata,2026-02-22
Tochigi City,0.97,2.14,-1.17,0.95,1.79,-0.84,0.03,0.34,-0.31,0.97,2.14,-1.17,1,5,-4,-2.83,47.3,38.15,39.48,0.35,0.79,111,8,15,20,42.86,25.32,9.68,1,8,7,5,17,41.8,24.13,34.53,44.12,37.92,13.87,1,Yokohama 5-1 Tochigi City,2026-02-22
Yokohama,2.14,0.97,1.17,1.79,0.95,0.84,0.34,0.03,0.31,2.14,0.97,1.17,5,1,4,2.83,52.7,61.85,48.73,0.79,0.35,190,16,20,15,25.32,42.86,7.14,8,1,13,1,19,131.4,75.87,43.73,55.88,235.44,86.13,5,Yokohama 5-1 Tochigi City,2026-02-22
Vegalta Sendai,1.39,1.05,0.34,1.11,1.05,0.06,0.28,0.0,0.28,1.39,1.05,0.34,2,1,1,0.66,56.3,50.77,44.48,0.73,0.55,198,18,13,8,17.81,14.55,13.62,0,2,25,6,9,103.4,64.14,43.47,34.43,75.8,51.8,2,Tochigi 1-2 Vegalta Sendai,2026-02-22
Tochigi,1.05,1.39,-0.34,1.05,1.11,-0.06,0.0,0.28,-0.28,1.05,1.39,-0.34,1,2,-1,-0.66,43.7,49.23,48.12,0.55,0.73,194,6,8,13,14.55,17.81,15.39,2,0,9,2,14,57.8,35.86,82.8,65.57,70.53,48.2,1,Tochigi 1-2 Vegalta Sendai,2026-02-22
Iwaki,0.43,0.75,-0.32,0.43,0.63,-0.2,0.0,0.12,-0.12,0.43,0.75,-0.32,0,0,0,0.32,54.8,59.4,50.55,0.67,0.71,204,14,7,10,10.45,14.08,10.08,3,2,14,3,15,102.8,52.45,17.07,33.51,79.77,47.84,7,Gifu 0-0 Iwaki,2026-02-22
Gifu,0.75,0.43,0.32,0.63,0.43,0.2,0.12,0.0,0.12,0.75,0.43,0.32,0,0,0,-0.32,45.2,40.6,46.19,0.71,0.67,136,9,10,7,14.08,10.45,10.64,2,3,15,5,8,93.2,47.55,33.87,66.49,86.97,52.16,0,Gifu 0-0 Iwaki,2026-02-22
Giravanz Kitakyushu,0.84,2.6,-1.76,0.66,2.55,-1.89,0.18,0.05,0.13,0.84,2.6,-1.76,1,4,-3,-1.24,43.7,34.47,41.42,0.14,1.03,154,5,15,18,107.14,17.48,18.25,4,4,16,3,8,45.0,20.43,84.33,68.98,83.73,37.96,0,Roasso Kumamoto 4-1 Giravanz Kitakyushu,2026-02-22
Roasso Kumamoto,2.6,0.84,1.76,2.55,0.66,1.89,0.05,0.18,-0.13,2.6,0.84,1.76,4,1,3,1.24,56.3,65.53,47.58,1.03,0.14,244,18,18,15,17.48,107.14,23.29,4,4,26,4,10,175.3,79.57,37.93,31.02,136.83,62.04,0,Roasso Kumamoto 4-1 Giravanz Kitakyushu,2026-02-22
Reilac Shiga,0.62,1.07,-0.45,0.56,1.04,-0.48,0.06,0.04,0.02,0.62,1.07,-0.45,0,0,0,0.45,34.8,43.09,47.61,0.44,1.51,159,6,10,14,22.73,9.27,15.79,7,4,22,6,11,71.8,34.22,136.93,92.56,148.67,62.57,3,Ryūkyū 0-0 Reilac Shiga,2026-02-21
Ryūkyū,1.07,0.62,0.45,1.04,0.56,0.48,0.04,0.06,-0.02,1.07,0.62,0.45,0,0,0,-0.45,65.2,56.91,43.76,1.51,0.44,238,19,14,10,9.27,22.73,11.21,4,7,13,3,6,138.0,65.78,11.0,7.44,88.93,37.43,2,Ryūkyū 0-0 Reilac Shiga,2026-02-21
Sagan Tosu,0.7,0.59,0.11,0.62,0.5,0.12,0.08,0.09,-0.01,0.7,0.59,0.11,1,2,-1,-1.11,61.5,62.14,43.72,0.71,0.73,192,9,11,9,15.49,12.33,9.93,5,3,22,9,9,94.4,64.26,13.6,12.51,64.93,38.73,0,Tegevajaro Miyazaki 2-1 Sagan Tosu,2026-02-21
Tegevajaro Miyazaki,0.59,0.7,-0.11,0.5,0.62,-0.12,0.09,0.08,0.01,0.59,0.7,-0.11,2,1,1,1.11,38.5,37.86,41.25,0.73,0.71,111,11,9,11,12.33,15.49,16.0,3,5,11,3,14,52.5,35.74,95.07,87.49,102.7,61.27,2,Tegevajaro Miyazaki 2-1 Sagan Tosu,2026-02-21
Ehime,3.03,1.06,1.97,1.3,0.99,0.31,1.73,0.07,1.66,3.03,1.06,1.97,2,2,0,-1.97,51.3,66.76,53.28,0.92,1.26,281,24,23,8,25.0,6.35,19.05,3,2,31,13,10,210.4,85.67,55.6,63.71,219.1,89.73,1,Nara Club 2-2 Ehime,2026-02-21
Nara Club,1.06,3.03,-1.97,0.99,1.3,-0.31,0.07,1.73,-1.66,1.06,3.03,-1.97,2,2,0,1.97,48.7,33.24,40.89,1.26,0.92,137,12,8,23,6.35,25.0,20.69,2,3,13,3,5,35.2,14.33,31.67,36.29,25.07,10.27,0,Nara Club 2-2 Ehime,2026-02-21
Ventforet Kofu,1.0,0.34,0.66,1.0,0.24,0.76,0.0,0.1,-0.1,1.0,0.34,0.66,1,1,0,-0.66,44.7,44.8,48.1,0.41,0.38,151,14,12,8,29.27,21.05,16.9,2,3,11,4,8,70.1,47.11,101.6,83.97,114.03,74.31,4,Fujieda MYFC 1-1 Ventforet Kofu,2026-02-21
Fujieda MYFC,0.34,1.0,-0.66,0.24,1.0,-0.76,0.1,0.0,0.1,0.34,1.0,-0.66,1,1,0,0.66,55.3,55.2,42.62,0.38,0.41,160,12,8,12,21.05,29.27,14.84,3,2,12,4,9,78.7,52.89,19.4,16.03,39.43,25.69,1,Fujieda MYFC 1-1 Ventforet Kofu,2026-02-21
Matsumoto Yamaga,1.47,1.83,-0.36,1.47,1.77,-0.3,0.0,0.05,-0.05,1.47,1.83,-0.36,2,1,1,1.36,28.0,30.95,48.0,0.57,1.22,115,3,11,13,19.3,10.66,15.48,4,3,6,2,16,18.4,10.15,197.33,98.27,162.8,84.12,1,Júbilo Iwata 1-2 Matsumoto Yamaga,2026-02-21
Júbilo Iwata,1.83,1.47,0.36,1.77,1.47,0.3,0.05,0.0,0.05,1.83,1.47,0.36,1,2,-1,-1.36,72.0,69.05,45.76,1.22,0.57,261,16,13,11,10.66,19.3,8.19,3,4,29,3,5,162.9,89.85,3.47,1.73,30.73,15.88,3,Júbilo Iwata 1-2 Matsumoto Yamaga,2026-02-21
Consadole Sapporo,2.56,1.48,1.08,1.7,1.25,0.45,0.1,0.23,-0.13,1.8,1.48,0.32,1,1,0,-1.08,73.1,73.14,45.21,0.87,0.24,285,17,18,4,20.69,16.67,8.48,2,4,21,7,8,196.7,98.15,3.53,1.79,85.1,50.36,3,Nagano Parceiro 1-1 Consadole Sapporo,2026-02-21
Nagano Parceiro,1.48,2.56,-1.08,1.25,1.7,-0.45,0.23,0.1,0.13,1.48,1.8,-0.32,1,1,0,1.08,26.9,26.86,43.04,0.24,0.87,94,5,4,18,16.67,20.69,25.45,4,2,6,2,11,3.7,1.85,193.8,98.21,83.87,49.64,0,Nagano Parceiro 1-1 Consadole Sapporo,2026-02-21
Fukushima United,0.3,2.62,-2.32,0.29,2.62,-2.33,0.01,0.01,0.0,0.3,2.62,-2.32,0,6,-6,-3.68,41.3,28.0,38.16,0.51,0.94,112,7,9,15,17.65,15.96,12.12,4,7,5,3,12,35.0,13.43,73.27,65.97,26.8,6.25,0,Omiya Ardija 6-0 Fukushima United,2026-02-21
Omiya Ardija,2.62,0.3,2.32,2.62,0.29,2.33,0.01,0.01,0.0,2.62,0.3,2.32,6,0,6,3.68,58.7,72.0,52.56,0.94,0.51,318,28,15,9,15.96,17.65,13.04,7,4,35,6,9,225.6,86.57,37.8,34.03,402.33,93.75,4,Omiya Ardija 6-0 Fukushima United,2026-02-21
Blaublitz Akita,1.26,0.87,0.39,0.77,0.76,0.01,0.5,0.11,0.39,1.26,0.87,0.39,2,1,1,0.61,50.4,56.27,51.41,0.23,0.33,188,7,12,10,52.17,30.3,6.74,5,0,22,6,14,82.8,67.7,28.33,54.84,100.37,67.98,7,Sagamihara 1-2 Blaublitz Akita,2026-02-21
Sagamihara,0.87,1.26,-0.39,0.76,0.77,-0.01,0.11,0.5,-0.39,0.87,1.26,-0.39,1,2,-1,-0.61,49.6,43.73,45.18,0.33,0.23,137,4,10,12,30.3,52.17,7.86,0,5,16,3,15,39.5,32.3,23.33,45.16,47.27,32.02,2,Sagamihara 1-2 Blaublitz Akita,2026-02-21
Vanraure Hachinohe,0.77,0.71,0.06,0.72,0.64,0.08,0.05,0.08,-0.03,0.77,0.71,0.06,0,1,-1,-1.06,41.0,51.75,50.22,0.48,0.38,184,12,16,8,33.33,21.05,15.5,4,6,19,5,12,105.3,55.3,117.53,91.35,164.33,77.13,3,Shonan Bellmare 1-0 Vanraure Hachinohe,2026-02-21
Shonan Bellmare,0.71,0.77,-0.06,0.64,0.72,-0.08,0.08,0.05,0.03,0.71,0.77,-0.06,1,0,1,1.06,59.0,48.25,42.53,0.38,0.48,204,5,8,16,21.05,33.33,9.42,6,4,8,2,12,85.1,44.7,11.13,8.65,48.73,22.87,1,Shonan Bellmare 1-0 Vanraure Hachinohe,2026-02-21
Montedio Yamagata,0.37,3.61,-3.24,0.28,3.12,-2.84,0.09,0.49,-0.4,0.37,3.61,-3.24,1,1,0,3.24,37.8,37.63,46.68,0.57,1.63,151,6,10,26,17.54,15.95,17.36,6,5,15,4,9,9.5,5.11,125.27,91.75,88.0,52.26,3,Thespa Gunma 1-1 Montedio Yamagata,2026-02-21
Thespa Gunma,3.61,0.37,3.24,3.12,0.28,2.84,0.49,0.09,0.4,3.61,0.37,3.24,1,1,0,-3.24,62.2,62.37,45.93,1.63,0.57,241,21,26,10,15.95,17.54,11.12,5,6,31,12,9,176.4,94.89,11.27,8.25,80.4,47.74,0,Thespa Gunma 1-1 Montedio Yamagata,2026-02-21
Ryūkyū,0.67,2.52,-1.85,0.66,2.16,-1.5,0.01,0.37,-0.36,0.67,2.52,-1.85,1,3,-2,-0.15,50.3,33.05,38.74,0.38,1.32,113,8,9,23,23.68,17.42,12.05,0,5,10,2,4,46.3,17.91,11.6,11.4,24.23,7.96,0,Kagoshima United 3-1 Ryūkyū,2026-02-15
Kagoshima United,2.52,0.67,1.85,2.16,0.66,1.5,0.37,0.01,0.36,2.52,0.67,1.85,3,1,2,0.15,49.7,66.95,55.3,1.32,0.38,245,24,23,9,17.42,23.68,13.92,5,0,27,9,11,212.2,82.09,90.13,88.6,280.07,92.04,10,Kagoshima United 3-1 Ryūkyū,2026-02-15
Gainare Tottori,1.05,1.56,-0.51,1.02,1.26,-0.24,0.02,0.3,-0.28,1.05,1.56,-0.51,1,3,-2,-1.49,52.2,53.85,47.55,0.61,1.05,255,8,10,11,16.39,10.48,21.39,2,5,14,3,8,136.6,52.18,59.07,37.99,46.28,19.64,0,Tegevajaro Miyazaki 3-1 Gainare Tottori,2026-02-15
Tegevajaro Miyazaki,1.56,1.05,0.51,1.26,1.02,0.24,0.3,0.02,0.28,1.56,1.05,0.51,3,1,2,1.49,47.8,46.15,47.78,1.05,0.61,232,14,11,10,10.48,16.39,19.14,5,2,22,7,6,125.2,47.82,96.4,62.01,189.39,80.36,0,Tegevajaro Miyazaki 3-1 Gainare Tottori,2026-02-15
Giravanz Kitakyushu,1.77,3.24,-1.47,0.56,3.22,-2.66,0.44,0.03,0.41,1.01,3.24,-2.23,0,2,-2,-0.53,48.2,44.76,48.09,0.28,1.61,244,5,14,17,50.0,10.56,14.59,5,3,23,7,6,114.2,36.71,64.87,51.9,79.93,29.0,0,Oita Trinita 2-0 Giravanz Kitakyushu,2026-02-15
Oita Trinita,3.24,1.77,1.47,3.22,0.56,2.66,0.03,0.44,-0.41,3.24,1.01,2.23,2,0,2,0.53,51.8,55.24,49.0,1.61,0.28,247,16,17,14,10.56,50.0,19.71,3,5,30,2,12,196.9,63.29,60.13,48.1,195.73,71.0,0,Oita Trinita 2-0 Giravanz Kitakyushu,2026-02-15
Roasso Kumamoto,0.68,1.19,-0.51,0.68,0.43,0.25,0.0,0.0,0.0,0.68,0.43,0.25,1,1,0,0.51,51.4,52.72,45.28,0.78,0.28,225,14,10,9,12.82,32.14,15.04,6,7,10,0,20,90.4,58.51,45.0,37.97,85.73,42.19,0,Sagan Tosu 1-1 Roasso Kumamoto,2026-02-15
Sagan Tosu,1.19,0.68,0.51,0.43,0.68,-0.25,0.0,0.0,0.0,0.43,0.68,-0.25,1,1,0,-0.51,48.6,47.28,44.92,0.28,0.78,188,3,9,10,32.14,12.82,12.11,7,6,16,2,9,64.1,41.49,73.53,62.03,117.47,57.81,0,Sagan Tosu 1-1 Roasso Kumamoto,2026-02-15
Reilac Shiga,0.28,1.34,-1.06,0.23,1.34,-1.11,0.05,0.0,0.05,0.28,1.34,-1.06,1,2,-1,0.06,46.0,36.06,44.2,0.42,0.95,165,8,5,13,11.9,13.68,24.44,2,3,13,3,8,26.7,16.61,54.6,51.09,14.03,6.17,1,Renofa Yamaguchi 2-1 Reilac Shiga,2026-02-15
Renofa Yamaguchi,1.34,0.28,1.06,1.34,0.23,1.11,0.0,0.05,-0.05,1.34,0.28,1.06,2,1,1,-0.06,54.0,63.94,47.45,0.95,0.42,228,18,13,5,13.68,11.9,18.8,3,2,21,7,10,134.0,83.39,52.27,48.91,213.2,93.83,1,Renofa Yamaguchi 2-1 Reilac Shiga,2026-02-15
Zweigen Kanazawa,2.06,0.66,1.4,1.94,0.6,1.34,0.13,0.06,0.07,2.06,0.66,1.4,2,2,0,-1.4,41.9,46.25,48.25,1.04,0.61,158,11,8,16,7.69,26.23,11.31,3,2,22,8,13,76.8,40.4,63.47,81.93,107.8,60.15,0,Ehime 2-2 Zweigen Kanazawa,2026-02-15
Ehime,0.66,2.06,-1.4,0.6,1.94,-1.34,0.06,0.13,-0.07,0.66,2.06,-1.4,2,2,0,1.4,58.1,53.75,48.77,0.61,1.04,252,12,16,8,26.23,7.69,10.19,2,3,29,9,9,113.3,59.6,14.0,18.07,71.43,39.85,0,Ehime 2-2 Zweigen Kanazawa,2026-02-15
Albirex Niigata,0.55,0.99,-0.44,0.49,0.89,-0.4,0.06,0.1,-0.04,0.55,0.99,-0.44,0,4,-4,-3.56,63.4,66.42,48.04,0.16,0.51,304,5,9,13,56.25,25.49,9.59,6,2,13,6,11,104.2,61.8,14.73,10.52,63.33,22.11,0,Tokushima Vortis 4-0 Albirex Niigata,2026-02-15
Tokushima Vortis,0.99,0.55,0.44,0.89,0.49,0.4,0.1,0.06,0.04,0.99,0.55,0.44,4,0,4,3.56,36.6,33.58,40.65,0.51,0.16,103,9,13,9,25.49,56.25,24.85,2,6,11,5,10,64.4,38.2,125.33,89.48,223.12,77.89,0,Tokushima Vortis 4-0 Albirex Niigata,2026-02-15
Kataller Toyama,2.26,0.35,1.91,2.21,0.32,1.89,0.06,0.03,0.03,2.26,0.35,1.91,5,1,4,2.09,61.6,63.55,52.08,1.2,0.13,278,14,16,9,13.33,69.23,7.23,4,3,24,6,11,172.4,83.69,17.27,19.55,133.67,81.04,0,Kamatamare Sanuki 1-5 Kataller Toyama,2026-02-15
Kamatamare Sanuki,0.35,2.26,-1.91,0.32,2.21,-1.89,0.03,0.06,-0.03,0.35,2.26,-1.91,1,5,-4,-2.09,38.4,36.45,46.81,0.13,1.2,137,9,9,16,69.23,13.33,11.22,3,4,12,4,13,33.6,16.31,71.07,80.45,31.27,18.96,2,Kamatamare Sanuki 1-5 Kataller Toyama,2026-02-15
Kochi United,1.52,1.81,-0.29,1.52,1.5,0.02,0.0,0.31,-0.31,1.52,1.81,-0.29,2,2,0,0.29,58.0,48.3,47.44,0.82,0.84,170,14,13,13,15.85,15.48,14.4,2,5,18,2,12,99.7,55.17,9.6,10.29,77.07,36.69,0,Osaka 2-2 Kochi United,2026-02-15
Osaka,1.81,1.52,0.29,1.5,1.52,-0.02,0.31,0.0,0.31,1.81,1.52,0.29,2,2,0,-0.29,42.0,51.7,51.89,0.84,0.82,159,19,13,13,15.48,15.85,12.19,5,2,27,6,8,81.0,44.83,83.73,89.71,133.0,63.31,7,Osaka 2-2 Kochi United,2026-02-15
Júbilo Iwata,0.79,0.57,0.22,0.79,0.57,0.22,0.0,0.0,0.0,0.79,0.57,0.22,1,2,-1,-1.22,51.1,47.71,43.12,0.38,0.47,177,10,10,4,26.32,8.51,16.58,3,6,13,1,7,81.7,51.03,45.73,33.66,42.27,28.04,4,Gifu 2-1 Júbilo Iwata,2026-02-15
Gifu,0.57,0.79,-0.22,0.57,0.79,-0.22,0.0,0.0,0.0,0.57,0.79,-0.22,2,1,1,1.22,48.9,52.29,45.07,0.47,0.38,182,8,4,10,8.51,26.32,15.17,6,3,15,4,15,78.4,48.97,90.13,66.34,108.47,71.96,1,Gifu 2-1 Júbilo Iwata,2026-02-15
Blaublitz Akita,0.6,0.13,0.47,0.5,0.13,0.37,0.1,0.0,0.1,0.6,0.13,0.47,1,0,1,0.53,36.4,54.43,54.18,0.4,0.49,143,8,10,4,25.0,8.16,10.21,4,1,14,2,26,80.5,56.57,114.47,100.0,161.23,90.27,3,Tochigi City 0-1 Blaublitz Akita,2026-02-15
Tochigi City,0.13,0.6,-0.47,0.13,0.5,-0.37,0.0,0.1,-0.1,0.13,0.6,-0.47,0,1,-1,-0.53,63.6,45.57,41.42,0.49,0.4,157,10,4,10,8.16,25.0,5.03,1,4,12,3,17,61.8,43.43,0.0,0.0,17.37,9.73,3,Tochigi City 0-1 Blaublitz Akita,2026-02-15
Montedio Yamagata,2.08,1.73,0.35,2.03,1.68,0.35,0.04,0.05,-0.01,2.08,1.73,0.35,2,1,1,0.65,58.9,58.68,46.27,0.94,0.52,221,12,11,17,11.7,32.69,11.04,2,4,17,2,7,144.6,58.0,22.87,20.27,107.83,45.11,1,Tochigi 1-2 Montedio Yamagata,2026-02-15
Tochigi,1.73,2.08,-0.35,1.68,2.03,-0.35,0.05,0.04,0.01,1.73,2.08,-0.35,1,2,-1,-0.65,41.1,41.32,48.63,0.52,0.94,181,6,17,11,32.69,11.7,13.77,4,2,14,4,15,104.7,42.0,89.93,79.73,131.2,54.89,2,Tochigi 1-2 Montedio Yamagata,2026-02-15
Fukushima United,0.61,3.09,-2.48,0.52,2.62,-2.1,0.09,0.47,-0.38,0.61,3.09,-2.48,1,3,-2,0.48,50.8,35.24,42.64,0.4,1.35,140,11,7,25,17.5,18.52,8.92,1,7,13,3,12,19.7,9.52,10.33,13.68,10.93,3.51,1,Iwaki 3-1 Fukushima United,2026-02-15
Iwaki,3.09,0.61,2.48,2.62,0.52,2.1,0.47,0.09,0.38,3.09,0.61,2.48,3,1,2,-0.48,49.2,64.76,58.49,1.35,0.4,230,25,25,7,18.52,17.5,7.67,7,1,28,7,17,187.2,90.48,65.2,86.32,300.37,96.49,2,Iwaki 3-1 Fukushima United,2026-02-15
Imabari,1.47,0.59,0.88,1.45,0.57,0.88,0.02,0.01,0.01,1.47,0.59,0.88,0,1,-1,-1.88,57.2,56.58,44.86,0.61,0.32,220,11,13,7,21.31,21.88,9.58,1,4,16,4,9,97.1,74.35,23.67,16.89,45.57,32.08,0,Nara Club 1-0 Imabari,2026-02-14
Nara Club,0.59,1.47,-0.88,0.57,1.45,-0.88,0.01,0.02,-0.01,0.59,1.47,-0.88,1,0,1,1.88,42.8,43.42,47.33,0.32,0.61,176,9,7,13,21.88,21.31,12.74,4,1,10,4,10,33.5,25.65,116.47,83.11,96.47,67.92,2,Nara Club 1-0 Imabari,2026-02-14
Matsumoto Yamaga,1.09,2.33,-1.24,0.97,1.56,-0.59,0.12,0.01,0.11,1.09,1.57,-0.48,0,2,-2,-0.76,41.7,37.41,43.93,0.22,0.57,121,5,6,13,27.27,22.81,13.04,4,7,14,5,11,31.7,24.38,73.73,95.75,55.8,42.1,1,Fujieda MYFC 2-0 Matsumoto Yamaga,2026-02-14
Fujieda MYFC,2.33,1.09,1.24,1.56,0.97,0.59,0.01,0.12,-0.11,1.57,1.09,0.48,2,0,2,0.76,58.3,62.59,45.39,0.57,0.22,174,5,13,6,22.81,27.27,7.56,7,4,21,6,11,98.3,75.62,3.27,4.25,76.73,57.9,0,Fujieda MYFC 2-0 Matsumoto Yamaga,2026-02-14
Nagano Parceiro,0.16,2.67,-2.51,0.16,2.14,-1.98,0.0,0.52,-0.52,0.16,2.67,-2.51,0,2,-2,0.51,46.6,42.18,43.92,0.25,1.0,141,3,4,15,16.0,15.0,9.87,4,7,12,3,14,36.1,21.39,40.8,51.65,23.93,11.09,0,Ventforet Kofu 2-0 Nagano Parceiro,2026-02-14
Ventforet Kofu,2.67,0.16,2.51,2.14,0.16,1.98,0.52,0.0,0.52,2.67,0.16,2.51,2,0,2,-0.51,53.4,57.82,50.81,1.0,0.25,203,16,15,4,15.0,16.0,8.11,7,4,20,6,13,132.7,78.61,38.2,48.35,191.83,88.91,4,Ventforet Kofu 2-0 Nagano Parceiro,2026-02-14
Consadole Sapporo,1.79,2.53,-0.74,1.46,2.51,-1.05,0.33,0.02,0.31,1.79,2.53,-0.74,2,3,-1,-0.26,37.7,41.61,54.13,1.1,1.39,199,24,14,24,12.73,17.27,15.23,3,3,22,6,7,104.9,36.25,128.27,94.64,173.53,63.43,1,Omiya Ardija 3-2 Consadole Sapporo,2026-02-14
Omiya Ardija,2.53,1.79,0.74,2.51,1.46,1.05,0.02,0.33,-0.31,2.53,1.79,0.74,3,2,1,0.26,62.3,58.39,48.6,1.39,1.1,284,26,24,14,17.27,12.73,9.96,3,3,21,6,13,184.5,63.75,7.27,5.36,100.03,36.57,2,Omiya Ardija 3-2 Consadole Sapporo,2026-02-14
Sagamihara,0.34,2.01,-1.67,0.34,2.0,-1.66,0.0,0.01,-0.01,0.34,2.01,-1.67,0,4,-4,-2.33,41.5,49.35,48.51,0.19,1.0,151,3,5,14,26.32,14.0,13.04,3,1,8,2,16,34.0,24.29,67.13,86.96,35.3,25.19,3,Shonan Bellmare 4-0 Sagamihara,2026-02-14
Shonan Bellmare,2.01,0.34,1.67,2.0,0.34,1.66,0.01,0.0,0.01,2.01,0.34,1.67,4,0,4,2.33,58.5,50.65,46.62,1.0,0.19,169,17,14,5,14.0,26.32,7.84,1,3,28,7,17,106.0,75.71,10.07,13.04,104.83,74.81,0,Shonan Bellmare 4-0 Sagamihara,2026-02-14
Vegalta Sendai,0.58,0.49,0.09,0.56,0.47,0.09,0.02,0.03,-0.01,0.58,0.49,0.09,1,0,1,0.91,45.3,46.67,45.25,0.5,0.4,133,10,12,9,24.0,22.5,18.28,2,5,15,4,11,69.5,56.32,67.93,68.66,105.93,70.75,2,Yokohama 0-1 Vegalta Sendai,2026-02-14
Yokohama,0.49,0.58,-0.09,0.47,0.56,-0.09,0.03,0.02,0.01,0.49,0.58,-0.09,0,1,-1,-0.91,54.7,53.33,45.66,0.4,0.5,166,9,9,12,22.5,24.0,9.39,5,2,20,3,13,53.9,43.68,31.0,31.34,43.8,29.25,3,Yokohama 0-1 Vegalta Sendai,2026-02-14
Vanraure Hachinohe,0.77,0.55,0.22,0.65,0.45,0.2,0.13,0.1,0.03,0.77,0.55,0.22,1,0,1,0.78,36.3,54.52,50.75,0.42,0.57,177,10,10,5,23.81,8.77,18.93,3,0,20,3,12,105.8,58.32,167.0,99.25,215.67,94.39,1,Thespa Gunma 0-1 Vanraure Hachinohe,2026-02-14
Thespa Gunma,0.55,0.77,-0.22,0.45,0.65,-0.2,0.1,0.13,-0.03,0.55,0.77,-0.22,0,1,-1,-0.78,63.7,45.48,41.57,0.57,0.42,216,8,5,10,8.77,23.81,16.0,0,3,14,2,10,75.6,41.68,1.27,0.75,12.83,5.61,2,Thespa Gunma 0-1 Vanraure Hachinohe,2026-02-14
Sagan Tosu,1.51,2.78,-1.27,1.44,2.22,-0.78,0.06,0.56,-0.5,1.51,2.78,-1.27,2,2,0,1.27,73.2,63.43,44.32,0.79,0.52,297,10,15,14,18.99,26.92,9.95,3,10,23,8,7,176.0,70.94,0.53,0.28,86.57,30.97,0,Ryūkyū 2-2 Sagan Tosu,2026-02-08
Ryūkyū,2.78,1.51,1.27,2.22,1.44,0.78,0.56,0.06,0.5,2.78,1.51,1.27,2,2,0,-1.27,26.8,36.57,50.82,0.52,0.79,134,7,14,15,26.92,18.99,18.93,10,3,12,4,6,72.1,29.06,189.8,99.72,192.93,69.03,0,Ryūkyū 2-2 Sagan Tosu,2026-02-08
Tegevajaro Miyazaki,0.7,0.86,-0.16,0.7,0.81,-0.11,0.0,0.05,-0.05,0.7,0.86,-0.16,3,2,1,1.16,45.8,37.98,43.49,0.17,0.72,151,5,6,9,35.29,12.5,13.04,2,2,13,3,15,29.6,18.19,44.93,49.7,19.13,9.99,0,Kagoshima United 2-3 Tegevajaro Miyazaki,2026-02-08
Kagoshima United,0.86,0.7,0.16,0.81,0.7,0.11,0.05,0.0,0.05,0.86,0.7,0.16,2,3,-1,-1.16,54.2,62.02,52.8,0.72,0.17,274,20,9,6,12.5,35.29,10.31,2,2,27,6,17,133.1,81.81,45.47,50.3,172.27,90.01,7,Kagoshima United 2-3 Tegevajaro Miyazaki,2026-02-08
Kataller Toyama,1.28,3.44,-2.16,0.51,3.38,-2.87,0.02,0.06,-0.04,0.52,3.44,-2.92,1,3,-2,0.16,64.9,57.65,43.5,0.3,0.86,266,5,10,20,33.33,23.26,8.9,7,8,20,9,3,119.1,56.07,22.33,13.37,74.9,24.82,0,Kochi United 3-1 Kataller Toyama,2026-02-08
Kochi United,3.44,1.28,2.16,3.38,0.51,2.87,0.06,0.02,0.04,3.44,0.52,2.92,3,1,2,-0.16,35.1,42.35,48.14,0.86,0.3,168,13,20,10,23.26,33.33,16.28,8,7,19,8,19,93.3,43.93,144.67,86.63,226.83,75.18,1,Kochi United 3-1 Kataller Toyama,2026-02-08
Zweigen Kanazawa,1.3,0.44,0.86,1.06,0.36,0.7,0.25,0.07,0.18,1.3,0.44,0.86,0,0,0,-0.86,51.3,53.99,51.31,0.9,0.62,233,13,16,7,17.78,11.29,13.91,1,1,21,5,17,134.3,67.62,50.0,54.82,131.0,71.51,0,Imabari 0-0 Zweigen Kanazawa,2026-02-08
Imabari,0.44,1.3,-0.86,0.36,1.06,-0.7,0.07,0.25,-0.18,0.44,1.3,-0.86,0,0,0,0.86,48.7,46.01,44.46,0.62,0.9,158,13,7,16,11.29,17.78,13.58,1,1,14,5,9,64.3,32.38,41.2,45.18,52.2,28.49,0,Imabari 0-0 Zweigen Kanazawa,2026-02-08
Kamatamare Sanuki,1.57,1.43,0.14,1.55,1.01,0.54,0.02,0.42,-0.4,1.57,1.43,0.14,1,0,1,0.86,36.5,32.45,48.29,0.77,1.13,123,6,10,17,12.99,15.04,12.04,3,2,18,7,12,45.9,23.18,41.93,80.43,68.57,44.01,0,Osaka 0-1 Kamatamare Sanuki,2026-02-08
Osaka,1.43,1.57,-0.14,1.01,1.55,-0.54,0.42,0.02,0.4,1.43,1.57,-0.14,0,1,-1,-0.86,63.5,67.55,56.37,1.13,0.77,285,20,17,10,15.04,12.99,6.41,2,3,35,6,15,152.1,76.82,10.2,19.57,87.23,55.99,4,Osaka 0-1 Kamatamare Sanuki,2026-02-08
Consadole Sapporo,0.26,1.64,-1.38,0.26,1.64,-1.38,0.0,0.0,0.0,0.26,1.64,-1.38,0,1,-1,0.38,60.0,42.9,39.43,0.58,1.22,213,8,4,22,6.9,18.03,11.44,2,8,12,3,6,69.5,31.22,2.0,1.19,9.8,3.17,0,Iwaki 1-0 Consadole Sapporo,2026-02-08
Iwaki,1.64,0.26,1.38,1.64,0.26,1.38,0.0,0.0,0.0,1.64,0.26,1.38,1,0,1,-0.38,40.0,57.1,53.86,1.22,0.58,238,21,22,4,18.03,6.9,15.51,8,2,26,5,16,153.1,68.78,166.13,98.81,299.43,96.83,4,Iwaki 1-0 Consadole Sapporo,2026-02-08
Gifu,2.41,0.76,1.65,1.65,0.74,0.91,0.0,0.03,-0.03,1.65,0.76,0.89,2,0,2,0.35,37.4,36.72,44.16,0.5,0.87,126,11,11,9,22.0,10.34,24.71,0,1,5,4,9,61.5,33.46,112.87,88.69,134.93,65.6,0,Fujieda MYFC 0-2 Gifu,2026-02-08
Fujieda MYFC,0.76,2.41,-1.65,0.74,1.65,-0.91,0.03,0.0,0.03,0.76,1.65,-0.89,0,2,-2,-0.35,62.6,63.28,47.03,0.87,0.5,225,15,9,11,10.34,22.0,13.05,1,0,23,6,12,122.3,66.54,14.4,11.31,70.77,34.4,1,Fujieda MYFC 0-2 Gifu,2026-02-08
Albirex Niigata,0.44,1.23,-0.79,0.39,1.14,-0.75,0.05,0.08,-0.03,0.44,1.23,-0.79,1,0,1,1.79,34.6,42.06,46.88,0.51,0.68,168,9,6,21,11.76,30.88,28.1,2,0,18,5,3,39.9,20.91,117.8,96.98,114.7,67.13,1,Ehime 0-1 Albirex Niigata,2026-02-08
Ehime,1.23,0.44,0.79,1.14,0.39,0.75,0.08,0.05,0.03,1.23,0.44,0.79,0,1,-1,-1.79,65.4,57.94,47.41,0.68,0.51,306,12,21,6,30.88,11.76,17.81,0,2,20,7,14,150.9,79.09,3.67,3.02,56.17,32.87,0,Ehime 0-1 Albirex Niigata,2026-02-08
Renofa Yamaguchi,1.21,0.81,0.4,1.13,0.74,0.39,0.08,0.07,0.01,1.21,0.81,0.4,1,2,-1,-1.4,50.4,50.73,46.93,0.92,0.63,224,14,11,13,11.96,20.63,15.04,5,4,19,2,8,100.7,44.76,50.6,36.92,67.97,30.83,0,Roasso Kumamoto 2-1 Renofa Yamaguchi,2026-02-08
Roasso Kumamoto,0.81,1.21,-0.4,0.74,1.13,-0.39,0.07,0.08,-0.01,0.81,1.21,-0.4,2,1,1,1.4,49.6,49.27,47.41,0.63,0.92,223,14,13,11,20.63,11.96,14.85,4,5,19,7,11,124.3,55.24,86.47,63.08,152.5,69.17,0,Roasso Kumamoto 2-1 Renofa Yamaguchi,2026-02-08
Gainare Tottori,1.57,0.77,0.8,1.46,0.46,1.0,0.11,0.31,-0.2,1.57,0.77,0.8,3,1,2,1.2,54.1,53.25,47.16,0.77,0.18,207,13,14,10,18.18,55.56,15.0,3,1,15,4,16,132.7,63.43,28.07,29.42,105.2,61.57,1,Giravanz Kitakyushu 1-3 Gainare Tottori,2026-02-07
Giravanz Kitakyushu,0.77,1.57,-0.8,0.46,1.46,-1.0,0.31,0.11,0.2,0.77,1.57,-0.8,1,3,-2,-1.2,45.9,46.75,47.27,0.18,0.77,191,6,10,14,55.56,18.18,16.16,1,3,15,5,7,76.5,36.57,67.33,70.58,65.67,38.43,1,Giravanz Kitakyushu 1-3 Gainare Tottori,2026-02-07
Tokushima Vortis,2.19,1.36,0.83,1.92,1.27,0.65,0.26,0.1,0.16,2.19,1.36,0.83,6,0,6,5.17,40.5,33.63,37.2,0.26,0.71,118,8,13,13,50.0,18.31,31.35,2,4,15,2,5,51.9,24.31,92.87,59.71,172.5,77.32,0,Nara Club 0-6 Tokushima Vortis,2026-02-07
Nara Club,1.36,2.19,-0.83,1.27,1.92,-0.65,0.1,0.26,-0.16,1.36,2.19,-0.83,0,6,-6,-5.17,59.5,66.37,50.62,0.71,0.26,387,13,13,13,18.31,50.0,17.43,4,2,19,7,7,161.6,75.69,62.67,40.29,50.6,22.68,1,Nara Club 0-6 Tokushima Vortis,2026-02-07
Nagano Parceiro,0.38,0.27,0.11,0.33,0.25,0.08,0.05,0.02,0.03,0.38,0.27,0.11,0,0,0,-0.11,42.4,54.47,53.37,0.42,0.22,209,7,8,6,19.05,27.27,13.65,2,0,29,9,18,78.6,58.83,101.4,88.89,135.17,85.55,3,Júbilo Iwata 0-0 Nagano Parceiro,2026-02-07
Júbilo Iwata,0.27,0.38,-0.11,0.25,0.33,-0.08,0.02,0.05,-0.03,0.27,0.38,-0.11,0,0,0,0.11,57.6,45.53,43.68,0.22,0.42,198,4,6,8,27.27,19.05,13.63,0,2,18,3,8,55.0,41.17,12.67,11.11,22.83,14.45,2,Júbilo Iwata 0-0 Nagano Parceiro,2026-02-07
Fukushima United,1.95,0.63,1.32,0.76,0.46,0.3,0.43,0.17,0.26,1.19,0.63,0.56,1,4,-3,-4.32,56.2,42.68,44.77,0.51,0.84,227,9,16,10,31.37,11.9,10.86,2,6,7,4,6,93.8,45.76,18.53,19.56,50.52,19.16,0,Ventforet Kofu 4-1 Fukushima United,2026-02-07
Ventforet Kofu,0.63,1.95,-1.32,0.46,0.76,-0.3,0.17,0.43,-0.26,0.63,1.19,-0.56,4,1,3,4.32,43.8,57.32,52.61,0.84,0.51,234,20,10,16,11.9,31.37,11.8,6,2,19,5,16,111.2,54.24,76.2,80.44,213.22,80.84,0,Ventforet Kofu 4-1 Fukushima United,2026-02-07
Matsumoto Yamaga,1.33,0.77,0.56,1.32,0.66,0.66,0.01,0.11,-0.1,1.33,0.77,0.56,1,2,-1,-1.56,37.2,39.84,47.33,0.34,0.6,160,8,12,11,35.29,18.33,14.82,5,5,14,2,17,60.5,31.83,127.93,90.95,86.73,36.64,2,Omiya Ardija 2-1 Matsumoto Yamaga,2026-02-07
Omiya Ardija,0.77,1.33,-0.56,0.66,1.32,-0.66,0.11,0.01,0.1,0.77,1.33,-0.56,2,1,1,1.56,62.8,60.16,46.33,0.6,0.34,274,13,11,12,18.33,35.29,7.97,5,5,18,8,9,129.6,68.17,12.73,9.05,150.0,63.36,0,Omiya Ardija 2-1 Matsumoto Yamaga,2026-02-07
Blaublitz Akita,3.17,1.29,1.88,1.65,1.19,0.46,0.76,0.1,0.66,2.41,1.29,1.12,2,1,1,-0.88,33.9,49.12,54.95,0.6,0.4,178,18,17,11,28.33,27.5,13.51,6,3,19,4,10,138.2,57.49,165.73,98.61,258.47,87.99,1,Shonan Bellmare 1-2 Blaublitz Akita,2026-02-07
Shonan Bellmare,1.29,3.17,-1.88,1.19,1.65,-0.46,0.1,0.76,-0.66,1.29,2.41,-1.12,1,2,-1,0.88,66.1,50.88,43.33,0.4,0.6,233,8,11,17,27.5,28.33,7.65,3,6,24,5,14,102.2,42.51,2.33,1.39,35.27,12.01,1,Shonan Bellmare 1-2 Blaublitz Akita,2026-02-07
Montedio Yamagata,1.92,1.68,0.24,1.89,1.63,0.26,0.04,0.05,-0.01,1.92,1.68,0.24,2,1,1,0.76,32.6,35.0,47.65,0.62,0.86,123,7,9,14,14.52,16.28,18.67,4,1,12,4,12,43.9,21.75,139.2,99.86,149.63,85.87,1,Yokohama 1-2 Montedio Yamagata,2026-02-07
Yokohama,1.68,1.92,-0.24,1.63,1.89,-0.26,0.05,0.04,0.01,1.68,1.92,-0.24,1,2,-1,-0.76,67.4,65.0,47.34,0.86,0.62,271,16,14,9,16.28,14.52,12.17,1,4,30,7,8,157.9,78.25,0.2,0.14,24.63,14.13,4,Yokohama 1-2 Montedio Yamagata,2026-02-07
Vegalta Sendai,1.73,1.45,0.28,0.9,1.3,-0.4,0.83,0.16,0.67,1.73,1.45,0.28,4,1,3,2.72,38.7,45.77,44.24,0.37,0.58,120,14,14,11,37.84,18.97,9.69,8,6,16,3,12,97.6,48.08,71.67,89.51,162.37,82.48,6,Tochigi City 1-4 Vegalta Sendai,2026-02-07
Tochigi City,1.45,1.73,-0.28,1.3,0.9,0.4,0.16,0.83,-0.67,1.45,1.73,-0.28,1,4,-3,-2.72,61.3,54.23,44.56,0.58,0.37,194,10,11,14,18.97,37.84,7.17,6,8,28,7,15,105.4,51.92,8.4,10.49,34.5,17.52,2,Tochigi City 1-4 Vegalta Sendai,2026-02-07
