Team,xG,xGA,xGD,Open Play xG,Open Play xGA,Open Play xGD,Set Piece xG,Set Piece xGA,Set Piece xGD,npxG,npxGA,npxGD,Goals,Goals Conceded,GD,GD-xGD,Possession,Field Tilt,Avg Pass Height,xT,xT Against,Passes in Opposition Half,Passes into Box,Shots,Shots Faced,Shots per 1.0 xT,Shots Faced per 1.0 xT Against,PPDA,High Recoveries,High Recoveries Against,Crosses,Corners,Fouls,On-Ball Pressure,On-Ball Pressure Share,Off-Ball Pressure,Off-Ball Pressure Share,Game Control,Game Control Share,Throw-Ins into the Box,Match,Date
Penafiel,2.56,1.35,1.21,2.46,1.30,1.16,0.10,0.05,0.05,2.56,1.35,1.21,2,3,-1,-2.21,50.80,48.79,44.73,0.55,0.33,146,8,22,10,40.0,30.3,10.96,2,3,21,5,14,85.3,57.71,54.8,58.5,94.63,50.22,9,Torreense 3-2 Penafiel,2026-05-04
Torreense,1.35,2.56,-1.21,1.30,2.46,-1.16,0.05,0.10,-0.05,1.35,2.56,-1.21,3,2,1,2.21,49.20,51.21,44.56,0.33,0.55,145,8,10,22,30.3,40.0,8.77,3,2,9,4,11,62.5,42.29,38.87,41.5,93.8,49.78,0,Torreense 3-2 Penafiel,2026-05-04
Felgueiras 1932,1.15,0.26,0.89,1.00,0.26,0.74,0.15,0.00,0.15,1.15,0.26,0.89,0,1,-1,-1.89,42.90,51.76,51.63,0.52,0.25,173,14,13,5,25.0,20.0,10.64,4,6,31,9,13,106.9,65.7,91.93,76.91,139.5,82.75,0,Porto II 1-0 Felgueiras 1932,2026-05-04
Porto II,0.26,1.15,-0.89,0.26,1.00,-0.74,0.00,0.15,-0.15,0.26,1.15,-0.89,1,0,1,1.89,57.10,48.24,47.89,0.25,0.52,214,6,5,13,20.0,25.0,9.50,6,4,13,1,13,55.8,34.3,27.6,23.09,29.07,17.25,3,Porto II 1-0 Felgueiras 1932,2026-05-04
Farense,2.46,1.83,0.63,0.83,1.83,-1.00,0.11,0.00,0.11,0.94,1.83,-0.89,3,0,3,2.37,37.60,37.75,46.13,0.54,0.99,124,7,13,19,24.07,19.19,10.82,5,3,16,6,11,42.5,23.68,82.93,84.8,89.1,61.1,2,União de Leiria 0-3 Farense,2026-05-03
União de Leiria,1.83,2.46,-0.63,1.83,0.83,1.00,0.00,0.11,-0.11,1.83,0.94,0.89,0,3,-3,-2.37,62.40,62.25,48.48,0.99,0.54,220,15,19,13,19.19,24.07,8.88,3,5,24,2,15,137.0,76.32,14.87,15.2,56.73,38.9,2,União de Leiria 0-3 Farense,2026-05-03
Feirense,2.68,0.82,1.86,2.51,0.47,2.04,0.17,0.35,-0.18,2.68,0.82,1.86,2,1,1,-0.86,51.30,49.01,49.56,0.94,0.27,151,15,19,15,20.21,55.56,8.50,1,6,18,6,20,97.7,62.19,15.6,31.37,91.1,76.09,1,Paços de Ferreira 1-2 Feirense,2026-05-03
Paços de Ferreira,0.82,2.68,-1.86,0.47,2.51,-2.04,0.35,0.17,0.18,0.82,2.68,-1.86,1,2,-1,0.86,48.70,50.99,47.99,0.27,0.94,130,13,15,19,55.56,20.21,5.91,6,1,29,15,10,59.4,37.81,34.13,68.63,28.63,23.91,5,Paços de Ferreira 1-2 Feirense,2026-05-03
Chaves,1.28,1.38,-0.10,1.16,0.67,0.49,0.12,0.71,-0.59,1.28,1.38,-0.10,2,3,-1,-0.90,52.70,56.25,47.19,0.75,0.15,184,14,13,10,17.33,66.67,9.00,1,3,21,8,18,83.7,68.78,30.07,33.07,98.8,75.71,0,Portimonense 3-2 Chaves,2026-05-03
Portimonense,1.38,1.28,0.10,0.67,1.16,-0.49,0.71,0.12,0.59,1.38,1.28,0.10,3,2,1,0.90,47.30,43.75,45.77,0.15,0.75,147,15,10,13,66.67,17.33,8.47,3,1,20,7,15,38.0,31.22,60.87,66.93,31.7,24.29,10,Portimonense 3-2 Chaves,2026-05-03
Vizela,0.26,1.82,-1.56,0.20,1.80,-1.60,0.06,0.02,0.04,0.26,1.82,-1.56,0,0,0,1.56,51.20,45.83,41.21,0.39,1.04,121,6,8,18,20.51,17.31,7.62,3,5,18,6,14,45.5,32.5,29.4,44.59,46.67,31.22,1,Academico Viseu 0-0 Vizela,2026-05-02
Academico Viseu,1.82,0.26,1.56,1.80,0.20,1.60,0.02,0.06,-0.04,1.82,0.26,1.56,0,0,0,-1.56,48.80,54.17,45.57,1.04,0.39,137,14,18,8,17.31,20.51,6.61,5,3,17,3,18,94.5,67.5,36.53,55.41,102.8,68.78,3,Academico Viseu 0-0 Vizela,2026-05-02
Lusitânia Lourosa,1.54,2.06,-0.52,0.48,1.04,-0.56,0.30,1.02,-0.72,0.78,2.06,-1.28,0,0,0,0.52,39.90,36.49,42.07,0.36,1.28,123,14,11,16,30.56,12.5,10.21,5,5,20,6,21,37.2,20.27,87.93,86.21,81.6,41.12,6,Oliveirense 0-0 Lusitânia Lourosa,2026-05-02
Oliveirense,2.06,1.54,0.52,1.04,0.48,0.56,1.02,0.30,0.72,2.06,0.78,1.28,0,0,0,-0.52,60.10,63.51,47.30,1.28,0.36,232,19,16,11,12.5,30.56,7.75,5,5,28,5,13,146.3,79.73,14.07,13.79,116.83,58.88,1,Oliveirense 0-0 Lusitânia Lourosa,2026-05-02
Benfica II,2.26,0.50,1.76,1.38,0.47,0.91,0.12,0.03,0.09,1.50,0.50,1.00,1,0,1,-0.76,51.10,58.28,50.52,0.56,0.44,240,14,20,7,35.71,15.91,8.97,5,4,13,3,22,156.9,74.18,66.67,54.53,167.4,82.13,2,Sporting CP II 0-1 Benfica II,2026-05-01
Sporting CP II,0.50,2.26,-1.76,0.47,1.38,-0.91,0.03,0.12,-0.09,0.50,1.50,-1.00,0,1,-1,0.76,48.90,41.72,44.63,0.44,0.56,177,7,7,20,15.91,35.71,9.19,4,5,11,2,17,54.6,25.82,55.6,45.47,36.43,17.87,2,Sporting CP II 0-1 Benfica II,2026-05-01
Leixões,2.45,0.56,1.89,2.45,0.24,2.21,0.00,0.32,-0.32,2.45,0.56,1.89,2,3,-1,-2.89,59.20,52.23,44.74,0.74,0.17,170,6,11,7,14.86,41.18,7.76,3,8,13,1,13,96.0,60.99,14.33,14.64,61.7,41.55,0,Marítimo 3-2 Leixões,2026-05-01
Marítimo,0.56,2.45,-1.89,0.24,2.45,-2.21,0.32,0.00,0.32,0.56,2.45,-1.89,3,2,1,2.89,40.80,47.77,43.22,0.17,0.74,112,4,7,11,41.18,14.86,9.90,8,3,5,2,15,61.4,39.01,83.53,85.36,86.8,58.45,2,Marítimo 3-2 Leixões,2026-05-01
Torreense,0.57,0.15,0.42,0.53,0.14,0.39,0.04,0.02,0.02,0.57,0.15,0.42,0,0,0,-0.42,54.10,52.71,42.91,0.53,0.28,135,14,7,7,13.21,25.0,6.59,6,5,18,4,12,56.8,60.3,13.2,17.71,36.77,35.95,2,Feirense 0-0 Torreense,2026-04-28
Feirense,0.15,0.57,-0.42,0.14,0.53,-0.39,0.02,0.04,-0.02,0.15,0.57,-0.42,0,0,0,0.42,45.90,47.29,44.59,0.28,0.53,127,6,7,7,25.0,13.21,8.48,5,6,14,5,14,37.4,39.7,61.33,82.29,65.5,64.05,4,Feirense 0-0 Torreense,2026-04-28
Oliveirense,2.64,2.30,0.34,2.56,2.04,0.52,0.08,0.25,-0.17,2.64,2.30,0.34,1,2,-1,-1.34,44.30,41.48,44.52,0.55,0.69,161,9,15,20,27.27,28.99,13.50,5,6,12,6,9,70.4,31.46,64.87,72.56,72.23,37.75,0,Chaves 2-1 Oliveirense,2026-04-27
Chaves,2.30,2.64,-0.34,2.04,2.56,-0.52,0.25,0.08,0.17,2.30,2.64,-0.34,2,1,1,1.34,55.70,58.52,47.48,0.69,0.55,241,13,20,15,28.99,27.27,11.45,6,5,30,5,11,153.4,68.54,24.53,27.44,119.1,62.25,0,Chaves 2-1 Oliveirense,2026-04-27
Marítimo,1.81,0.51,1.30,1.02,0.51,0.51,0.03,0.00,0.03,1.05,0.51,0.54,2,1,1,-0.30,35.10,46.74,48.72,0.25,0.4,110,10,13,9,52.0,22.5,10.00,4,4,10,2,22,55.7,45.1,104.27,97.09,180.5,95.97,7,Benfica II 1-2 Marítimo,2026-04-26
Benfica II,0.51,1.81,-1.30,0.51,1.02,-0.51,0.00,0.03,-0.03,0.51,1.05,-0.54,1,2,-1,0.30,64.90,53.26,45.73,0.4,0.25,194,6,9,13,22.5,52.0,4.55,4,4,19,5,14,67.8,54.9,3.13,2.91,7.57,4.03,1,Benfica II 1-2 Marítimo,2026-04-26
Porto II,0.37,2.13,-1.76,0.37,1.36,-0.99,0.00,0.01,-0.01,0.37,1.37,-1.00,0,3,-3,-1.24,52.20,57.87,45.65,0.52,0.3,184,10,6,8,11.54,26.67,12.30,2,1,11,2,12,105.2,64.3,40.13,39.89,64.58,49.83,2,Penafiel 3-0 Porto II,2026-04-26
Penafiel,2.13,0.37,1.76,1.36,0.37,0.99,0.01,0.00,0.01,1.37,0.37,1.00,3,0,3,1.24,47.80,42.13,42.04,0.3,0.52,129,5,8,6,26.67,11.54,11.24,1,2,15,3,17,58.4,35.7,60.47,60.11,65.01,50.17,2,Penafiel 3-0 Porto II,2026-04-26
Sporting CP II,0.53,1.69,-1.16,0.48,0.97,-0.49,0.05,0.72,-0.67,0.53,1.69,-1.16,0,1,-1,0.16,58.70,52.54,47.04,0.46,0.29,239,5,9,12,19.57,41.38,11.27,3,4,16,3,9,78.6,52.82,30.67,26.67,39.97,25.97,0,Vizela 1-0 Sporting CP II,2026-04-26
Vizela,1.69,0.53,1.16,0.97,0.48,0.49,0.72,0.05,0.67,1.69,0.53,1.16,1,0,1,-0.16,41.30,47.46,46.07,0.29,0.46,163,7,12,9,41.38,19.57,14.57,4,3,17,6,12,70.2,47.18,84.33,73.33,113.93,74.03,2,Vizela 1-0 Sporting CP II,2026-04-26
Paços de Ferreira,0.62,1.13,-0.51,0.56,1.07,-0.51,0.06,0.05,0.01,0.62,1.13,-0.51,0,2,-2,-1.49,61.30,56.98,48.22,0.71,0.57,217,15,9,7,12.68,12.28,8.19,3,4,23,3,15,86.4,74.1,10.47,14.54,55.57,43.6,2,Lusitânia Lourosa 2-0 Paços de Ferreira,2026-04-26
Lusitânia Lourosa,1.13,0.62,0.51,1.07,0.56,0.51,0.05,0.06,-0.01,1.13,0.62,0.51,2,0,2,1.49,38.70,43.02,49.04,0.57,0.71,147,5,7,9,12.28,12.68,8.55,4,3,22,4,14,30.2,25.9,61.53,85.46,71.87,56.4,2,Lusitânia Lourosa 2-0 Paços de Ferreira,2026-04-26
União de Leiria,2.06,0.57,1.49,1.84,0.57,1.27,0.23,0.00,0.23,2.06,0.57,1.49,1,2,-1,-2.49,65.50,66.76,53.58,1.49,0.56,310,15,16,7,10.74,12.5,9.87,2,4,34,5,16,204.0,83.99,10.07,9.8,152.3,70.91,3,Felgueiras 1932 2-1 União de Leiria,2026-04-25
Felgueiras 1932,0.57,2.06,-1.49,0.57,1.84,-1.27,0.00,0.23,-0.23,0.57,2.06,-1.49,2,1,1,2.49,34.50,33.24,43.22,0.56,1.49,112,9,7,16,12.5,10.74,11.32,4,2,15,0,14,38.9,16.01,92.73,90.2,62.47,29.09,0,Felgueiras 1932 2-1 União de Leiria,2026-04-25
Academico Viseu,0.94,0.40,0.54,0.92,0.23,0.69,0.02,0.17,-0.15,0.94,0.40,0.54,0,0,0,-0.54,63.20,57.02,48.41,0.77,0.71,205,12,17,9,22.08,12.68,7.67,3,3,25,4,14,99.6,68.74,9.4,12.76,78.73,49.82,4,Farense 0-0 Academico Viseu,2026-04-25
Farense,0.40,0.94,-0.54,0.23,0.92,-0.69,0.17,0.02,0.15,0.40,0.94,-0.54,0,0,0,0.54,36.80,42.98,44.57,0.71,0.77,106,8,9,17,12.68,22.08,9.31,3,3,21,5,10,45.3,31.26,64.27,87.24,79.3,50.18,4,Farense 0-0 Academico Viseu,2026-04-25
Portimonense,0.23,4.94,-4.71,0.15,4.01,-3.86,0.09,0.17,-0.08,0.23,4.18,-3.95,0,2,-2,2.71,38.60,35.91,43.78,0.21,0.93,114,6,4,20,19.05,21.51,9.02,3,4,15,5,17,31.1,15.43,49.8,76.15,52.3,24.5,2,Leixões 2-0 Portimonense,2026-04-25
Leixões,4.94,0.23,4.71,4.01,0.15,3.86,0.17,0.09,0.08,4.18,0.23,3.95,2,0,2,-2.71,61.40,64.09,49.59,0.93,0.21,230,16,20,4,21.51,19.05,6.45,4,3,30,11,21,170.4,84.57,15.6,23.85,161.2,75.5,2,Leixões 2-0 Portimonense,2026-04-25
Benfica II,1.12,1.76,-0.64,1.03,1.76,-0.73,0.10,0.00,0.10,1.12,1.76,-0.64,0,3,-3,-2.36,58.10,52.1,45.44,0.33,0.56,204,10,8,15,24.24,26.79,6.88,5,2,20,3,16,67.3,43.11,10.47,9.24,38.9,20.08,4,Oliveirense 3-0 Benfica II,2026-04-22
Oliveirense,1.76,1.12,0.64,1.76,1.03,0.73,0.00,0.10,-0.10,1.76,1.12,0.64,3,0,3,2.36,41.90,47.9,47.65,0.56,0.33,148,10,15,8,26.79,24.24,10.79,2,5,13,0,18,88.8,56.89,102.8,90.76,154.83,79.92,1,Oliveirense 3-0 Benfica II,2026-04-22
Leixões,1.16,0.48,0.68,1.14,0.46,0.68,0.02,0.02,0.00,1.16,0.48,0.68,3,0,3,2.32,46.40,44.44,41.95,0.58,0.48,124,7,11,8,18.97,16.67,10.44,2,7,8,2,21,56.8,37.57,47.2,72.25,104.8,82.11,0,Porto II 0-3 Leixões,2026-04-20
Porto II,0.48,1.16,-0.68,0.46,1.14,-0.68,0.02,0.02,0.00,0.48,1.16,-0.68,0,3,-3,-2.32,53.60,55.56,44.84,0.48,0.58,169,10,8,11,16.67,18.97,7.76,7,2,16,3,13,94.4,62.43,18.13,27.75,22.83,17.89,1,Porto II 0-3 Leixões,2026-04-20
Felgueiras 1932,0.06,1.33,-1.27,0.06,0.99,-0.93,0.00,0.35,-0.35,0.06,1.33,-1.27,1,0,1,2.27,34.70,32.18,43.94,0.11,0.93,137,3,4,16,36.36,17.2,38.54,1,9,10,1,4,15.1,6.92,96.07,96.0,30.1,25.12,3,Sporting CP II 0-1 Felgueiras 1932,2026-04-20
Sporting CP II,1.33,0.06,1.27,0.99,0.06,0.93,0.35,0.00,0.35,1.33,0.06,1.27,0,1,-1,-2.27,65.30,67.82,52.52,0.93,0.11,384,9,16,4,17.2,36.36,11.92,9,1,24,4,8,203.0,93.08,4.0,4.0,89.73,74.88,0,Sporting CP II 0-1 Felgueiras 1932,2026-04-20
Farense,1.73,2.42,-0.69,1.11,1.92,-0.81,0.63,0.50,0.13,1.73,2.42,-0.69,2,0,2,2.69,36.40,37.16,42.31,0.64,1.06,106,9,6,15,9.38,14.15,13.47,0,5,13,4,11,34.8,18.85,80.27,72.01,55.63,39.26,1,Vizela 0-2 Farense,2026-04-19
Vizela,2.42,1.73,0.69,1.92,1.11,0.81,0.50,0.63,-0.13,2.42,1.73,0.69,0,2,-2,-2.69,63.60,62.84,49.73,1.06,0.64,241,17,15,6,14.15,9.38,8.71,5,0,30,9,13,149.8,81.15,31.2,27.99,86.07,60.74,1,Vizela 0-2 Farense,2026-04-19
Lusitânia Lourosa,1.86,3.18,-1.32,0.06,1.31,-1.25,1.05,0.35,0.70,1.10,1.66,-0.56,2,3,-1,0.32,51.40,66.79,51.58,0.25,0.74,199,8,8,12,32.0,16.22,6.95,11,2,28,9,18,112.8,67.26,35.13,54.38,121.77,71.02,2,Portimonense 3-2 Lusitânia Lourosa,2026-04-19
Portimonense,3.18,1.86,1.32,1.31,0.06,1.25,0.35,1.05,-0.70,1.66,1.10,0.56,3,2,1,-0.32,48.60,33.21,40.32,0.74,0.25,98,14,12,8,16.22,32.0,7.00,2,11,19,6,16,54.9,32.74,29.47,45.62,49.7,28.98,9,Portimonense 3-2 Lusitânia Lourosa,2026-04-19
Marítimo,0.62,0.96,-0.34,0.62,0.83,-0.21,0.00,0.13,-0.13,0.62,0.96,-0.34,0,1,-1,-0.66,53.30,48.29,43.13,0.62,0.45,154,7,8,14,12.9,31.11,11.07,4,3,11,2,12,36.2,35.98,38.53,35.68,46.23,30.22,1,Torreense 1-0 Marítimo,2026-04-18
Torreense,0.96,0.62,0.34,0.83,0.62,0.21,0.13,0.00,0.13,0.96,0.62,0.34,1,0,1,0.66,46.70,51.71,40.19,0.45,0.62,135,11,14,8,31.11,12.9,14.50,3,4,15,4,10,64.4,64.02,69.47,64.32,106.77,69.78,4,Torreense 1-0 Marítimo,2026-04-18
Penafiel,2.29,2.15,0.14,1.49,1.37,0.12,0.04,0.02,0.02,1.53,1.39,0.14,2,4,-2,-2.14,57.60,50.0,42.17,0.34,0.78,159,9,13,11,38.24,14.1,7.39,5,2,14,2,16,66.8,43.63,19.53,19.02,31.6,14.55,2,União de Leiria 4-2 Penafiel,2026-04-18
União de Leiria,2.15,2.29,-0.14,1.37,1.49,-0.12,0.02,0.04,-0.02,1.39,1.53,-0.14,4,2,2,2.14,42.40,50.0,43.41,0.78,0.34,122,11,11,13,14.1,38.24,11.58,2,5,15,2,20,86.3,56.37,83.13,80.98,185.62,85.45,1,União de Leiria 4-2 Penafiel,2026-04-18
Chaves,1.93,2.32,-0.39,1.90,1.43,0.47,0.02,0.13,-0.11,1.93,1.56,0.37,3,4,-1,-0.61,64.90,57.91,48.93,0.87,0.64,270,18,28,10,32.18,15.62,6.87,2,3,22,3,9,184.3,72.27,14.4,12.55,120.97,57.04,2,Paços de Ferreira 4-3 Chaves,2026-04-18
Paços de Ferreira,2.32,1.93,0.39,1.43,1.90,-0.47,0.13,0.02,0.11,1.56,1.93,-0.37,4,3,1,0.61,35.10,42.09,48.63,0.64,0.87,133,8,10,28,15.62,32.18,17.70,3,2,14,2,16,70.7,27.73,100.33,87.45,91.1,42.96,1,Paços de Ferreira 4-3 Chaves,2026-04-18
Feirense,0.40,0.84,-0.44,0.28,0.51,-0.23,0.11,0.33,-0.22,0.40,0.84,-0.44,0,3,-3,-2.56,50.30,66.67,49.33,0.35,0.24,136,12,8,13,22.86,54.17,7.71,3,3,13,4,23,71.4,64.27,55.67,76.82,76.44,58.54,7,Academico Viseu 3-0 Feirense,2026-04-17
Academico Viseu,0.84,0.40,0.44,0.51,0.28,0.23,0.33,0.11,0.22,0.84,0.40,0.44,3,0,3,2.56,49.70,33.33,37.99,0.24,0.35,93,6,13,8,54.17,22.86,6.39,3,3,9,5,8,39.7,35.73,16.8,23.18,54.13,41.46,2,Academico Viseu 3-0 Feirense,2026-04-17
Porto II,1.77,0.90,0.87,0.71,0.77,-0.06,0.30,0.12,0.18,1.01,0.90,0.11,1,1,0,-0.87,64.70,63.7,47.83,0.9,0.47,263,14,17,12,18.89,25.53,5.92,7,7,21,4,9,118.2,67.97,1.0,0.89,51.8,33.19,0,Lusitânia Lourosa 1-1 Porto II,2026-04-13
Lusitânia Lourosa,0.90,1.77,-0.87,0.77,0.71,0.06,0.12,0.30,-0.18,0.90,1.01,-0.11,1,1,0,0.87,35.30,36.3,45.25,0.47,0.9,102,11,12,17,25.53,18.89,12.31,7,7,15,5,22,55.7,32.03,111.47,99.11,104.27,66.81,1,Lusitânia Lourosa 1-1 Porto II,2026-04-13
Oliveirense,1.02,1.91,-0.89,0.95,1.86,-0.91,0.07,0.05,0.02,1.02,1.91,-0.89,0,2,-2,-1.11,51.70,45.31,43.02,0.4,0.4,148,13,15,11,37.5,27.5,6.63,1,4,18,7,15,67.4,43.99,19.53,27.38,47.7,24.63,3,Leixões 2-0 Oliveirense,2026-04-12
Leixões,1.91,1.02,0.89,1.86,0.95,0.91,0.05,0.07,-0.02,1.91,1.02,0.89,2,0,2,1.11,48.30,54.69,48.35,0.4,0.4,179,8,11,15,27.5,37.5,7.22,4,1,19,7,22,85.8,56.01,51.8,72.62,145.97,75.37,0,Leixões 2-0 Oliveirense,2026-04-12
Portimonense,0.89,2.93,-2.04,0.77,2.06,-1.29,0.12,0.10,0.02,0.89,2.17,-1.28,0,1,-1,1.04,33.50,28.52,42.05,0.2,0.95,95,10,10,20,50.0,21.05,12.50,2,5,8,2,16,25.6,11.16,111.6,98.7,58.13,31.54,5,Marítimo 1-0 Portimonense,2026-04-12
Marítimo,2.93,0.89,2.04,2.06,0.77,1.29,0.10,0.12,-0.02,2.17,0.89,1.28,1,0,1,-1.04,66.50,71.48,50.05,0.95,0.2,258,17,20,10,21.05,50.0,5.84,5,2,29,4,11,203.8,88.84,1.47,1.3,126.2,68.46,6,Marítimo 1-0 Portimonense,2026-04-12
Vizela,0.81,1.66,-0.85,0.77,1.66,-0.89,0.04,0.00,0.04,0.81,1.66,-0.85,0,1,-1,-0.15,59.40,46.18,44.13,0.48,0.79,165,9,7,11,14.58,13.92,6.44,2,5,20,6,11,65.7,44.51,15.6,18.44,35.67,22.07,3,Feirense 1-0 Vizela,2026-04-12
Feirense,1.66,0.81,0.85,1.66,0.77,0.89,0.00,0.04,-0.04,1.66,0.81,0.85,1,0,1,0.15,40.60,53.82,47.19,0.79,0.48,130,12,11,7,13.92,14.58,9.41,5,2,23,7,19,81.9,55.49,69.0,81.56,125.97,77.93,1,Feirense 1-0 Vizela,2026-04-12
União de Leiria,1.79,1.80,-0.01,1.39,1.26,0.13,0.39,0.54,-0.15,1.79,1.80,-0.01,2,2,0,0.01,33.00,33.83,43.34,0.77,1.15,100,7,13,22,16.88,19.13,11.70,5,4,20,6,19,33.5,17.46,100.4,94.78,93.53,53.42,4,Benfica II 2-2 União de Leiria,2026-04-11
Benfica II,1.80,1.79,0.01,1.26,1.39,-0.13,0.54,0.39,0.15,1.80,1.79,0.01,2,2,0,-0.01,67.00,66.17,48.50,1.15,0.77,244,16,22,13,19.13,16.88,6.33,4,5,35,12,10,158.4,82.54,5.53,5.22,81.57,46.58,0,Benfica II 2-2 União de Leiria,2026-04-11
Torreense,0.17,1.66,-1.49,0.12,0.90,-0.78,0.05,0.01,0.04,0.17,0.90,-0.73,0,2,-2,-0.51,44.20,47.69,43.92,0.29,0.39,143,4,4,14,13.79,35.9,11.71,3,6,17,2,15,25.8,22.22,63.0,73.03,41.07,31.48,4,Chaves 2-0 Torreense,2026-04-11
Chaves,1.66,0.17,1.49,0.90,0.12,0.78,0.01,0.05,-0.04,0.90,0.17,0.73,2,0,2,0.51,55.80,52.31,44.68,0.39,0.29,182,7,14,4,35.9,13.79,8.22,6,3,13,4,10,90.3,77.78,23.27,26.97,89.4,68.52,2,Chaves 2-0 Torreense,2026-04-11
Sporting CP II,0.34,1.57,-1.23,0.32,0.81,-0.49,0.01,0.00,0.01,0.34,0.81,-0.47,1,2,-1,0.23,67.90,58.88,47.84,0.38,0.7,273,9,7,6,18.42,8.57,9.04,2,5,21,7,17,126.3,69.24,3.33,2.44,49.1,25.23,2,Farense 2-1 Sporting CP II,2026-04-11
Farense,1.57,0.34,1.23,0.81,0.32,0.49,0.00,0.01,-0.01,0.81,0.34,0.47,2,1,1,-0.23,32.10,41.12,45.81,0.7,0.38,113,10,6,7,8.57,18.42,12.55,5,2,18,3,13,56.1,30.76,133.4,97.56,145.53,74.77,1,Farense 2-1 Sporting CP II,2026-04-11
Academico Viseu,2.37,2.19,0.18,2.33,1.02,1.31,0.05,1.16,-1.11,2.37,2.19,0.18,3,4,-1,-1.18,64.70,57.03,46.43,0.89,0.47,195,9,18,13,20.22,27.66,4.07,7,4,23,5,13,109.2,64.01,5.93,6.84,59.4,34.81,2,Penafiel 4-3 Academico Viseu,2026-04-11
Penafiel,2.19,2.37,-0.18,1.02,2.33,-1.31,1.16,0.05,1.11,2.19,2.37,-0.18,4,3,1,1.18,35.30,42.97,46.62,0.47,0.89,105,8,13,18,27.66,20.22,9.70,4,7,11,1,23,61.4,35.99,80.73,93.16,111.23,65.19,4,Penafiel 4-3 Academico Viseu,2026-04-11
Paços de Ferreira,0.65,0.56,0.09,0.45,0.51,-0.06,0.20,0.05,0.15,0.65,0.56,0.09,0,0,0,-0.09,58.30,52.22,47.65,0.45,0.3,200,12,8,8,17.78,26.67,7.16,2,6,23,7,16,87.4,61.77,15.47,15.76,45.6,36.45,1,Felgueiras 1932 0-0 Paços de Ferreira,2026-04-10
Felgueiras 1932,0.56,0.65,-0.09,0.51,0.45,0.06,0.05,0.20,-0.15,0.56,0.65,-0.09,0,0,0,0.09,41.70,47.78,52.80,0.3,0.45,178,6,8,8,26.67,17.78,11.86,6,2,22,5,14,54.1,38.23,82.67,84.24,79.5,63.55,1,Felgueiras 1932 0-0 Paços de Ferreira,2026-04-10
Benfica II,1.17,2.58,-1.41,1.15,1.77,-0.62,0.03,0.05,-0.02,1.17,1.82,-0.65,2,1,1,2.41,36.40,29.12,41.74,0.43,0.82,99,9,10,15,23.26,18.29,11.77,3,10,8,6,18,19.2,10.29,84.6,88.87,63.7,51.96,3,Vizela 1-2 Benfica II,2026-04-07
Vizela,2.58,1.17,1.41,1.77,1.15,0.62,0.05,0.03,0.02,1.82,1.17,0.65,1,2,-1,-2.41,63.60,70.88,52.07,0.82,0.43,268,16,15,10,18.29,23.26,4.76,10,3,26,3,14,167.3,89.71,10.6,11.13,58.9,48.04,1,Vizela 1-2 Benfica II,2026-04-07
Leixões,1.04,2.24,-1.20,1.04,2.23,-1.19,0.00,0.01,-0.01,1.04,2.24,-1.20,1,1,0,1.20,46.00,42.46,43.90,0.28,0.89,138,6,9,8,32.14,8.99,7.98,6,2,18,4,19,38.6,29.33,52.2,68.57,47.3,38.23,1,Torreense 1-1 Leixões,2026-04-06
Torreense,2.24,1.04,1.20,2.23,1.04,1.19,0.01,0.00,0.01,2.24,1.04,1.20,1,1,0,-1.20,54.00,57.54,45.60,0.89,0.28,193,12,8,9,8.99,32.14,6.89,2,6,24,4,13,93.0,70.67,23.93,31.43,76.43,61.77,1,Torreense 1-1 Leixões,2026-04-06
Chaves,0.99,1.69,-0.70,0.79,1.69,-0.90,0.20,0.00,0.20,0.99,1.69,-0.70,0,3,-3,-2.30,53.10,64.64,45.76,0.49,0.45,212,3,12,6,24.49,13.33,11.90,3,4,32,6,14,108.2,76.14,33.2,47.7,68.8,49.38,1,Porto II 3-0 Chaves,2026-04-06
Porto II,1.69,0.99,0.70,1.69,0.79,0.90,0.00,0.20,-0.20,1.69,0.99,0.70,3,0,3,2.30,46.90,35.36,41.19,0.45,0.49,143,7,6,12,13.33,24.49,14.38,4,3,14,2,11,33.9,23.86,36.4,52.3,70.53,50.62,0,Porto II 3-0 Chaves,2026-04-06
Lusitânia Lourosa,0.12,3.76,-3.64,0.09,2.46,-2.37,0.03,1.30,-1.27,0.12,3.76,-3.64,0,0,0,3.64,47.30,50.0,45.89,0.15,1.21,166,4,5,26,33.33,21.49,11.24,2,7,16,3,15,51.4,26.24,54.6,46.38,48.93,24.53,1,União de Leiria 0-0 Lusitânia Lourosa,2026-04-05
União de Leiria,3.76,0.12,3.64,2.46,0.09,2.37,1.30,0.03,1.27,3.76,0.12,3.64,0,0,0,-3.64,52.70,50.0,44.54,1.21,0.15,167,23,26,5,21.49,33.33,8.22,7,2,30,9,14,144.5,73.76,63.13,53.62,150.57,75.47,3,União de Leiria 0-0 Lusitânia Lourosa,2026-04-05
Felgueiras 1932,1.62,0.35,1.27,0.44,0.34,0.10,0.42,0.01,0.41,0.86,0.35,0.51,1,0,1,-0.27,41.80,55.21,48.50,0.81,0.63,161,12,10,11,12.35,17.46,11.56,5,4,16,4,9,90.0,62.94,87.0,84.25,140.77,91.23,2,Academico Viseu 0-1 Felgueiras 1932,2026-04-04
Academico Viseu,0.35,1.62,-1.27,0.34,0.44,-0.10,0.01,0.42,-0.41,0.35,0.86,-0.51,0,1,-1,0.27,58.20,44.79,45.28,0.63,0.81,196,7,11,10,17.46,12.35,7.28,4,5,26,5,17,53.0,37.06,16.27,15.75,13.53,8.77,0,Academico Viseu 0-1 Felgueiras 1932,2026-04-04
Marítimo,1.25,2.07,-0.82,0.63,1.95,-1.32,0.62,0.11,0.51,1.25,2.07,-0.82,0,0,0,0.82,52.40,48.83,45.76,0.39,0.72,175,15,14,20,35.9,27.78,8.13,9,8,22,8,11,83.6,40.37,10.8,14.31,60.3,28.13,3,Paços de Ferreira 0-0 Marítimo,2026-04-04
Paços de Ferreira,2.07,1.25,0.82,1.95,0.63,1.32,0.11,0.62,-0.51,2.07,1.25,0.82,0,0,0,-0.82,47.60,51.17,52.12,0.72,0.39,182,17,20,14,27.78,35.9,8.91,8,9,23,6,9,123.5,59.63,64.67,85.69,154.07,71.87,2,Paços de Ferreira 0-0 Marítimo,2026-04-04
Feirense,0.88,0.60,0.28,0.88,0.39,0.49,0.00,0.21,-0.21,0.88,0.60,0.28,1,0,1,0.72,44.40,54.8,45.31,0.25,0.67,117,5,7,4,28.0,5.97,6.95,5,2,10,4,17,74.8,67.45,58.47,76.73,108.83,82.68,3,Farense 0-1 Feirense,2026-04-04
Farense,0.60,0.88,-0.28,0.39,0.88,-0.49,0.21,0.00,0.21,0.60,0.88,-0.28,0,1,-1,-0.72,55.60,45.2,42.29,0.67,0.25,115,8,4,7,5.97,28.0,5.85,2,5,20,4,17,36.1,32.55,17.73,23.27,22.8,17.32,9,Farense 0-1 Feirense,2026-04-04
Penafiel,2.64,0.98,1.66,1.45,0.95,0.50,0.43,0.04,0.39,1.88,0.98,0.90,2,1,1,-0.66,44.30,46.95,43.64,0.26,0.62,169,17,15,9,57.69,14.52,14.26,5,3,22,6,10,78.7,45.23,95.47,72.8,89.9,57.59,3,Sporting CP II 1-2 Penafiel,2026-04-04
Sporting CP II,0.98,2.64,-1.66,0.95,1.45,-0.50,0.04,0.43,-0.39,0.98,1.88,-0.90,1,2,-1,0.66,55.70,53.05,44.31,0.62,0.26,209,17,9,15,14.52,57.69,13.22,3,5,7,4,13,95.3,54.77,35.67,27.2,66.2,42.41,0,Sporting CP II 1-2 Penafiel,2026-04-04
Portimonense,1.03,0.77,0.26,0.71,0.69,0.02,0.32,0.08,0.24,1.03,0.77,0.26,2,1,1,0.74,38.90,47.13,46.46,0.28,0.55,110,8,15,14,53.57,25.45,8.68,7,4,28,7,16,64.1,43.22,89.8,88.15,113.5,68.93,6,Oliveirense 1-2 Portimonense,2026-04-03
Oliveirense,0.77,1.03,-0.26,0.69,0.71,-0.02,0.08,0.32,-0.24,0.77,1.03,-0.26,1,2,-1,-0.74,61.10,52.87,44.99,0.55,0.28,161,15,14,15,25.45,53.57,5.80,4,7,26,6,16,84.2,56.78,12.07,11.85,51.17,31.07,2,Oliveirense 1-2 Portimonense,2026-04-03
Paços de Ferreira,0.34,3.33,-2.99,0.27,1.84,-1.57,0.08,0.73,-0.65,0.34,2.57,-2.23,0,2,-2,0.99,55.10,53.74,43.88,0.32,1.12,189,6,9,17,28.12,15.18,6.89,9,5,17,3,15,78.6,40.56,19.87,22.98,46.03,19.49,2,União de Leiria 2-0 Paços de Ferreira,2026-03-29
União de Leiria,3.33,0.34,2.99,1.84,0.27,1.57,0.73,0.08,0.65,2.57,0.34,2.23,2,0,2,-0.99,44.90,46.26,46.77,1.12,0.32,160,19,17,9,15.18,28.12,11.66,5,9,22,4,17,115.2,59.44,66.6,77.02,190.1,80.51,5,União de Leiria 2-0 Paços de Ferreira,2026-03-29
Farense,0.78,1.67,-0.89,0.74,1.47,-0.73,0.04,0.20,-0.16,0.78,1.67,-0.89,0,1,-1,-0.11,44.50,52.92,49.68,0.47,0.22,172,13,10,9,21.28,40.91,8.46,6,4,17,3,20,82.8,57.94,76.4,77.38,111.03,74.32,3,Benfica II 1-0 Farense,2026-03-22
Benfica II,1.67,0.78,0.89,1.47,0.74,0.73,0.20,0.04,0.16,1.67,0.78,0.89,1,0,1,0.11,55.50,47.08,44.40,0.22,0.47,159,8,9,10,40.91,21.28,8.03,4,6,7,3,10,60.1,42.06,22.33,22.62,38.37,25.68,1,Benfica II 1-0 Farense,2026-03-22
Paços de Ferreira,1.74,2.42,-0.68,1.64,1.05,0.59,0.10,1.37,-1.27,1.74,2.42,-0.68,2,3,-1,-0.32,48.10,39.62,44.54,0.34,0.36,150,7,12,18,35.29,50.0,8.85,0,5,8,2,13,68.8,36.62,42.33,45.55,69.4,40.98,3,Leixões 3-2 Paços de Ferreira,2026-03-22
Leixões,2.42,1.74,0.68,1.05,1.64,-0.59,1.37,0.10,1.27,2.42,1.74,0.68,3,2,1,0.32,51.90,60.38,53.67,0.36,0.34,233,16,18,12,50.0,35.29,7.83,5,0,26,6,16,119.1,63.38,50.6,54.45,99.97,59.02,1,Leixões 3-2 Paços de Ferreira,2026-03-22
Sporting CP II,2.11,1.67,0.44,2.11,0.84,1.27,0.00,0.08,-0.08,2.11,0.91,1.20,2,1,1,0.56,64.20,51.98,41.68,0.82,0.54,135,12,9,10,10.98,18.52,7.42,6,1,16,5,8,83.9,57.66,4.27,3.06,24.87,15.89,0,Feirense 1-2 Sporting CP II,2026-03-22
Feirense,1.67,2.11,-0.44,0.84,2.11,-1.27,0.08,0.00,0.08,0.91,2.11,-1.20,1,2,-1,-0.56,35.80,48.02,48.59,0.54,0.82,117,10,10,9,18.52,10.98,15.72,1,6,13,2,14,61.6,42.34,135.13,96.94,131.63,84.11,2,Feirense 1-2 Sporting CP II,2026-03-22
Torreense,3.11,1.52,1.59,2.24,1.52,0.72,0.10,0.00,0.10,2.35,1.52,0.83,3,0,3,1.41,45.00,45.17,44.39,0.99,0.93,149,16,13,14,13.13,15.05,15.57,4,10,13,4,9,76.6,42.65,57.13,70.13,103.6,72.09,3,Felgueiras 1932 0-3 Torreense,2026-03-22
Felgueiras 1932,1.52,3.11,-1.59,1.52,2.24,-0.72,0.00,0.10,-0.10,1.52,2.35,-0.83,0,3,-3,-1.41,55.00,54.83,49.96,0.93,0.99,246,13,14,13,15.05,13.13,7.10,10,4,29,7,10,103.0,57.35,24.33,29.87,40.1,27.91,3,Felgueiras 1932 0-3 Torreense,2026-03-22
Porto II,0.71,0.72,-0.01,0.70,0.72,-0.02,0.02,0.00,0.02,0.71,0.72,-0.01,1,2,-1,-0.99,55.40,57.64,41.76,0.13,0.3,164,6,12,10,92.31,33.33,7.61,7,2,21,7,17,76.6,62.89,21.07,20.97,68.73,41.81,10,Portimonense 2-1 Porto II,2026-03-21
Portimonense,0.72,0.71,0.01,0.72,0.70,0.02,0.00,0.02,-0.02,0.72,0.71,0.01,2,1,1,0.99,44.60,42.36,45.05,0.3,0.13,138,10,10,12,33.33,92.31,11.30,2,7,15,3,17,45.2,37.11,79.4,79.03,95.67,58.19,6,Portimonense 2-1 Porto II,2026-03-21
Oliveirense,1.18,2.18,-1.00,1.18,2.10,-0.92,0.00,0.08,-0.08,1.18,2.18,-1.00,0,1,-1,0.00,45.60,45.0,43.54,1.06,1.27,157,10,11,12,10.38,9.45,10.97,5,7,18,1,15,59.0,34.06,70.87,56.54,64.03,36.51,1,Marítimo 1-0 Oliveirense,2026-03-21
Marítimo,2.18,1.18,1.00,2.10,1.18,0.92,0.08,0.00,0.08,2.18,1.18,1.00,1,0,1,-0.00,54.40,55.0,47.48,1.27,1.06,226,15,12,11,9.45,10.38,8.63,7,5,21,5,10,114.2,65.94,54.47,43.46,111.33,63.49,4,Marítimo 1-0 Oliveirense,2026-03-21
Vizela,1.70,0.57,1.13,0.97,0.57,0.40,0.73,0.00,0.73,1.70,0.57,1.13,1,0,1,-0.13,60.20,64.36,50.58,0.8,0.47,259,9,14,8,17.5,17.02,10.54,3,6,22,7,8,125.5,83.83,27.8,28.68,107.67,75.26,1,Penafiel 0-1 Vizela,2026-03-21
Penafiel,0.57,1.70,-1.13,0.57,0.97,-0.40,0.00,0.73,-0.73,0.57,1.70,-1.13,0,1,-1,0.13,39.80,35.64,41.34,0.47,0.8,119,3,8,14,17.02,17.5,12.40,6,3,16,3,12,24.2,16.17,69.13,71.32,35.4,24.74,1,Penafiel 0-1 Vizela,2026-03-21
Academico Viseu,1.94,1.51,0.43,1.94,1.01,0.93,0.00,0.51,-0.51,1.94,1.51,0.43,3,0,3,2.57,46.80,34.43,39.60,0.38,0.8,102,5,10,17,26.32,21.25,7.37,2,5,7,2,14,47.2,27.91,18.87,30.24,59.47,36.22,0,Lusitânia Lourosa 0-3 Academico Viseu,2026-03-21
Lusitânia Lourosa,1.51,1.94,-0.43,1.01,1.94,-0.93,0.51,0.00,0.51,1.51,1.94,-0.43,0,3,-3,-2.57,53.20,65.57,49.85,0.8,0.38,186,14,17,10,21.25,26.32,8.85,5,2,31,7,14,121.9,72.09,43.53,69.76,104.73,63.78,3,Lusitânia Lourosa 0-3 Academico Viseu,2026-03-21
União de Leiria,2.93,1.14,1.79,2.93,1.02,1.91,0.00,0.12,-0.12,2.93,1.14,1.79,2,0,2,0.21,40.30,33.02,45.57,0.65,0.99,169,6,13,18,20.0,18.18,16.00,5,8,20,2,9,44.2,20.23,103.4,68.21,83.87,43.72,1,Chaves 0-2 União de Leiria,2026-03-20
Chaves,1.14,2.93,-1.79,1.02,2.93,-1.91,0.12,0.00,0.12,1.14,2.93,-1.79,0,2,-2,-0.21,59.70,66.98,47.66,0.99,0.65,270,14,18,13,18.18,20.0,9.56,8,5,29,6,14,174.3,79.77,48.2,31.79,107.97,56.28,0,Chaves 0-2 União de Leiria,2026-03-20
Portimonense,1.62,1.01,0.61,1.21,0.97,0.24,0.41,0.04,0.37,1.62,1.01,0.61,0,1,-1,-1.61,38.20,44.86,52.13,0.57,0.79,163,15,16,10,28.07,12.66,15.62,3,3,26,7,15,119.9,47.85,92.0,81.95,135.73,61.74,10,Torreense 1-0 Portimonense,2026-03-16
Torreense,1.01,1.62,-0.61,0.97,1.21,-0.24,0.04,0.41,-0.37,1.01,1.62,-0.61,1,0,1,1.61,61.80,55.14,50.40,0.79,0.57,246,10,10,16,12.66,28.07,7.37,3,3,17,1,12,130.7,52.15,20.27,18.05,84.1,38.26,1,Torreense 1-0 Portimonense,2026-03-16
Oliveirense,0.53,0.75,-0.22,0.46,0.59,-0.13,0.07,0.16,-0.09,0.53,0.75,-0.22,0,0,0,0.22,52.50,51.17,46.19,0.29,0.45,181,4,11,10,37.93,22.22,11.00,2,4,14,2,16,61.1,49.72,42.0,51.6,68.73,50.7,0,Porto II 0-0 Oliveirense,2026-03-16
Porto II,0.75,0.53,0.22,0.59,0.46,0.13,0.16,0.07,0.09,0.75,0.53,0.22,0,0,0,-0.22,47.50,48.83,45.38,0.45,0.29,145,12,10,11,22.22,37.93,13.36,4,2,20,4,10,61.8,50.28,39.4,48.4,66.83,49.3,4,Porto II 0-0 Oliveirense,2026-03-16
Penafiel,1.58,0.59,0.99,1.03,0.45,0.58,0.54,0.14,0.40,1.58,0.59,0.99,0,1,-1,-1.99,66.70,57.23,45.26,0.85,0.47,233,10,13,11,15.29,23.4,10.28,3,8,24,11,5,114.4,63.87,0.47,0.3,50.67,29.65,0,Feirense 1-0 Penafiel,2026-03-15
Feirense,0.59,1.58,-0.99,0.45,1.03,-0.58,0.14,0.54,-0.40,0.59,1.58,-0.99,1,0,1,1.99,33.30,42.77,50.16,0.47,0.85,133,10,11,13,23.4,15.29,13.34,8,3,20,8,15,64.7,36.13,154.93,99.7,120.23,70.35,0,Feirense 1-0 Penafiel,2026-03-15
Marítimo,2.93,2.01,0.92,2.17,1.10,1.07,0.00,0.91,-0.91,2.17,2.01,0.16,2,1,1,0.08,42.80,50.76,48.77,0.48,0.91,156,6,13,13,27.08,14.29,8.02,9,6,18,2,15,79.2,47.26,70.33,81.09,110.5,76.22,4,União de Leiria 1-2 Marítimo,2026-03-15
União de Leiria,2.01,2.93,-0.92,1.10,2.17,-1.07,0.91,0.00,0.91,2.01,2.17,-0.16,1,2,-1,-0.08,57.20,49.24,43.68,0.91,0.48,159,9,13,13,14.29,27.08,7.84,6,9,28,7,18,88.4,52.74,16.4,18.91,34.47,23.78,5,União de Leiria 1-2 Marítimo,2026-03-15
Lusitânia Lourosa,1.47,0.90,0.57,0.48,0.63,-0.15,0.23,0.27,-0.04,0.71,0.90,-0.19,3,4,-1,-1.57,41.60,38.52,45.38,0.51,0.73,136,10,9,10,17.65,13.7,10.26,6,5,15,3,13,50.5,33.22,73.6,83.7,70.0,40.37,2,Vizela 4-3 Lusitânia Lourosa,2026-03-15
Vizela,0.90,1.47,-0.57,0.63,0.48,0.15,0.27,0.23,0.04,0.90,0.71,0.19,4,3,1,1.57,58.40,61.48,47.11,0.73,0.51,207,10,10,9,13.7,17.65,8.87,5,6,24,6,14,101.5,66.78,14.33,16.3,103.4,59.63,2,Vizela 4-3 Lusitânia Lourosa,2026-03-15
Benfica II,1.03,1.15,-0.12,0.93,0.80,0.13,0.10,0.35,-0.25,1.03,1.15,-0.12,0,1,-1,-0.88,60.60,55.0,44.95,0.84,0.36,202,10,11,18,13.1,50.0,8.75,3,5,25,4,12,85.5,50.62,13.6,12.89,49.0,27.4,2,Paços de Ferreira 1-0 Benfica II,2026-03-14
Paços de Ferreira,1.15,1.03,0.12,0.80,0.93,-0.13,0.35,0.10,0.25,1.15,1.03,0.12,1,0,1,0.88,39.40,45.0,48.95,0.36,0.84,153,9,18,11,50.0,13.1,11.46,5,3,26,8,14,83.4,49.38,91.93,87.11,129.83,72.6,0,Paços de Ferreira 1-0 Benfica II,2026-03-14
Leixões,1.67,3.96,-2.29,1.67,3.83,-2.16,0.00,0.13,-0.13,1.67,3.96,-2.29,1,3,-2,0.29,44.00,47.45,47.57,0.87,1.03,158,10,14,21,16.09,20.39,12.39,12,3,13,1,10,67.6,36.27,40.8,70.5,78.07,35.31,0,Academico Viseu 3-1 Leixões,2026-03-14
Academico Viseu,3.96,1.67,2.29,3.83,1.67,2.16,0.13,0.00,0.13,3.96,1.67,2.29,3,1,2,-0.29,56.00,52.55,41.92,1.03,0.87,154,20,21,14,20.39,16.09,11.46,3,12,11,6,12,118.8,63.73,17.07,29.5,143.0,64.69,1,Academico Viseu 3-1 Leixões,2026-03-14
Felgueiras 1932,0.26,0.65,-0.39,0.15,0.61,-0.46,0.11,0.04,0.07,0.26,0.65,-0.39,0,0,0,0.39,54.80,45.38,45.97,0.14,0.39,180,6,6,9,42.86,23.08,7.75,2,3,10,3,11,28.5,29.78,18.73,27.85,30.27,23.46,1,Farense 0-0 Felgueiras 1932,2026-03-13
Farense,0.65,0.26,0.39,0.61,0.15,0.46,0.04,0.11,-0.07,0.65,0.26,0.39,0,0,0,-0.39,45.20,54.62,45.10,0.39,0.14,136,8,9,6,23.08,42.86,8.43,3,2,25,4,17,67.2,70.22,48.53,72.15,98.77,76.54,6,Farense 0-0 Felgueiras 1932,2026-03-13
Chaves,1.53,0.44,1.09,1.08,0.44,0.64,0.45,0.00,0.45,1.53,0.44,1.09,1,0,1,-0.09,53.60,57.0,44.06,0.72,0.59,210,14,12,5,16.67,8.47,8.75,9,10,17,3,13,107.7,70.44,33.47,31.79,94.9,60.67,2,Sporting CP II 0-1 Chaves,2026-03-13
Sporting CP II,0.44,1.53,-1.09,0.44,1.08,-0.64,0.00,0.45,-0.45,0.44,1.53,-1.09,0,1,-1,0.09,46.40,43.0,46.33,0.59,0.72,191,8,5,12,8.47,16.67,11.38,10,9,15,1,14,45.2,29.56,71.8,68.21,61.53,39.33,0,Sporting CP II 0-1 Chaves,2026-03-13
Feirense,1.19,0.53,0.66,1.18,0.49,0.69,0.01,0.04,-0.03,1.19,0.53,0.66,0,3,-3,-3.66,50.30,68.2,50.62,0.74,0.26,199,11,15,8,20.27,30.77,9.71,3,3,27,3,11,141.1,79.81,64.4,66.39,168.1,76.77,1,Benfica II 3-0 Feirense,2026-03-09
Benfica II,0.53,1.19,-0.66,0.49,1.18,-0.69,0.04,0.01,0.03,0.53,1.19,-0.66,3,0,3,3.66,49.70,31.8,43.34,0.26,0.74,132,14,8,15,30.77,20.27,9.10,3,3,12,3,15,35.7,20.19,32.6,33.61,50.87,23.23,1,Benfica II 3-0 Feirense,2026-03-09
Sporting CP II,2.13,0.73,1.40,1.90,0.66,1.24,0.22,0.08,0.14,2.13,0.73,1.40,0,1,-1,-2.40,69.40,61.24,47.14,0.87,0.25,258,8,14,6,16.09,24.0,6.00,4,5,20,6,15,120.8,83.71,11.13,7.67,46.77,33.49,1,Lusitânia Lourosa 1-0 Sporting CP II,2026-03-08
Lusitânia Lourosa,0.73,2.13,-1.40,0.66,1.90,-1.24,0.08,0.22,-0.14,0.73,2.13,-1.40,1,0,1,2.40,30.60,38.76,43.94,0.25,0.87,109,4,6,14,24.0,16.09,10.93,5,4,13,4,15,23.5,16.29,134.07,92.33,92.9,66.51,1,Lusitânia Lourosa 1-0 Sporting CP II,2026-03-08
Porto II,1.71,2.01,-0.30,0.93,1.53,-0.60,0.02,0.48,-0.46,0.95,2.01,-1.06,1,2,-1,-0.70,46.60,39.94,45.28,0.86,0.9,152,8,14,21,16.28,23.33,8.66,6,7,18,3,9,55.9,25.4,45.07,59.77,46.43,18.85,2,Marítimo 2-1 Porto II,2026-03-08
Marítimo,2.01,1.71,0.30,1.53,0.93,0.60,0.48,0.02,0.46,2.01,0.95,1.06,2,1,1,0.70,53.40,60.06,52.88,0.9,0.86,229,21,21,14,23.33,16.28,9.12,7,6,25,12,15,164.2,74.6,30.33,40.23,199.87,81.15,0,Marítimo 2-1 Porto II,2026-03-08
União de Leiria,2.70,2.14,0.56,1.27,1.21,0.06,0.67,0.94,-0.27,1.94,2.14,-0.20,4,1,3,2.44,33.70,22.52,38.00,0.09,1.59,85,4,9,24,100.0,15.09,13.47,3,13,11,7,15,29.8,10.59,89.4,89.64,92.17,62.59,0,Leixões 1-4 União de Leiria,2026-03-08
Leixões,2.14,2.70,-0.56,1.21,1.27,-0.06,0.94,0.67,0.27,2.14,1.94,0.20,1,4,-3,-2.44,66.30,77.48,52.27,1.59,0.09,328,23,24,9,15.09,100.0,5.44,13,3,41,9,14,251.5,89.41,10.33,10.36,55.1,37.41,0,Leixões 1-4 União de Leiria,2026-03-08
Vizela,1.05,1.45,-0.40,0.95,1.37,-0.42,0.10,0.08,0.02,1.05,1.45,-0.40,1,0,1,1.40,43.80,37.23,44.88,0.55,0.54,146,8,8,13,14.55,24.07,9.63,2,1,18,7,19,44.3,25.39,44.07,58.71,36.47,29.11,2,Felgueiras 1932 0-1 Vizela,2026-03-08
Felgueiras 1932,1.45,1.05,0.40,1.37,0.95,0.42,0.08,0.10,-0.02,1.45,1.05,0.40,0,1,-1,-1.40,56.20,62.77,52.91,0.54,0.55,244,7,13,8,24.07,14.55,6.36,1,2,17,2,11,130.2,74.61,31.0,41.29,88.8,70.89,0,Felgueiras 1932 0-1 Vizela,2026-03-08
Farense,1.11,1.79,-0.68,0.54,1.50,-0.96,0.58,0.29,0.29,1.11,1.79,-0.68,1,1,0,0.68,37.80,39.93,46.66,0.86,0.89,122,12,12,20,13.95,22.47,9.94,4,3,12,3,14,31.1,16.24,88.67,89.21,42.07,28.46,7,Penafiel 1-1 Farense,2026-03-07
Penafiel,1.79,1.11,0.68,1.50,0.54,0.96,0.29,0.58,-0.29,1.79,1.11,0.68,1,1,0,-0.68,62.20,60.07,46.97,0.89,0.86,208,9,20,12,22.47,13.95,6.77,3,4,19,6,16,160.4,83.76,10.73,10.79,105.73,71.54,0,Penafiel 1-1 Farense,2026-03-07
Paços de Ferreira,2.16,1.74,0.42,1.38,0.50,0.88,0.02,0.48,-0.46,1.40,0.98,0.42,3,2,1,0.58,45.80,42.67,47.72,0.47,1.29,154,7,13,16,27.66,12.4,9.27,5,1,17,2,15,73.2,32.58,44.07,46.75,52.17,29.69,0,Portimonense 2-3 Paços de Ferreira,2026-03-07
Portimonense,1.74,2.16,-0.42,0.50,1.38,-0.88,0.48,0.02,0.46,0.98,1.40,-0.42,2,3,-1,-0.58,54.20,57.33,51.47,1.29,0.47,234,24,16,13,12.4,27.66,7.67,1,5,27,10,18,151.5,67.42,50.2,53.25,123.53,70.31,3,Portimonense 2-3 Paços de Ferreira,2026-03-07
Torreense,2.18,2.41,-0.23,1.35,2.31,-0.96,0.07,0.11,-0.04,1.42,2.41,-0.99,3,0,3,3.23,34.00,33.64,41.07,0.7,1.1,100,8,10,20,14.29,18.18,14.87,2,7,9,1,8,41.1,19.41,93.8,94.75,114.87,70.33,0,Oliveirense 0-3 Torreense,2026-03-07
Oliveirense,2.41,2.18,0.23,2.31,1.35,0.96,0.11,0.07,0.04,2.41,1.42,0.99,0,3,-3,-3.23,66.00,66.36,50.65,1.1,0.7,305,13,20,10,18.18,14.29,7.82,7,2,21,5,16,170.6,80.59,5.2,5.25,48.47,29.67,0,Oliveirense 0-3 Torreense,2026-03-07
Academico Viseu,0.56,1.26,-0.70,0.53,1.24,-0.71,0.03,0.02,0.01,0.56,1.26,-0.70,0,1,-1,-0.30,52.60,47.35,46.07,0.34,0.4,200,4,11,11,32.35,27.5,11.10,4,5,19,3,12,52.0,39.66,45.2,42.03,55.73,34.02,1,Chaves 1-0 Academico Viseu,2026-03-06
Chaves,1.26,0.56,0.70,1.24,0.53,0.71,0.02,0.03,-0.01,1.26,0.56,0.70,1,0,1,0.30,47.40,52.65,45.18,0.4,0.34,176,8,11,11,27.5,32.35,12.87,5,4,15,4,10,79.1,60.34,62.33,57.97,108.07,65.98,1,Chaves 1-0 Academico Viseu,2026-03-06
Felgueiras 1932,0.89,0.31,0.58,0.24,0.31,-0.07,0.64,0.00,0.64,0.89,0.31,0.58,0,0,0,-0.58,62.60,66.46,50.69,0.46,0.45,237,15,10,4,21.74,8.89,5.62,7,5,27,8,11,148.3,82.53,17.93,16.08,105.53,62.14,3,Feirense 0-0 Felgueiras 1932,2026-03-02
Feirense,0.31,0.89,-0.58,0.31,0.24,0.07,0.00,0.64,-0.64,0.31,0.89,-0.58,0,0,0,0.58,37.40,33.54,43.90,0.45,0.46,113,3,4,10,8.89,21.74,8.73,5,7,13,3,19,31.4,17.47,93.6,83.92,64.3,37.86,0,Feirense 0-0 Felgueiras 1932,2026-03-02
Benfica II,1.41,2.01,-0.60,0.33,1.97,-1.64,1.09,0.03,1.06,1.41,2.01,-0.60,1,1,0,0.60,51.10,53.01,50.51,0.95,1.52,197,17,9,15,9.47,9.87,12.17,7,7,15,6,10,79.0,47.11,68.8,68.53,99.9,63.92,3,Penafiel 1-1 Benfica II,2026-03-01
Penafiel,2.01,1.41,0.60,1.97,0.33,1.64,0.03,1.09,-1.06,2.01,1.41,0.60,1,1,0,-0.60,48.90,46.99,40.93,1.52,0.95,142,15,15,9,9.87,9.47,9.35,7,7,17,4,11,88.7,52.89,31.6,31.47,56.4,36.08,3,Penafiel 1-1 Benfica II,2026-03-01
Oliveirense,1.09,1.35,-0.26,0.33,0.98,-0.65,0.00,0.37,-0.37,0.33,1.35,-1.02,0,0,0,0.26,53.70,46.8,45.99,0.46,0.45,180,8,9,21,19.57,46.67,7.86,2,9,18,6,16,65.7,31.77,43.0,47.29,49.27,27.55,0,Paços de Ferreira 0-0 Oliveirense,2026-03-01
Paços de Ferreira,1.35,1.09,0.26,0.98,0.33,0.65,0.37,0.00,0.37,1.35,0.33,1.02,0,0,0,-0.26,46.30,53.2,49.84,0.45,0.46,186,11,21,9,46.67,19.57,7.64,9,2,18,6,21,141.1,68.23,47.93,52.71,129.6,72.45,0,Paços de Ferreira 0-0 Oliveirense,2026-03-01
Marítimo,1.30,2.31,-1.01,0.54,2.31,-1.77,0.00,0.00,0.00,0.54,2.31,-1.77,1,3,-2,-0.99,49.70,53.51,46.93,0.4,0.55,151,8,10,12,25.0,21.82,6.22,8,6,15,3,17,67.7,55.95,43.13,65.22,84.03,60.48,0,Academico Viseu 3-1 Marítimo,2026-03-01
Academico Viseu,2.31,1.30,1.01,2.31,0.54,1.77,0.00,0.00,0.00,2.31,0.54,1.77,3,1,2,0.99,50.30,46.49,40.33,0.55,0.4,120,6,12,10,21.82,25.0,5.65,6,8,12,2,16,53.3,44.05,23.0,34.78,54.9,39.52,1,Academico Viseu 3-1 Marítimo,2026-03-01
Lusitânia Lourosa,0.59,1.00,-0.41,0.53,0.77,-0.24,0.07,0.24,-0.17,0.59,1.00,-0.41,1,2,-1,-0.59,64.70,62.63,47.47,0.38,0.41,221,7,8,10,21.05,24.39,7.69,3,6,34,12,11,90.8,65.99,8.2,8.36,46.2,31.08,5,Farense 2-1 Lusitânia Lourosa,2026-03-01
Farense,1.00,0.59,0.41,0.77,0.53,0.24,0.24,0.07,0.17,1.00,0.59,0.41,2,1,1,0.59,35.30,37.37,46.40,0.41,0.38,110,11,10,8,24.39,21.05,10.09,6,3,14,6,16,46.8,34.01,89.87,91.64,102.47,68.92,3,Farense 2-1 Lusitânia Lourosa,2026-03-01
Portimonense,0.33,1.51,-1.18,0.28,1.51,-1.23,0.05,0.00,0.05,0.33,1.51,-1.18,0,1,-1,0.18,54.90,61.37,48.10,0.64,0.63,223,13,8,7,12.5,11.11,12.43,4,4,24,3,9,136.5,66.65,37.93,34.97,88.1,60.1,3,União de Leiria 1-0 Portimonense,2026-02-28
União de Leiria,1.51,0.33,1.18,1.51,0.28,1.23,0.00,0.05,-0.05,1.51,0.33,1.18,1,0,1,-0.18,45.10,38.63,44.75,0.63,0.64,148,10,7,8,11.11,12.5,10.72,4,4,9,1,19,68.3,33.35,70.53,65.03,58.5,39.9,1,União de Leiria 1-0 Portimonense,2026-02-28
Chaves,2.65,1.84,0.81,0.48,1.07,-0.59,2.17,0.01,2.16,2.65,1.08,1.57,2,3,-1,-1.81,54.60,46.33,42.24,0.53,0.48,166,7,14,9,26.42,18.75,13.18,0,9,15,4,12,75.1,48.42,22.33,19.37,51.5,26.57,0,Vizela 3-2 Chaves,2026-02-28
Vizela,1.84,2.65,-0.81,1.07,0.48,0.59,0.01,2.17,-2.16,1.08,2.65,-1.57,3,2,1,1.81,45.40,53.67,48.83,0.48,0.53,185,8,9,14,18.75,26.42,11.09,9,0,18,3,10,80.0,51.58,92.93,80.63,142.33,73.43,1,Vizela 3-2 Chaves,2026-02-28
Porto II,2.38,3.25,-0.87,2.38,2.37,0.01,0.00,0.12,-0.12,2.38,2.49,-0.11,3,0,3,3.87,43.50,30.33,37.32,0.93,1.44,95,8,8,19,8.6,13.19,12.54,2,8,6,1,11,22.7,11.51,37.0,37.86,38.2,20.96,2,Torreense 0-3 Porto II,2026-02-28
Torreense,3.25,2.38,0.87,2.37,2.38,-0.01,0.12,0.00,0.12,2.49,2.38,0.11,0,3,-3,-3.87,56.50,69.67,52.42,1.44,0.93,246,21,19,8,13.19,8.6,9.09,8,2,29,5,12,174.6,88.49,60.73,62.14,144.03,79.04,1,Torreense 0-3 Porto II,2026-02-28
Leixões,1.23,1.48,-0.25,0.41,1.04,-0.63,0.05,0.44,-0.39,0.47,1.48,-1.01,1,0,1,1.25,38.90,33.9,45.14,0.07,1.06,142,2,7,13,100.0,12.26,10.71,5,4,10,3,16,50.2,21.23,98.33,86.25,112.13,50.67,0,Sporting CP II 0-1 Leixões,2026-02-28
Sporting CP II,1.48,1.23,0.25,1.04,0.41,0.63,0.44,0.05,0.39,1.48,0.47,1.01,0,1,-1,-1.25,61.10,66.1,48.18,1.06,0.07,230,21,13,7,12.26,100.0,9.23,4,5,37,9,14,186.3,78.77,15.67,13.75,109.17,49.33,0,Sporting CP II 0-1 Leixões,2026-02-28
Paços de Ferreira,2.16,1.27,0.89,1.75,1.27,0.48,0.41,0.00,0.41,2.16,1.27,0.89,0,1,-1,-1.89,63.10,65.95,49.06,0.38,0.61,288,14,23,14,60.53,22.95,6.50,10,6,27,10,20,166.6,88.71,10.27,9.65,96.67,61.23,0,Porto II 1-0 Paços de Ferreira,2026-02-23
Porto II,1.27,2.16,-0.89,1.27,1.75,-0.48,0.00,0.41,-0.41,1.27,2.16,-0.89,1,0,1,1.89,36.90,34.05,40.15,0.61,0.38,100,6,14,23,22.95,60.53,10.55,6,10,7,3,16,21.2,11.29,96.2,90.35,61.2,38.77,1,Porto II 1-0 Paços de Ferreira,2026-02-23
Feirense,0.64,1.21,-0.57,0.50,1.00,-0.50,0.14,0.21,-0.07,0.64,1.21,-0.57,0,1,-1,-0.43,52.10,48.71,46.81,0.83,0.42,138,11,10,10,12.05,23.81,6.53,4,1,25,5,19,74.8,53.62,19.73,27.87,53.4,42.2,0,Lusitânia Lourosa 1-0 Feirense,2026-02-22
Lusitânia Lourosa,1.21,0.64,0.57,1.00,0.50,0.50,0.21,0.14,0.07,1.21,0.64,0.57,1,0,1,0.43,47.90,51.29,47.47,0.42,0.83,144,10,10,10,23.81,12.05,7.79,1,4,30,8,11,64.7,46.38,51.07,72.13,73.13,57.8,2,Lusitânia Lourosa 1-0 Feirense,2026-02-22
Academico Viseu,1.75,0.25,1.50,1.75,0.19,1.56,0.00,0.05,-0.05,1.75,0.25,1.50,1,0,1,-0.50,57.80,55.68,46.51,1.03,0.29,174,13,8,7,7.77,24.14,9.36,3,4,17,4,15,108.9,64.48,21.07,26.03,72.17,56.72,2,Portimonense 0-1 Academico Viseu,2026-02-22
Portimonense,0.25,1.75,-1.50,0.19,1.75,-1.56,0.05,0.00,0.05,0.25,1.75,-1.50,0,1,-1,0.50,42.20,44.32,43.61,0.29,1.03,115,10,7,8,24.14,7.77,11.63,4,3,17,3,11,60.0,35.52,59.87,73.97,55.07,43.28,8,Portimonense 0-1 Academico Viseu,2026-02-22
Farense,0.87,1.05,-0.18,0.70,0.60,0.10,0.17,0.46,-0.29,0.87,1.05,-0.18,0,2,-2,-1.82,45.70,45.63,43.21,0.46,0.69,147,10,14,10,30.43,14.49,12.19,4,5,14,4,17,72.3,47.88,51.6,58.42,44.63,30.47,4,Chaves 2-0 Farense,2026-02-22
Chaves,1.05,0.87,0.18,0.60,0.70,-0.10,0.46,0.17,0.29,1.05,0.87,0.18,2,0,2,1.82,54.30,54.37,44.59,0.69,0.46,183,7,10,14,14.49,30.43,11.45,5,4,19,6,10,78.7,52.12,36.73,41.58,101.83,69.53,0,Chaves 2-0 Farense,2026-02-22
Penafiel,0.81,0.90,-0.09,0.66,0.87,-0.21,0.15,0.04,0.11,0.81,0.90,-0.09,0,0,0,0.09,46.80,34.8,44.25,0.69,1.04,164,10,11,11,15.94,10.58,10.65,2,6,16,6,19,65.3,32.65,49.87,57.36,64.13,34.69,0,Felgueiras 1932 0-0 Penafiel,2026-02-22
Felgueiras 1932,0.90,0.81,0.09,0.87,0.66,0.21,0.04,0.15,-0.11,0.90,0.81,0.09,0,0,0,-0.09,53.20,65.2,54.39,1.04,0.69,284,12,11,11,10.58,15.94,8.00,6,2,26,6,14,134.7,67.35,37.07,42.64,120.73,65.31,1,Felgueiras 1932 0-0 Penafiel,2026-02-22
União de Leiria,3.16,0.56,2.60,2.01,0.48,1.53,0.39,0.08,0.31,2.40,0.56,1.84,4,2,2,-0.60,40.00,41.92,44.41,0.77,0.35,122,10,15,10,19.48,28.57,13.20,3,7,11,3,15,58.1,45.11,96.13,90.98,136.73,81.55,1,Oliveirense 2-4 União de Leiria,2026-02-21
Oliveirense,0.56,3.16,-2.60,0.48,2.01,-1.53,0.08,0.39,-0.31,0.56,2.40,-1.84,2,4,-2,0.60,60.00,58.08,44.80,0.35,0.77,194,10,10,15,28.57,19.48,6.97,7,3,25,4,8,70.7,54.89,9.53,9.02,30.93,18.45,0,Oliveirense 2-4 União de Leiria,2026-02-21
Sporting CP II,0.68,1.06,-0.38,0.66,0.72,-0.06,0.02,0.34,-0.32,0.68,1.06,-0.38,0,1,-1,-0.62,50.30,46.15,44.06,0.48,1.03,166,6,12,10,25.0,9.71,15.52,3,7,16,3,7,57.7,42.09,27.6,36.93,53.17,34.83,2,Marítimo 1-0 Sporting CP II,2026-02-21
Marítimo,1.06,0.68,0.38,0.72,0.66,0.06,0.34,0.02,0.32,1.06,0.68,0.38,1,0,1,0.62,49.70,53.85,46.64,1.03,0.48,188,10,10,12,9.71,25.0,9.74,7,3,26,6,17,79.4,57.91,47.13,63.07,99.5,65.17,1,Marítimo 1-0 Sporting CP II,2026-02-21
Benfica II,1.52,1.60,-0.08,1.32,1.60,-0.28,0.20,0.00,0.20,1.52,1.60,-0.08,0,1,-1,-0.92,60.30,63.11,50.59,1.44,0.76,271,19,11,11,7.64,14.47,7.86,9,1,27,7,8,144.8,64.33,17.8,20.0,103.23,45.62,4,Torreense 1-0 Benfica II,2026-02-21
Torreense,1.60,1.52,0.08,1.60,1.32,0.28,0.00,0.20,-0.20,1.60,1.52,0.08,1,0,1,0.92,39.70,36.89,44.74,0.76,1.44,133,8,11,11,14.47,7.64,17.25,1,9,17,2,17,80.3,35.67,71.2,80.0,123.03,54.38,0,Torreense 1-0 Benfica II,2026-02-21
Vizela,0.57,2.13,-1.56,0.57,1.37,-0.80,0.00,0.00,0.00,0.57,1.37,-0.80,2,1,1,2.56,40.10,39.19,43.41,0.22,1.2,109,6,8,11,36.36,9.17,10.73,3,1,9,3,13,43.9,27.71,71.93,82.81,61.57,44.41,1,Leixões 1-2 Vizela,2026-02-20
Leixões,2.13,0.57,1.56,1.37,0.57,0.80,0.00,0.00,0.00,1.37,0.57,0.80,1,2,-1,-2.56,59.90,60.81,49.04,1.2,0.22,241,13,11,8,9.17,36.36,8.88,1,3,24,5,19,114.5,72.29,14.93,17.19,77.07,55.59,0,Leixões 1-2 Vizela,2026-02-20
Lusitânia Lourosa,0.71,1.68,-0.97,0.71,1.68,-0.97,0.00,0.00,0.00,0.71,1.68,-0.97,0,2,-2,-1.03,55.80,59.41,47.16,0.64,0.66,229,10,9,8,14.06,12.12,6.81,11,3,23,2,22,88.9,67.71,32.67,47.21,73.4,50.3,0,Penafiel 2-0 Lusitânia Lourosa,2026-02-16
Penafiel,1.68,0.71,0.97,1.68,0.71,0.97,0.00,0.00,0.00,1.68,0.71,0.97,2,0,2,1.03,44.20,40.59,41.22,0.66,0.64,130,7,8,9,12.12,14.06,10.69,3,11,10,2,13,42.4,32.29,36.53,52.79,72.53,49.7,0,Penafiel 2-0 Lusitânia Lourosa,2026-02-16
Porto II,1.71,2.01,-0.30,1.68,2.01,-0.33,0.04,0.00,0.04,1.71,2.01,-0.30,2,2,0,0.30,56.00,52.15,43.01,0.48,0.59,187,8,9,7,18.75,11.86,10.31,3,7,12,2,11,64.6,53.39,22.67,22.52,46.53,30.98,1,União de Leiria 2-2 Porto II,2026-02-15
União de Leiria,2.01,1.71,0.30,2.01,1.68,0.33,0.00,0.04,-0.04,2.01,1.71,0.30,2,2,0,-0.30,44.00,47.85,44.74,0.59,0.48,161,7,7,9,11.86,18.75,12.21,7,3,12,2,18,56.4,46.61,78.0,77.48,103.67,69.02,0,União de Leiria 2-2 Porto II,2026-02-15
Torreense,1.13,0.94,0.19,1.08,0.52,0.56,0.05,0.42,-0.37,1.13,0.94,0.19,0,0,0,-0.19,54.20,60.4,50.03,1.09,0.4,209,17,13,14,11.93,35.0,8.97,7,6,31,8,6,118.4,72.28,43.27,57.79,125.37,75.49,0,Paços de Ferreira 0-0 Torreense,2026-02-15
Paços de Ferreira,0.94,1.13,-0.19,0.52,1.08,-0.56,0.42,0.05,0.37,0.94,1.13,-0.19,0,0,0,0.19,45.80,39.6,44.37,0.4,1.09,134,5,14,13,35.0,11.93,10.12,6,7,22,10,17,45.4,27.72,31.6,42.21,40.7,24.51,1,Paços de Ferreira 0-0 Torreense,2026-02-15
Portimonense,2.06,1.80,0.26,0.78,1.33,-0.55,0.52,0.48,0.04,1.30,1.80,-0.50,3,4,-1,-1.26,47.70,59.71,47.08,0.39,1.23,195,13,18,14,46.15,11.38,12.23,9,2,23,7,7,87.1,57.57,66.07,67.88,112.33,61.87,3,Sporting CP II 4-3 Portimonense,2026-02-15
Sporting CP II,1.80,2.06,-0.26,1.33,0.78,0.55,0.48,0.52,-0.04,1.80,1.30,0.50,4,3,1,1.26,52.30,40.29,43.10,1.23,0.39,156,10,14,18,11.38,46.15,12.85,2,9,18,3,15,64.2,42.43,31.27,32.12,69.23,38.13,0,Sporting CP II 4-3 Portimonense,2026-02-15
Marítimo,2.25,0.91,1.34,2.25,0.91,1.34,0.00,0.00,0.00,2.25,0.91,1.34,3,0,3,1.66,43.50,47.37,42.16,0.68,0.77,128,12,12,7,17.65,9.09,8.92,12,4,12,0,17,73.1,57.97,83.8,81.68,133.1,80.81,2,Vizela 0-3 Marítimo,2026-02-15
Vizela,0.91,2.25,-1.34,0.91,2.25,-1.34,0.00,0.00,0.00,0.91,2.25,-1.34,0,3,-3,-1.66,56.50,52.63,41.56,0.77,0.68,175,8,7,12,9.09,17.65,7.81,4,12,16,4,17,53.0,42.03,18.8,18.32,31.6,19.19,1,Vizela 0-3 Marítimo,2026-02-15
Felgueiras 1932,2.18,2.23,-0.05,1.34,1.38,-0.04,0.08,0.09,-0.01,1.42,1.47,-0.05,2,4,-2,-1.95,55.70,61.89,50.43,1.11,0.44,210,14,14,11,12.61,25.0,5.51,6,4,26,6,18,110.4,66.51,15.4,26.46,73.77,36.23,2,Benfica II 4-2 Felgueiras 1932,2026-02-14
Benfica II,2.23,2.18,0.05,1.38,1.34,0.04,0.09,0.08,0.01,1.47,1.42,0.05,4,2,2,1.95,44.30,38.11,45.36,0.44,1.11,136,9,11,14,25.0,12.61,6.54,4,6,11,3,27,55.6,33.49,42.8,73.54,129.87,63.77,0,Benfica II 4-2 Felgueiras 1932,2026-02-14
Leixões,3.74,1.47,2.27,2.84,1.38,1.46,0.13,0.09,0.04,2.98,1.47,1.51,2,1,1,-1.27,55.70,48.9,44.10,0.79,0.78,156,15,21,9,26.58,11.54,6.68,6,4,15,3,12,111.9,75.05,22.2,24.65,97.2,63.63,0,Farense 1-2 Leixões,2026-02-14
Farense,1.47,3.74,-2.27,1.38,2.84,-1.46,0.09,0.13,-0.04,1.47,2.98,-1.51,1,2,-1,1.27,44.30,51.1,45.36,0.78,0.79,146,12,9,21,11.54,26.58,9.05,4,6,21,4,18,37.2,24.95,67.87,75.35,55.57,36.37,8,Farense 1-2 Leixões,2026-02-14
Oliveirense,0.82,3.38,-2.56,0.82,1.74,-0.92,0.00,0.88,-0.88,0.82,2.62,-1.80,1,4,-3,-0.44,47.80,47.46,46.87,0.32,0.53,150,4,8,20,25.0,37.74,8.97,7,2,19,4,11,36.5,19.55,48.73,63.34,51.2,26.07,2,Academico Viseu 4-1 Oliveirense,2026-02-14
Academico Viseu,3.38,0.82,2.56,1.74,0.82,0.92,0.88,0.00,0.88,2.62,0.82,1.80,4,1,3,0.44,52.20,52.54,46.54,0.53,0.32,160,17,20,8,37.74,25.0,7.41,2,7,19,7,18,150.2,80.45,28.2,36.66,145.23,73.93,4,Academico Viseu 4-1 Oliveirense,2026-02-14
Chaves,0.35,0.40,-0.05,0.35,0.40,-0.05,0.00,0.00,0.00,0.35,0.40,-0.05,0,1,-1,-0.95,58.30,52.26,44.89,0.16,0.38,177,10,6,4,37.5,10.53,6.76,4,7,16,3,16,55.2,45.58,16.07,14.93,27.3,17.89,2,Feirense 1-0 Chaves,2026-02-14
Feirense,0.40,0.35,0.05,0.40,0.35,0.05,0.00,0.00,0.00,0.40,0.35,0.05,1,0,1,0.95,41.70,47.74,47.01,0.38,0.16,139,12,4,6,10.53,37.5,8.07,7,4,13,2,22,65.9,54.42,91.6,85.07,125.33,82.11,3,Feirense 1-0 Chaves,2026-02-14
Sporting CP II,2.16,1.65,0.51,1.38,1.40,-0.02,0.02,0.25,-0.23,1.40,1.65,-0.25,3,0,3,2.49,45.80,39.93,44.99,0.45,0.84,147,10,14,18,31.11,21.43,8.85,4,5,8,2,17,52.7,29.72,50.27,71.81,98.43,81.26,2,Paços de Ferreira 0-3 Sporting CP II,2026-02-10
Paços de Ferreira,1.65,2.16,-0.51,1.40,1.38,0.02,0.25,0.02,0.23,1.65,1.40,0.25,0,3,-3,-2.49,54.20,60.07,48.65,0.84,0.45,221,14,18,14,21.43,31.11,9.08,5,4,20,6,13,124.6,70.28,19.73,28.19,22.7,18.74,2,Paços de Ferreira 0-3 Sporting CP II,2026-02-10
Benfica II,3.02,0.77,2.25,2.70,0.77,1.93,0.31,0.00,0.31,3.02,0.77,2.25,1,1,0,-2.25,52.10,46.18,47.21,1.07,0.79,177,17,18,7,16.82,8.86,7.24,4,5,22,4,19,123.5,62.95,30.0,38.4,108.03,58.27,2,Portimonense 1-1 Benfica II,2026-02-09
Portimonense,0.77,3.02,-2.25,0.77,2.70,-1.93,0.00,0.31,-0.31,0.77,3.02,-2.25,1,1,0,2.25,47.90,53.82,49.02,0.79,1.07,171,12,7,18,8.86,16.82,11.85,5,4,27,4,10,72.7,37.05,48.13,61.6,77.37,41.73,4,Portimonense 1-1 Benfica II,2026-02-09
União de Leiria,1.14,4.32,-3.18,0.95,3.41,-2.46,0.19,0.15,0.04,1.14,3.56,-2.42,1,3,-2,1.18,41.20,29.37,40.52,0.19,1.19,99,6,10,19,52.63,15.97,14.67,1,3,13,3,14,21.3,10.25,64.33,65.74,25.97,14.43,0,Torreense 3-1 União de Leiria,2026-02-08
Torreense,4.32,1.14,3.18,3.41,0.95,2.46,0.15,0.19,-0.04,3.56,1.14,2.42,3,1,2,-1.18,58.80,70.63,52.56,1.19,0.19,274,16,19,10,15.97,52.63,9.03,3,1,29,5,15,186.6,89.75,33.53,34.26,153.97,85.57,0,Torreense 3-1 União de Leiria,2026-02-08
Feirense,2.68,0.88,1.80,2.39,0.58,1.81,0.29,0.31,-0.02,2.68,0.88,1.80,1,2,-1,-2.80,54.40,64.54,53.02,0.88,0.25,204,10,14,8,15.91,32.0,6.02,10,4,34,5,12,108.7,75.85,34.53,58.59,99.47,72.2,0,Leixões 2-1 Feirense,2026-02-07
Leixões,0.88,2.68,-1.80,0.58,2.39,-1.81,0.31,0.29,0.02,0.88,2.68,-1.80,2,1,1,2.80,45.60,35.46,42.81,0.25,0.88,106,7,8,14,32.0,15.91,10.50,4,10,15,4,14,34.6,24.15,24.4,41.41,38.3,27.8,0,Leixões 2-1 Feirense,2026-02-07
Vizela,1.61,0.57,1.04,1.44,0.51,0.93,0.17,0.07,0.10,1.61,0.57,1.04,0,3,-3,-4.04,79.80,84.62,57.95,1.29,0.28,450,15,16,7,12.4,25.0,3.86,4,1,47,12,18,297.6,97.51,2.6,1.6,143.2,80.33,0,Oliveirense 3-0 Vizela,2026-02-07
Oliveirense,0.57,1.61,-1.04,0.51,1.44,-0.93,0.07,0.17,-0.10,0.57,1.61,-1.04,3,0,3,4.04,20.20,15.38,40.52,0.28,1.29,49,7,7,16,25.0,12.4,29.43,1,4,8,3,9,7.6,2.49,159.47,98.4,35.07,19.67,0,Oliveirense 3-0 Vizela,2026-02-07
Farense,0.65,1.79,-1.14,0.55,1.27,-0.72,0.09,0.52,-0.43,0.65,1.79,-1.14,1,0,1,2.14,35.20,34.35,44.00,0.27,0.76,102,5,6,15,22.22,19.74,8.28,6,6,11,4,22,22.3,11.95,83.93,87.86,42.83,27.68,3,Marítimo 0-1 Farense,2026-02-07
Marítimo,1.79,0.65,1.14,1.27,0.55,0.72,0.52,0.09,0.43,1.79,0.65,1.14,0,1,-1,-2.14,64.80,65.65,51.13,0.76,0.27,279,8,15,6,19.74,22.22,5.53,6,6,23,5,18,164.3,88.05,11.6,12.14,111.9,72.32,1,Marítimo 0-1 Farense,2026-02-07
Felgueiras 1932,0.84,0.92,-0.08,0.84,0.16,0.68,0.00,0.00,0.00,0.84,0.16,0.68,1,2,-1,-0.92,52.80,60.81,56.99,0.44,0.5,227,10,10,5,22.73,10.0,7.45,2,2,22,5,13,94.3,72.99,61.8,62.51,122.0,67.45,3,Lusitânia Lourosa 2-1 Felgueiras 1932,2026-02-07
Lusitânia Lourosa,0.92,0.84,0.08,0.16,0.84,-0.68,0.00,0.00,0.00,0.16,0.84,-0.68,2,1,1,0.92,47.20,39.19,45.96,0.5,0.44,132,3,5,10,10.0,22.73,7.52,2,2,23,2,19,34.9,27.01,37.07,37.49,58.87,32.55,0,Lusitânia Lourosa 2-1 Felgueiras 1932,2026-02-07
Penafiel,0.80,1.27,-0.47,0.76,1.18,-0.42,0.04,0.09,-0.05,0.80,1.27,-0.47,1,0,1,1.47,40.70,42.01,48.15,0.6,1.34,151,10,11,15,18.33,11.19,10.47,2,5,22,6,21,78.6,33.53,61.27,70.47,80.07,44.77,2,Chaves 0-1 Penafiel,2026-02-06
Chaves,1.27,0.80,0.47,1.18,0.76,0.42,0.09,0.04,0.05,1.27,0.80,0.47,0,1,-1,-1.47,59.30,57.99,52.79,1.34,0.6,284,16,15,11,11.19,18.33,6.63,5,2,34,4,18,155.8,66.47,25.67,29.53,98.77,55.23,1,Chaves 0-1 Penafiel,2026-02-06
Academico Viseu,0.98,1.11,-0.13,0.88,1.11,-0.23,0.11,0.00,0.11,0.98,1.11,-0.13,1,3,-2,-1.87,46.30,56.93,45.10,0.59,0.81,182,12,13,10,22.03,12.35,10.88,5,0,22,3,19,126.1,59.71,73.93,58.99,88.23,60.7,1,Porto II 3-1 Academico Viseu,2026-02-06
Porto II,1.11,0.98,0.13,1.11,0.88,0.23,0.00,0.11,-0.11,1.11,0.98,0.13,3,1,2,1.87,53.70,43.07,43.52,0.81,0.59,193,5,10,13,12.35,22.03,14.29,0,5,9,0,10,85.1,40.29,51.4,41.01,57.13,39.3,1,Porto II 3-1 Academico Viseu,2026-02-06
Marítimo,1.40,2.04,-0.64,1.32,1.20,0.12,0.08,0.84,-0.76,1.40,2.04,-0.64,1,1,0,0.64,53.00,48.93,47.72,0.78,1.0,162,14,13,13,16.67,13.0,6.46,3,2,21,5,21,60.3,50.12,18.53,26.65,44.47,35.69,6,Feirense 1-1 Marítimo,2026-02-01
Feirense,2.04,1.40,0.64,1.20,1.32,-0.12,0.84,0.08,0.76,2.04,1.40,0.64,1,1,0,-0.64,47.00,51.07,46.27,1.0,0.78,146,15,13,13,13.0,16.67,8.15,2,3,20,5,14,60.0,49.88,51.0,73.35,80.13,64.31,2,Feirense 1-1 Marítimo,2026-02-01
Oliveirense,0.55,1.90,-1.35,0.30,1.90,-1.60,0.25,0.00,0.25,0.55,1.90,-1.35,0,2,-2,-0.65,44.30,46.56,45.79,0.23,0.51,171,6,7,8,30.43,15.69,20.00,6,4,16,3,11,49.1,36.59,71.13,64.59,51.8,39.65,0,Sporting CP II 2-0 Oliveirense,2026-02-01
Sporting CP II,1.90,0.55,1.35,1.90,0.30,1.60,0.00,0.25,-0.25,1.90,0.55,1.35,2,0,2,0.65,55.70,53.44,42.89,0.51,0.23,181,9,8,7,15.69,30.43,14.21,4,6,17,7,9,85.1,63.41,39.0,35.41,78.83,60.35,2,Sporting CP II 2-0 Oliveirense,2026-02-01
Portimonense,1.71,1.33,0.38,0.74,1.11,-0.37,0.21,0.22,-0.01,0.95,1.33,-0.38,1,1,0,-0.38,43.50,39.48,43.97,0.5,0.44,108,14,11,14,22.0,31.82,14.09,2,3,24,6,13,70.8,39.14,63.47,73.17,93.4,49.71,3,Vizela 1-1 Portimonense,2026-01-31
Vizela,1.33,1.71,-0.38,1.11,0.74,0.37,0.22,0.21,0.01,1.33,0.95,0.38,1,1,0,0.38,56.50,60.52,48.03,0.44,0.5,182,8,14,11,31.82,22.0,7.29,3,2,22,5,14,110.1,60.86,23.27,26.83,94.5,50.29,3,Vizela 1-1 Portimonense,2026-01-31
Porto II,2.75,1.76,0.99,2.75,1.68,1.07,0.00,0.08,-0.08,2.75,1.76,0.99,3,2,1,0.01,40.40,34.39,39.83,0.36,1.64,104,5,10,21,27.78,12.8,12.09,1,6,10,1,14,48.9,23.89,84.87,74.66,81.27,44.18,1,Farense 2-3 Porto II,2026-01-31
Farense,1.76,2.75,-0.99,1.68,2.75,-1.07,0.08,0.00,0.08,1.76,2.75,-0.99,2,3,-1,-0.01,59.60,65.61,47.23,1.64,0.36,222,21,21,10,12.8,27.78,8.49,6,1,35,3,19,155.8,76.11,28.8,25.34,102.7,55.82,1,Farense 2-3 Porto II,2026-01-31
Torreense,1.53,1.31,0.22,1.09,1.24,-0.15,0.45,0.08,0.37,1.53,1.31,0.22,0,1,-1,-1.22,48.10,55.2,45.16,0.48,0.25,162,10,13,13,27.08,52.0,10.44,4,10,29,5,12,94.1,59.67,53.0,59.77,93.57,59.64,0,Academico Viseu 1-0 Torreense,2026-01-31
Academico Viseu,1.31,1.53,-0.22,1.24,1.09,0.15,0.08,0.45,-0.37,1.31,1.53,-0.22,1,0,1,1.22,51.90,44.8,42.69,0.25,0.48,146,4,13,13,52.0,27.08,9.18,10,4,18,6,13,63.6,40.33,35.67,40.23,63.33,40.36,1,Academico Viseu 1-0 Torreense,2026-01-31
Chaves,1.60,1.72,-0.12,0.62,0.93,-0.31,0.21,0.80,-0.59,0.84,1.72,-0.88,0,1,-1,-0.88,57.80,53.24,46.16,1.11,0.36,196,13,15,10,13.51,27.78,6.15,2,3,19,6,17,105.4,57.94,8.33,9.32,65.1,33.64,3,Felgueiras 1932 1-0 Chaves,2026-01-31
Felgueiras 1932,1.72,1.60,0.12,0.93,0.62,0.31,0.80,0.21,0.59,1.72,0.84,0.88,1,0,1,0.88,42.20,46.76,50.39,0.36,1.11,163,7,10,15,27.78,13.51,8.95,3,2,13,4,20,76.5,42.06,81.07,90.68,128.43,66.36,3,Felgueiras 1932 1-0 Chaves,2026-01-31
Leixões,0.27,1.06,-0.79,0.27,0.95,-0.68,0.00,0.11,-0.11,0.27,1.06,-0.79,0,0,0,0.79,48.60,44.33,45.65,0.17,0.76,170,3,7,12,41.18,15.79,10.50,2,6,17,3,14,37.5,32.52,61.0,71.32,46.6,48.03,0,Penafiel 0-0 Leixões,2026-01-30
Penafiel,1.06,0.27,0.79,0.95,0.27,0.68,0.11,0.00,0.11,1.06,0.27,0.79,0,0,0,-0.79,51.40,55.67,46.32,0.76,0.17,186,11,12,7,15.79,41.18,7.98,6,2,25,1,20,77.8,67.48,24.53,28.68,50.43,51.97,2,Penafiel 0-0 Leixões,2026-01-30
Lusitânia Lourosa,0.95,2.13,-1.18,0.95,1.16,-0.21,0.00,0.21,-0.21,0.95,1.37,-0.42,2,1,1,2.18,36.50,22.71,36.54,0.56,1.25,75,5,4,19,7.14,15.2,13.19,1,8,5,1,15,16.3,6.93,84.73,82.16,42.87,20.09,0,Benfica II 1-2 Lusitânia Lourosa,2026-01-29
Benfica II,2.13,0.95,1.18,1.16,0.95,0.21,0.21,0.00,0.21,1.37,0.95,0.42,1,2,-1,-2.18,63.50,77.29,52.21,1.25,0.56,305,20,19,4,15.2,7.14,5.68,8,1,34,9,22,218.8,93.07,18.4,17.84,170.53,79.91,3,Benfica II 1-2 Lusitânia Lourosa,2026-01-29
Sporting CP II,1.19,2.44,-1.25,1.17,1.10,0.07,0.02,1.34,-1.32,1.19,2.44,-1.25,1,3,-2,-0.75,60.50,57.66,45.75,0.44,0.48,246,12,11,12,25.0,25.0,9.25,1,4,14,3,10,81.2,56.35,37.93,32.87,53.63,32.44,1,União de Leiria 3-1 Sporting CP II,2026-01-26
União de Leiria,2.44,1.19,1.25,1.10,1.17,-0.07,1.34,0.02,1.32,2.44,1.19,1.25,3,1,2,0.75,39.50,42.34,40.30,0.48,0.44,132,7,12,11,25.0,25.0,15.06,4,1,8,4,14,62.9,43.65,77.47,67.13,111.7,67.56,2,União de Leiria 3-1 Sporting CP II,2026-01-26
Penafiel,0.48,2.66,-2.18,0.42,1.83,-1.41,0.06,0.07,-0.01,0.48,1.90,-1.42,1,2,-1,1.18,51.00,47.55,46.48,0.34,0.94,173,10,7,17,20.59,18.09,9.16,6,4,16,4,19,49.6,30.66,24.07,33.93,36.17,19.47,10,Oliveirense 2-1 Penafiel,2026-01-25
Oliveirense,2.66,0.48,2.18,1.83,0.42,1.41,0.07,0.06,0.01,1.90,0.48,1.42,2,1,1,-1.18,49.00,52.45,48.76,0.94,0.34,174,14,17,7,18.09,20.59,8.16,4,6,11,5,14,112.2,69.34,46.87,66.07,149.57,80.53,0,Oliveirense 2-1 Penafiel,2026-01-25
Farense,1.38,2.07,-0.69,1.31,1.28,0.03,0.07,0.03,0.04,1.38,1.31,0.07,1,2,-1,-0.31,56.60,45.79,45.27,0.65,0.8,180,18,14,12,21.54,15.0,8.81,4,6,25,4,15,80.8,48.33,26.0,28.93,29.4,21.25,3,Torreense 2-1 Farense,2026-01-25
Torreense,2.07,1.38,0.69,1.28,1.31,-0.03,0.03,0.07,-0.04,1.31,1.38,-0.07,2,1,1,0.31,43.40,54.21,49.02,0.8,0.65,178,16,12,14,15.0,21.54,9.16,6,4,16,1,17,86.4,51.67,63.87,71.07,108.97,78.75,0,Torreense 2-1 Farense,2026-01-25
Vizela,2.14,0.83,1.31,1.64,0.78,0.86,0.50,0.05,0.45,2.14,0.83,1.31,0,1,-1,-2.31,66.10,72.95,51.43,1.23,0.63,277,17,16,11,13.01,17.46,4.87,11,12,25,4,19,166.6,87.27,16.0,14.81,115.43,68.08,2,Porto II 1-0 Vizela,2026-01-25
Porto II,0.83,2.14,-1.31,0.78,1.64,-0.86,0.05,0.50,-0.45,0.83,2.14,-1.31,1,0,1,2.31,33.90,27.05,42.06,0.63,1.23,85,7,11,16,17.46,13.01,8.39,12,11,11,2,18,24.3,12.73,92.0,85.19,54.13,31.92,0,Porto II 1-0 Vizela,2026-01-25
Feirense,1.13,0.53,0.60,1.10,0.51,0.59,0.04,0.02,0.02,1.13,0.53,0.60,1,0,1,0.40,46.40,50.0,43.26,0.6,0.5,123,8,11,8,18.33,16.0,7.07,3,2,12,5,20,75.0,50.27,59.47,69.69,105.5,61.73,0,Portimonense 0-1 Feirense,2026-01-25
Portimonense,0.53,1.13,-0.60,0.51,1.10,-0.59,0.02,0.04,-0.02,0.53,1.13,-0.60,0,1,-1,-0.40,53.60,50.0,42.32,0.5,0.6,124,14,8,11,16.0,18.33,6.92,2,3,16,4,13,74.2,49.73,25.87,30.31,65.4,38.27,4,Portimonense 0-1 Feirense,2026-01-25
Benfica II,0.45,0.44,0.01,0.34,0.44,-0.10,0.12,0.00,0.12,0.45,0.44,0.01,0,0,0,-0.01,52.20,42.59,43.56,0.41,0.4,137,5,7,7,17.07,17.5,5.12,9,7,15,4,19,50.0,37.4,18.0,22.5,35.73,23.95,1,Leixões 0-0 Benfica II,2026-01-24
Leixões,0.44,0.45,-0.01,0.44,0.34,0.10,0.00,0.12,-0.12,0.44,0.45,-0.01,0,0,0,0.01,47.80,57.41,50.54,0.4,0.41,177,7,7,7,17.5,17.07,6.31,7,9,20,7,23,83.7,62.6,62.0,77.5,113.43,76.05,1,Leixões 0-0 Benfica II,2026-01-24
Felgueiras 1932,0.78,1.80,-1.02,0.48,1.73,-1.25,0.30,0.07,0.23,0.78,1.80,-1.02,1,1,0,1.02,45.50,44.22,44.86,0.6,0.27,117,8,9,18,15.0,66.67,11.04,0,2,16,2,14,45.6,28.77,38.07,59.61,52.3,29.12,2,Marítimo 1-1 Felgueiras 1932,2026-01-24
Marítimo,1.80,0.78,1.02,1.73,0.48,1.25,0.07,0.30,-0.23,1.80,0.78,1.02,1,1,0,-1.02,54.50,55.78,45.55,0.27,0.6,154,10,18,9,66.67,15.0,9.19,2,0,16,8,12,112.9,71.23,25.8,40.39,127.33,70.88,5,Marítimo 1-1 Felgueiras 1932,2026-01-24
Lusitânia Lourosa,0.69,2.91,-2.22,0.30,2.91,-2.61,0.39,0.00,0.39,0.69,2.91,-2.22,2,2,0,2.22,44.30,40.77,44.90,0.5,0.99,139,6,9,13,18.0,13.13,11.83,1,0,23,4,12,40.1,29.59,75.67,82.91,78.1,54.07,0,Chaves 2-2 Lusitânia Lourosa,2026-01-24
Chaves,2.91,0.69,2.22,2.91,0.30,2.61,0.00,0.39,-0.39,2.91,0.69,2.22,2,2,0,-2.22,55.70,59.23,46.41,0.99,0.5,193,12,13,9,13.13,18.0,6.81,0,1,22,3,15,95.4,70.41,15.6,17.09,66.33,45.93,2,Chaves 2-2 Lusitânia Lourosa,2026-01-24
Academico Viseu,1.36,2.50,-1.14,0.60,1.01,-0.41,0.00,0.73,-0.73,0.60,1.74,-1.14,1,2,-1,0.14,37.60,37.93,48.40,0.24,0.45,122,6,9,21,37.5,46.67,9.15,3,5,17,2,16,34.4,19.19,60.67,78.24,63.2,38.16,1,Paços de Ferreira 2-1 Academico Viseu,2026-01-23
Paços de Ferreira,2.50,1.36,1.14,1.01,0.60,0.41,0.73,0.00,0.73,1.74,0.60,1.14,2,1,1,-0.14,62.40,62.07,52.98,0.45,0.24,236,19,21,9,46.67,37.5,6.29,5,3,33,8,15,144.9,80.81,16.87,21.76,102.4,61.84,2,Paços de Ferreira 2-1 Academico Viseu,2026-01-23
Vizela,0.62,1.38,-0.76,0.47,1.19,-0.72,0.15,0.20,-0.05,0.62,1.38,-0.76,2,2,0,0.76,62.50,57.59,44.01,0.36,0.77,210,4,13,16,36.11,20.78,7.47,3,5,21,6,13,62.2,40.31,11.93,10.05,21.33,10.8,1,União de Leiria 2-2 Vizela,2026-01-21
União de Leiria,1.38,0.62,0.76,1.19,0.47,0.72,0.20,0.15,0.05,1.38,0.62,0.76,2,2,0,-0.76,37.50,42.41,44.97,0.77,0.36,140,14,16,13,20.78,36.11,9.93,5,3,23,4,21,92.1,59.69,106.73,89.95,176.2,89.2,1,União de Leiria 2-2 Vizela,2026-01-21
Torreense,3.76,0.16,3.60,2.23,0.14,2.09,0.01,0.02,-0.01,2.24,0.16,2.08,2,1,1,-2.60,54.60,70.96,49.99,0.66,0.36,241,10,20,4,30.3,11.11,10.26,13,6,21,5,14,186.9,91.48,39.6,56.73,201.67,92.53,1,Sporting CP II 1-2 Torreense,2026-01-19
Sporting CP II,0.16,3.76,-3.60,0.14,2.23,-2.09,0.02,0.01,0.01,0.16,2.24,-2.08,1,2,-1,2.60,45.40,29.04,36.69,0.36,0.66,97,6,4,20,11.11,30.3,10.35,6,13,10,4,10,17.4,8.52,30.2,43.27,16.27,7.47,0,Sporting CP II 1-2 Torreense,2026-01-19
Porto II,0.57,1.73,-1.16,0.43,1.72,-1.29,0.14,0.02,0.12,0.57,1.73,-1.16,1,2,-1,0.16,53.40,45.13,45.71,0.58,0.59,159,16,8,15,13.79,25.42,14.32,1,3,33,9,7,48.8,32.62,26.4,30.44,27.73,16.48,1,Feirense 2-1 Porto II,2026-01-19
Feirense,1.73,0.57,1.16,1.72,0.43,1.29,0.02,0.14,-0.12,1.73,0.57,1.16,2,1,1,-0.16,46.60,54.87,50.21,0.59,0.58,189,10,15,8,25.42,13.79,14.21,3,1,24,6,12,100.8,67.38,60.33,69.56,140.5,83.52,2,Feirense 2-1 Porto II,2026-01-19
Marítimo,3.14,1.54,1.60,3.14,0.66,2.48,0.00,0.11,-0.11,3.14,0.78,2.36,4,0,4,2.40,52.10,47.37,47.10,0.67,0.55,152,11,11,12,16.42,21.82,5.33,9,3,10,0,18,59.3,46.15,15.6,22.72,68.9,75.41,3,Lusitânia Lourosa 0-4 Marítimo,2026-01-18
Lusitânia Lourosa,1.54,3.14,-1.60,0.66,3.14,-2.48,0.11,0.00,0.11,0.78,3.14,-2.36,0,4,-4,-2.40,47.90,52.63,47.74,0.55,0.67,162,12,12,11,21.82,16.42,7.23,3,9,34,10,19,69.2,53.85,53.07,77.28,22.47,24.59,8,Lusitânia Lourosa 0-4 Marítimo,2026-01-18
Chaves,0.15,2.58,-2.43,0.15,2.03,-1.88,0.00,0.55,-0.55,0.15,2.58,-2.43,0,1,-1,1.43,35.30,27.16,41.34,0.15,0.54,102,7,3,20,20.0,37.04,14.29,3,6,13,3,13,12.0,4.59,70.33,72.81,20.63,8.77,1,Benfica II 1-0 Chaves,2026-01-17
Benfica II,2.58,0.15,2.43,2.03,0.15,1.88,0.55,0.00,0.55,2.58,0.15,2.43,1,0,1,-1.43,64.70,72.84,53.75,0.54,0.15,304,16,20,3,37.04,20.0,5.56,6,3,28,5,18,249.7,95.41,26.27,27.19,214.67,91.23,2,Benfica II 1-0 Chaves,2026-01-17
Portimonense,3.79,0.39,3.40,3.66,0.36,3.30,0.13,0.03,0.10,3.79,0.39,3.40,2,0,2,-1.40,71.20,69.44,58.34,2.1,0.15,388,26,24,7,11.43,46.67,8.00,3,6,30,2,9,292.4,94.75,3.93,3.08,215.13,83.3,0,Penafiel 0-2 Portimonense,2026-01-17
Penafiel,0.39,3.79,-3.40,0.36,3.66,-3.30,0.03,0.13,-0.10,0.39,3.79,-3.40,0,2,-2,1.40,28.80,30.56,48.91,0.15,2.1,115,10,7,24,46.67,11.43,13.57,6,3,18,2,13,16.2,5.25,123.73,96.92,43.13,16.7,4,Penafiel 0-2 Portimonense,2026-01-17
Oliveirense,0.69,2.45,-1.76,0.44,2.21,-1.77,0.25,0.24,0.01,0.69,2.45,-1.76,0,0,0,1.76,43.40,41.63,43.77,0.38,1.28,115,11,11,17,28.95,13.28,10.00,4,3,14,8,12,32.5,24.87,51.13,66.99,56.3,36.95,1,Farense 0-0 Oliveirense,2026-01-17
Farense,2.45,0.69,1.76,2.21,0.44,1.77,0.24,0.25,-0.01,2.45,0.69,1.76,0,0,0,-1.76,56.60,58.37,44.30,1.28,0.38,152,18,17,11,13.28,28.95,6.41,3,4,32,9,21,98.2,75.13,25.2,33.01,96.07,63.05,5,Farense 0-0 Oliveirense,2026-01-17
Leixões,0.73,2.75,-2.02,0.67,2.67,-2.00,0.06,0.09,-0.03,0.73,2.75,-2.02,1,0,1,3.02,39.00,29.72,44.78,0.29,1.05,111,7,9,12,31.03,11.43,7.24,7,3,9,3,19,34.7,19.19,44.27,77.48,43.33,35.3,0,Felgueiras 1932 0-1 Leixões,2026-01-17
Felgueiras 1932,2.75,0.73,2.02,2.67,0.67,2.00,0.09,0.06,0.03,2.75,0.73,2.02,0,1,-1,-3.02,61.00,70.28,51.48,1.05,0.29,219,12,12,9,11.43,31.03,4.77,3,7,24,3,18,146.1,80.81,12.87,22.52,79.43,64.7,3,Felgueiras 1932 0-1 Leixões,2026-01-17
União de Leiria,0.80,1.28,-0.48,0.80,1.27,-0.47,0.00,0.01,-0.01,0.80,1.28,-0.48,0,2,-2,-1.52,55.90,60.8,48.15,0.54,0.42,199,10,12,11,22.22,26.19,10.90,2,5,17,1,18,101.6,60.73,47.47,48.77,103.87,54.89,2,Academico Viseu 2-0 União de Leiria,2026-01-16
Academico Viseu,1.28,0.80,0.48,1.27,0.80,0.47,0.01,0.00,0.01,1.28,0.80,0.48,2,0,2,1.52,44.10,39.2,38.75,0.42,0.54,115,10,11,12,26.19,22.22,10.28,5,2,14,4,9,65.7,39.27,49.87,51.23,85.37,45.11,0,Academico Viseu 2-0 União de Leiria,2026-01-16
Paços de Ferreira,0.54,1.54,-1.00,0.20,0.82,-0.62,0.33,0.72,-0.39,0.54,1.54,-1.00,0,3,-3,-2.00,44.80,31.71,43.29,0.4,0.69,119,6,8,17,20.0,24.64,13.48,4,8,11,6,12,26.8,16.24,66.73,57.26,29.2,17.1,0,Vizela 3-0 Paços de Ferreira,2026-01-15
Vizela,1.54,0.54,1.00,0.82,0.20,0.62,0.72,0.33,0.39,1.54,0.54,1.00,3,0,3,2.00,55.20,68.29,51.64,0.69,0.4,228,17,17,8,24.64,20.0,8.08,8,4,26,10,11,138.2,83.76,49.8,42.74,141.52,82.9,2,Vizela 3-0 Paços de Ferreira,2026-01-15
Feirense,2.03,2.45,-0.42,1.71,1.66,0.05,0.32,0.03,0.29,2.03,1.69,0.34,4,3,1,1.42,35.50,47.84,45.71,0.59,0.69,96,7,14,16,23.73,23.19,7.85,7,2,14,5,18,64.0,37.45,68.47,78.7,93.13,53.06,2,Oliveirense 3-4 Feirense,2026-01-11
Oliveirense,2.45,2.03,0.42,1.66,1.71,-0.05,0.03,0.32,-0.29,1.69,2.03,-0.34,3,4,-1,-1.42,64.50,52.16,45.24,0.69,0.59,160,14,16,14,23.19,23.73,5.03,2,7,24,3,12,106.9,62.55,18.53,21.3,82.4,46.94,6,Oliveirense 3-4 Feirense,2026-01-11
Sporting CP II,1.01,1.37,-0.36,0.73,1.05,-0.32,0.28,0.32,-0.04,1.01,1.37,-0.36,1,2,-1,-0.64,55.50,51.57,40.89,0.84,0.78,154,8,11,16,13.1,20.51,9.03,3,12,26,8,17,72.0,49.72,25.8,20.65,53.67,29.97,0,Porto II 2-1 Sporting CP II,2026-01-11
Porto II,1.37,1.01,0.36,1.05,0.73,0.32,0.32,0.28,0.04,1.37,1.01,0.36,2,1,1,0.64,44.50,48.43,47.09,0.78,0.84,170,12,16,11,20.51,13.1,10.26,12,3,22,4,11,72.8,50.28,99.13,79.35,125.4,70.03,2,Porto II 2-1 Sporting CP II,2026-01-11
Marítimo,0.98,0.61,0.37,0.67,0.61,0.06,0.31,0.00,0.31,0.98,0.61,0.37,3,2,1,0.63,65.90,72.22,52.36,0.74,0.35,264,14,15,6,20.27,17.14,4.60,11,0,27,6,18,137.6,84.26,3.47,3.47,72.33,55.1,1,Chaves 2-3 Marítimo,2026-01-11
Chaves,0.61,0.98,-0.37,0.61,0.67,-0.06,0.00,0.31,-0.31,0.61,0.98,-0.37,2,3,-1,-0.63,34.10,27.78,38.03,0.35,0.74,60,6,6,15,17.14,20.27,13.73,0,11,8,1,12,25.7,15.74,96.47,96.53,58.93,44.9,3,Chaves 2-3 Marítimo,2026-01-11
Felgueiras 1932,0.39,0.61,-0.22,0.32,0.45,-0.13,0.07,0.17,-0.10,0.39,0.61,-0.22,0,0,0,0.22,52.30,56.16,50.36,0.33,0.35,212,12,11,8,33.33,22.86,6.60,6,1,15,4,22,64.5,56.98,46.73,64.43,78.3,65.32,8,Portimonense 0-0 Felgueiras 1932,2026-01-11
Portimonense,0.61,0.39,0.22,0.45,0.32,0.13,0.17,0.07,0.10,0.61,0.39,0.22,0,0,0,-0.22,47.70,43.84,42.22,0.35,0.33,132,9,8,11,22.86,33.33,8.05,1,6,13,4,16,48.7,43.02,25.8,35.57,41.57,34.68,6,Portimonense 0-0 Felgueiras 1932,2026-01-11
Leixões,2.12,2.10,0.02,1.63,1.32,0.31,0.49,0.02,0.47,2.12,1.34,0.78,2,2,0,-0.02,52.00,48.62,46.42,0.42,0.26,152,11,12,8,28.57,30.77,6.60,4,6,30,9,18,92.8,58.44,4.6,13.27,78.03,54.86,1,Lusitânia Lourosa 2-2 Leixões,2026-01-08
Lusitânia Lourosa,2.10,2.12,-0.02,1.32,1.63,-0.31,0.02,0.49,-0.47,1.34,2.12,-0.78,2,2,0,0.02,48.00,51.38,50.01,0.26,0.42,150,5,8,12,30.77,28.57,6.07,6,4,24,6,19,66.0,41.56,30.07,86.73,64.2,45.14,0,Lusitânia Lourosa 2-2 Leixões,2026-01-08
Torreense,1.26,1.66,-0.40,1.20,1.63,-0.43,0.06,0.03,0.03,1.26,1.66,-0.40,1,0,1,1.40,44.20,42.01,43.29,0.41,1.21,145,9,10,15,24.39,12.4,10.76,5,2,16,2,12,69.8,37.47,53.93,63.11,86.9,45.55,0,Vizela 0-1 Torreense,2026-01-05
Vizela,1.66,1.26,0.40,1.63,1.20,0.43,0.03,0.06,-0.03,1.66,1.26,0.40,0,1,-1,-1.40,55.80,57.99,47.28,1.21,0.41,214,10,15,10,12.4,24.39,10.06,2,5,21,3,14,116.5,62.53,31.53,36.89,103.9,54.45,0,Vizela 0-1 Torreense,2026-01-05
Porto II,1.07,1.51,-0.44,1.07,0.73,0.34,0.00,0.02,-0.02,1.07,0.75,0.32,1,1,0,0.44,50.90,43.49,43.92,0.72,0.45,152,11,10,13,13.89,28.89,8.18,3,4,16,4,15,77.9,39.19,30.47,38.12,51.23,30.59,2,Benfica II 1-1 Porto II,2026-01-05
Benfica II,1.51,1.07,0.44,0.73,1.07,-0.34,0.02,0.00,0.02,0.75,1.07,-0.32,1,1,0,-0.44,49.10,56.51,48.16,0.45,0.72,189,11,13,10,28.89,13.89,7.58,4,3,13,6,18,120.9,60.81,49.47,61.88,116.23,69.41,5,Benfica II 1-1 Porto II,2026-01-05
Academico Viseu,1.66,0.43,1.23,1.04,0.43,0.61,0.62,0.00,0.62,1.66,0.43,1.23,2,1,1,-0.23,44.60,50.64,45.09,1.12,0.3,156,12,13,5,11.61,16.67,9.83,5,3,21,6,14,98.7,59.85,81.0,90.88,151.2,83.02,1,Sporting CP II 1-2 Academico Viseu,2026-01-04
Sporting CP II,0.43,1.66,-1.23,0.43,1.04,-0.61,0.00,0.62,-0.62,0.43,1.66,-1.23,1,2,-1,0.23,55.40,49.36,40.35,0.3,1.12,135,9,5,13,16.67,11.61,7.88,3,5,11,1,19,66.2,40.15,8.13,9.12,30.93,16.98,0,Sporting CP II 1-2 Academico Viseu,2026-01-04
Paços de Ferreira,2.30,2.76,-0.46,1.84,1.84,0.00,0.46,0.16,0.30,2.30,2.00,0.30,2,1,1,1.46,43.20,40.27,44.11,0.56,1.03,127,11,14,15,25.0,14.56,10.97,3,1,12,4,15,65.7,33.38,56.27,50.3,45.37,34.99,2,Penafiel 1-2 Paços de Ferreira,2026-01-04
Penafiel,2.76,2.30,0.46,1.84,1.84,0.00,0.16,0.46,-0.30,2.00,2.30,-0.30,1,2,-1,-1.46,56.80,59.73,51.29,1.03,0.56,241,16,15,14,14.56,25.0,7.50,1,3,33,9,21,131.1,66.62,55.6,49.7,84.3,65.01,5,Penafiel 1-2 Paços de Ferreira,2026-01-04
Portimonense,1.77,3.29,-1.52,1.26,2.41,-1.15,0.51,0.88,-0.37,1.77,3.29,-1.52,1,0,1,2.52,48.60,39.55,45.14,0.49,1.07,148,7,14,27,28.57,25.23,9.28,3,6,14,4,9,63.9,28.58,50.93,54.22,76.63,34.1,5,Farense 0-1 Portimonense,2026-01-03
Farense,3.29,1.77,1.52,2.41,1.26,1.15,0.88,0.51,0.37,3.29,1.77,1.52,0,1,-1,-2.52,51.40,60.45,49.97,1.07,0.49,183,25,27,14,25.23,28.57,7.33,6,3,36,12,18,159.7,71.42,43.0,45.78,148.1,65.9,4,Farense 0-1 Portimonense,2026-01-03
Oliveirense,0.94,1.79,-0.85,0.90,1.18,-0.28,0.04,0.62,-0.58,0.94,1.79,-0.85,0,1,-1,-0.15,49.30,53.97,48.35,0.56,0.62,175,11,12,20,21.43,32.26,10.96,3,8,20,2,5,77.9,41.68,46.4,52.49,86.03,46.66,0,Felgueiras 1932 1-0 Oliveirense,2026-01-03
Felgueiras 1932,1.79,0.94,0.85,1.18,0.90,0.28,0.62,0.04,0.58,1.79,0.94,0.85,1,0,1,0.15,50.70,46.03,48.73,0.62,0.56,183,12,20,12,32.26,21.43,8.18,8,3,22,12,17,109.0,58.32,42.0,47.51,98.33,53.34,3,Felgueiras 1932 1-0 Oliveirense,2026-01-03
União de Leiria,2.19,2.52,-0.33,2.05,2.37,-0.32,0.14,0.15,-0.01,2.19,2.52,-0.33,2,2,0,0.33,54.30,42.08,41.25,0.98,0.6,122,13,17,19,17.35,31.67,7.47,3,8,20,3,13,59.2,42.08,17.07,19.85,41.57,24.34,2,Feirense 2-2 União de Leiria,2026-01-03
Feirense,2.52,2.19,0.33,2.37,2.05,0.32,0.15,0.14,0.01,2.52,2.19,0.33,2,2,0,-0.33,45.70,57.92,49.65,0.6,0.98,160,12,19,17,31.67,17.35,7.00,8,3,17,5,18,81.5,57.92,68.93,80.15,129.23,75.66,5,Feirense 2-2 União de Leiria,2026-01-03
Lusitânia Lourosa,1.38,2.40,-1.02,1.38,2.35,-0.97,0.00,0.04,-0.04,1.38,2.40,-1.02,1,0,1,2.02,36.10,30.06,42.73,0.63,1.33,108,13,10,17,15.87,12.78,12.61,3,8,13,5,12,25.8,12.09,89.4,87.13,49.7,37.71,2,Torreense 0-1 Lusitânia Lourosa,2025-12-30
Torreense,2.40,1.38,1.02,2.35,1.38,0.97,0.04,0.00,0.04,2.40,1.38,1.02,0,1,-1,-2.02,63.90,69.94,55.03,1.33,0.63,354,21,17,10,12.78,15.87,7.85,8,3,31,4,10,187.6,87.91,13.2,12.87,82.1,62.29,0,Torreense 0-1 Lusitânia Lourosa,2025-12-30
Farense,1.60,1.34,0.26,0.93,1.30,-0.37,0.67,0.04,0.63,1.60,1.34,0.26,0,0,0,-0.26,48.50,54.74,46.06,0.87,0.52,175,13,16,20,18.39,38.46,9.70,9,8,31,8,10,68.3,46.59,53.47,63.1,79.33,54.16,2,Paços de Ferreira 0-0 Farense,2025-12-28
Paços de Ferreira,1.34,1.60,-0.26,1.30,0.93,0.37,0.04,0.67,-0.63,1.34,1.60,-0.26,0,0,0,0.26,51.50,45.26,43.59,0.52,0.87,150,10,20,16,38.46,18.39,8.81,8,9,17,6,19,78.3,53.41,31.27,36.9,67.13,45.84,1,Paços de Ferreira 0-0 Farense,2025-12-28
Benfica II,1.07,1.28,-0.21,1.07,0.98,0.09,0.00,0.30,-0.30,1.07,1.28,-0.21,2,1,1,1.21,41.70,37.54,42.81,0.31,0.68,129,8,6,15,19.35,22.06,16.59,3,3,7,2,10,44.1,25.19,75.0,74.02,68.13,44.79,2,Academico Viseu 1-2 Benfica II,2025-12-28
Academico Viseu,1.28,1.07,0.21,0.98,1.07,-0.09,0.30,0.00,0.30,1.28,1.07,0.21,1,2,-1,-1.21,58.30,62.46,46.59,0.68,0.31,202,13,15,6,22.06,19.35,11.79,3,3,27,10,7,131.0,74.81,26.33,25.98,83.97,55.21,1,Academico Viseu 1-2 Benfica II,2025-12-28
Oliveirense,1.80,0.92,0.88,1.70,0.87,0.83,0.10,0.05,0.05,1.80,0.92,0.88,1,0,1,0.12,65.80,76.23,55.67,0.78,0.58,370,14,24,10,30.77,17.24,7.66,7,4,25,3,17,294.5,93.73,18.73,14.33,209.8,89.97,0,Lusitânia Lourosa 0-1 Oliveirense,2025-12-22
Lusitânia Lourosa,0.92,1.80,-0.88,0.87,1.70,-0.83,0.05,0.10,-0.05,0.92,1.80,-0.88,0,1,-1,-0.12,34.20,23.77,42.07,0.58,0.78,109,8,10,24,17.24,30.77,12.87,4,7,14,2,13,19.7,6.27,111.93,85.67,23.4,10.03,1,Lusitânia Lourosa 0-1 Oliveirense,2025-12-22
Sporting CP II,1.24,1.82,-0.58,1.19,0.97,0.22,0.05,0.09,-0.04,1.24,1.06,0.18,0,1,-1,-0.42,41.10,34.98,41.08,0.46,0.4,99,11,8,17,17.39,42.5,8.35,5,7,12,3,25,49.8,26.96,76.73,80.26,64.13,33.23,0,Benfica II 1-0 Sporting CP II,2025-12-22
Benfica II,1.82,1.24,0.58,0.97,1.19,-0.22,0.09,0.05,0.04,1.06,1.24,-0.18,1,0,1,0.42,58.90,65.02,48.55,0.4,0.46,216,15,17,8,42.5,17.39,7.00,7,5,18,7,9,134.9,73.04,18.87,19.74,128.87,66.77,0,Benfica II 1-0 Sporting CP II,2025-12-22
Torreense,0.57,1.38,-0.81,0.42,0.88,-0.46,0.14,0.51,-0.37,0.57,1.38,-0.81,0,1,-1,-0.19,34.30,34.55,44.58,0.38,1.16,104,13,8,20,21.05,17.24,10.32,1,2,16,6,17,32.1,15.83,82.8,92.83,52.67,31.4,0,Penafiel 1-0 Torreense,2025-12-21
Penafiel,1.38,0.57,0.81,0.88,0.42,0.46,0.51,0.14,0.37,1.38,0.57,0.81,1,0,1,0.19,65.70,65.45,51.57,1.16,0.38,265,22,20,8,17.24,21.05,6.61,2,1,39,9,17,170.7,84.17,6.4,7.17,115.07,68.6,4,Penafiel 1-0 Torreense,2025-12-21
União de Leiria,1.70,1.55,0.15,0.89,0.50,0.39,0.05,1.05,-1.00,0.94,1.55,-0.61,1,0,1,0.85,43.70,38.89,41.91,0.35,0.52,115,8,12,15,34.29,28.85,10.17,0,5,7,2,23,57.7,38.42,66.73,74.48,82.37,56.31,2,Farense 0-1 União de Leiria,2025-12-21
Farense,1.55,1.70,-0.15,0.50,0.89,-0.39,1.05,0.05,1.00,1.55,0.94,0.61,0,1,-1,-0.85,56.30,61.11,45.59,0.52,0.35,180,10,15,12,28.85,34.29,7.17,5,0,32,11,12,92.5,61.58,22.87,25.52,63.9,43.69,2,Farense 0-1 União de Leiria,2025-12-21
Marítimo,1.17,1.21,-0.04,1.13,1.21,-0.08,0.04,0.00,0.04,1.17,1.21,-0.04,4,1,3,3.04,47.90,56.81,50.51,0.66,0.6,197,13,9,9,13.64,15.0,7.28,6,6,18,5,20,65.3,56.49,50.47,81.14,109.03,88.62,3,Leixões 1-4 Marítimo,2025-12-21
Leixões,1.21,1.17,0.04,1.21,1.13,0.08,0.00,0.04,-0.04,1.21,1.17,0.04,1,4,-3,-3.04,52.10,43.19,43.93,0.6,0.66,157,6,9,9,15.0,13.64,7.22,6,6,16,2,17,50.3,43.51,11.73,18.86,14.0,11.38,0,Leixões 1-4 Marítimo,2025-12-21
Porto II,1.55,2.32,-0.77,1.49,1.61,-0.12,0.06,0.70,-0.64,1.55,2.32,-0.77,0,2,-2,-1.23,40.30,36.79,47.23,0.34,1.33,122,10,15,20,44.12,15.04,11.50,2,3,16,3,14,76.9,31.36,60.0,77.12,85.27,35.08,1,Felgueiras 1932 2-0 Porto II,2025-12-21
Felgueiras 1932,2.32,1.55,0.77,1.61,1.49,0.12,0.70,0.06,0.64,2.32,1.55,0.77,2,0,2,1.23,59.70,63.21,54.76,1.33,0.34,249,16,20,15,15.04,44.12,6.39,3,2,37,11,10,168.3,68.64,17.8,22.88,157.83,64.92,1,Felgueiras 1932 2-0 Porto II,2025-12-21
Academico Viseu,0.54,0.57,-0.03,0.48,0.56,-0.08,0.06,0.02,0.04,0.54,0.57,-0.03,0,0,0,0.03,57.20,56.61,43.92,0.43,0.6,170,8,11,6,25.58,10.0,4.50,8,5,22,5,18,57.9,52.64,11.6,13.82,41.63,30.12,0,Vizela 0-0 Academico Viseu,2025-12-20
Vizela,0.57,0.54,0.03,0.56,0.48,0.08,0.02,0.06,-0.04,0.57,0.54,0.03,0,0,0,-0.03,42.80,43.39,47.04,0.6,0.43,142,8,6,11,10.0,25.58,7.22,5,8,13,3,24,52.1,47.36,72.33,86.18,96.57,69.88,0,Vizela 0-0 Academico Viseu,2025-12-20
Paços de Ferreira,1.42,1.50,-0.08,0.66,1.24,-0.58,0.00,0.26,-0.26,0.66,1.50,-0.84,1,0,1,1.08,40.40,29.06,39.84,0.25,1.71,83,5,10,25,40.0,14.62,7.20,9,3,7,0,15,10.7,5.82,45.2,70.11,19.37,11.85,3,Feirense 0-1 Paços de Ferreira,2025-12-20
Feirense,1.50,1.42,0.08,1.24,0.66,0.58,0.26,0.00,0.26,1.50,0.66,0.84,0,1,-1,-1.08,59.60,70.94,49.81,1.71,0.25,198,20,25,10,14.62,40.0,6.37,3,9,35,7,18,173.2,94.18,19.27,29.89,144.03,88.15,5,Feirense 0-1 Paços de Ferreira,2025-12-20
Portimonense,0.84,2.37,-1.53,0.82,1.77,-0.95,0.02,0.61,-0.59,0.84,2.37,-1.53,1,0,1,2.53,36.20,37.7,47.74,0.44,1.19,138,9,7,23,15.91,19.33,8.93,4,9,11,2,17,40.6,18.53,106.27,92.94,79.03,49.13,1,Chaves 0-1 Portimonense,2025-12-20
Chaves,2.37,0.84,1.53,1.77,0.82,0.95,0.61,0.02,0.59,2.37,0.84,1.53,0,1,-1,-2.53,63.80,62.3,48.92,1.19,0.44,252,23,23,7,19.33,15.91,5.47,9,4,28,9,19,178.5,81.47,8.07,7.06,81.83,50.87,0,Chaves 0-1 Portimonense,2025-12-20
Benfica II,0.59,1.87,-1.28,0.56,1.48,-0.92,0.03,0.39,-0.36,0.59,1.87,-1.28,1,1,0,1.28,45.00,40.71,46.49,0.2,0.94,139,12,10,10,50.0,10.64,7.39,2,5,15,5,17,48.6,35.63,58.2,58.91,64.57,42.84,4,Marítimo 1-1 Benfica II,2025-12-16
Marítimo,1.87,0.59,1.28,1.48,0.56,0.92,0.39,0.03,0.36,1.87,0.59,1.28,1,1,0,-1.28,55.00,59.29,46.17,0.94,0.2,163,11,10,10,10.64,50.0,6.45,5,2,21,4,21,87.8,64.37,40.6,41.09,86.17,57.16,0,Marítimo 1-1 Benfica II,2025-12-16
Lusitânia Lourosa,1.36,2.17,-0.81,1.11,2.15,-1.04,0.25,0.02,0.23,1.36,2.17,-0.81,5,1,4,4.81,43.90,45.2,45.78,0.62,1.03,144,11,14,14,22.58,13.59,9.22,2,5,18,3,16,80.7,46.78,43.4,63.2,129.13,73.15,1,Paços de Ferreira 1-5 Lusitânia Lourosa,2025-12-14
Paços de Ferreira,2.17,1.36,0.81,2.15,1.11,1.04,0.02,0.25,-0.23,2.17,1.36,0.81,1,5,-4,-4.81,56.10,54.8,48.69,1.03,0.62,195,12,14,14,13.59,22.58,6.43,5,2,27,2,20,91.8,53.22,25.27,36.8,47.4,26.85,0,Paços de Ferreira 1-5 Lusitânia Lourosa,2025-12-14
Leixões,1.45,1.75,-0.30,1.40,1.69,-0.29,0.05,0.06,-0.01,1.45,1.75,-0.30,2,1,1,1.30,44.10,36.43,44.14,0.33,0.65,130,5,10,19,30.3,29.23,10.90,1,5,13,4,17,35.3,22.64,45.13,74.56,43.13,27.62,0,Portimonense 1-2 Leixões,2025-12-14
Portimonense,1.75,1.45,0.30,1.69,1.40,0.29,0.06,0.05,0.01,1.75,1.45,0.30,1,2,-1,-1.30,55.90,63.57,47.87,0.65,0.33,212,16,19,10,29.23,30.3,6.93,5,1,23,5,13,120.6,77.36,15.4,25.44,113.0,72.38,12,Portimonense 1-2 Leixões,2025-12-14
Vizela,1.07,1.41,-0.34,0.93,1.21,-0.28,0.13,0.20,-0.07,1.07,1.41,-0.34,1,0,1,1.34,37.10,33.24,43.67,0.39,1.2,102,9,10,15,25.64,12.5,14.13,2,3,7,1,10,46.0,17.48,69.93,77.42,64.43,36.29,4,Sporting CP II 0-1 Vizela,2025-12-14
Sporting CP II,1.41,1.07,0.34,1.21,0.93,0.28,0.20,0.13,0.07,1.41,1.07,0.34,0,1,-1,-1.34,62.90,66.76,52.77,1.2,0.39,273,22,15,10,12.5,25.64,8.17,3,2,39,8,17,217.1,82.52,20.4,22.58,113.1,63.71,1,Sporting CP II 0-1 Vizela,2025-12-14
Farense,0.21,1.26,-1.05,0.19,1.08,-0.89,0.03,0.17,-0.14,0.21,1.26,-1.05,0,3,-3,-1.95,55.50,65.62,47.33,0.52,0.53,218,9,6,13,11.54,24.53,7.79,3,5,20,6,13,74.8,59.32,37.33,37.84,81.96,42.84,3,Academico Viseu 3-0 Farense,2025-12-13
Academico Viseu,1.26,0.21,1.05,1.08,0.19,0.89,0.17,0.03,0.14,1.26,0.21,1.05,3,0,3,1.95,44.50,34.38,41.08,0.53,0.52,119,13,13,6,24.53,11.54,9.16,5,3,18,4,20,51.3,40.68,61.33,62.16,109.34,57.16,1,Academico Viseu 3-0 Farense,2025-12-13
Felgueiras 1932,2.28,2.41,-0.13,1.42,2.41,-0.99,0.87,0.00,0.87,2.28,2.41,-0.13,3,2,1,1.13,49.70,55.25,50.86,0.92,1.08,195,17,18,11,19.57,10.19,9.00,5,4,19,6,11,101.6,61.84,46.4,58.44,112.13,63.91,5,União de Leiria 2-3 Felgueiras 1932,2025-12-13
União de Leiria,2.41,2.28,0.13,2.41,1.42,0.99,0.00,0.87,-0.87,2.41,2.28,0.13,2,3,-1,-1.13,50.30,44.75,45.64,1.08,0.92,172,10,11,18,10.19,19.57,9.58,4,5,18,4,18,62.7,38.16,33.0,41.56,63.33,36.09,5,União de Leiria 2-3 Felgueiras 1932,2025-12-13
Feirense,2.80,0.74,2.06,1.36,0.60,0.76,1.45,0.14,1.31,2.80,0.74,2.06,3,2,1,-1.06,52.90,55.8,49.91,1.06,0.57,197,16,22,9,20.75,15.79,10.62,5,3,37,11,12,141.5,68.16,49.13,67.37,118.37,65.51,3,Torreense 2-3 Feirense,2025-12-12
Torreense,0.74,2.80,-2.06,0.60,1.36,-0.76,0.14,1.45,-1.31,0.74,2.80,-2.06,2,3,-1,1.06,47.10,44.2,47.13,0.57,1.06,149,11,9,22,15.79,20.75,11.08,3,5,29,4,7,66.1,31.84,23.8,32.63,62.33,34.49,1,Torreense 2-3 Feirense,2025-12-12
Chaves,2.39,2.13,0.26,1.53,2.05,-0.52,0.11,0.08,0.03,1.63,2.13,-0.50,3,2,1,0.74,48.90,42.18,44.08,0.83,0.78,158,8,11,14,13.25,17.95,8.71,3,5,12,5,18,46.7,32.73,31.13,36.31,44.27,28.35,0,Oliveirense 2-3 Chaves,2025-12-12
Oliveirense,2.13,2.39,-0.26,2.05,1.53,0.52,0.08,0.11,-0.03,2.13,1.63,0.50,2,3,-1,-0.74,51.10,57.82,46.48,0.78,0.83,175,13,14,11,17.95,13.25,7.80,5,3,17,6,16,96.0,67.27,54.6,63.69,111.87,71.65,0,Oliveirense 2-3 Chaves,2025-12-12
Penafiel,1.55,1.96,-0.41,0.95,1.16,-0.21,0.59,0.03,0.56,1.55,1.20,0.35,0,1,-1,-0.59,55.40,53.31,43.79,0.52,0.27,174,8,13,9,25.0,33.33,10.62,5,1,22,6,17,94.4,58.24,38.33,34.41,71.87,42.61,3,Porto II 1-0 Penafiel,2025-12-12
Porto II,1.96,1.55,0.41,1.16,0.95,0.21,0.03,0.59,-0.56,1.20,1.55,-0.35,1,0,1,0.59,44.60,46.69,44.31,0.27,0.52,151,5,9,13,33.33,25.0,11.50,1,5,14,6,14,67.7,41.76,73.07,65.59,96.8,57.39,0,Porto II 1-0 Penafiel,2025-12-12
Vizela,1.50,2.23,-0.73,1.50,2.22,-0.72,0.00,0.01,-0.01,1.50,2.23,-0.73,0,2,-2,-1.27,68.40,65.93,46.30,1.0,0.78,245,15,13,9,13.0,11.54,5.67,5,6,20,3,11,121.4,75.64,7.0,6.24,50.57,33.61,5,Farense 2-0 Vizela,2025-12-08
Farense,2.23,1.50,0.73,2.22,1.50,0.72,0.01,0.00,0.01,2.23,1.50,0.73,2,0,2,1.27,31.60,34.07,41.70,0.78,1.0,82,12,9,13,11.54,13.0,10.20,6,5,10,1,21,39.1,24.36,105.13,93.76,99.9,66.39,3,Farense 2-0 Vizela,2025-12-08
Paços de Ferreira,1.95,2.17,-0.22,1.67,1.72,-0.05,0.28,0.45,-0.17,1.95,2.17,-0.22,0,2,-2,-1.78,53.90,53.0,42.06,0.8,0.63,168,9,11,17,13.75,26.98,10.12,7,9,17,6,12,59.5,35.8,44.8,41.74,57.07,29.32,7,Chaves 2-0 Paços de Ferreira,2025-12-07
Chaves,2.17,1.95,0.22,1.72,1.67,0.05,0.45,0.28,0.17,2.17,1.95,0.22,2,0,2,1.78,46.10,47.0,41.49,0.63,0.8,142,9,17,11,26.98,13.75,12.66,9,7,8,5,9,106.7,64.2,62.53,58.26,137.6,70.68,1,Chaves 2-0 Paços de Ferreira,2025-12-07
Academico Viseu,1.41,1.36,0.05,1.30,1.01,0.29,0.11,0.35,-0.24,1.41,1.36,0.05,0,0,0,-0.05,54.70,43.44,39.93,1.07,0.25,107,9,15,19,14.02,76.0,6.74,1,2,20,5,14,77.5,46.55,21.4,26.79,59.43,35.5,2,Feirense 0-0 Academico Viseu,2025-12-07
Feirense,1.36,1.41,-0.05,1.01,1.30,-0.29,0.35,0.11,0.24,1.36,1.41,-0.05,0,0,0,0.05,45.30,56.56,45.59,0.25,1.07,126,8,19,15,76.0,14.02,9.93,2,1,20,7,12,89.0,53.45,58.47,73.21,108.0,64.5,5,Feirense 0-0 Academico Viseu,2025-12-07
Portimonense,1.65,1.44,0.21,0.85,0.99,-0.14,0.05,0.45,-0.40,0.89,1.44,-0.55,2,3,-1,-1.21,56.10,40.89,40.47,0.47,0.99,137,8,10,14,21.28,14.14,8.03,2,3,18,2,9,66.5,37.13,9.67,10.24,47.07,19.51,3,Lusitânia Lourosa 3-2 Portimonense,2025-12-07
Lusitânia Lourosa,1.44,1.65,-0.21,0.99,0.85,0.14,0.45,0.05,0.40,1.44,0.89,0.55,3,2,1,1.21,43.90,59.11,50.52,0.99,0.47,176,16,14,10,14.14,21.28,9.00,3,2,25,6,24,112.6,62.87,84.73,89.76,194.23,80.49,2,Lusitânia Lourosa 3-2 Portimonense,2025-12-07
Oliveirense,1.00,2.28,-1.28,0.90,1.76,-0.86,0.09,0.51,-0.42,1.00,2.28,-1.28,0,2,-2,-0.72,50.70,45.64,44.37,0.28,0.84,141,10,12,25,42.86,29.76,9.17,3,6,15,7,13,37.6,20.84,33.07,39.24,50.9,17.99,4,Benfica II 2-0 Oliveirense,2025-12-06
Benfica II,2.28,1.00,1.28,1.76,0.90,0.86,0.51,0.09,0.42,2.28,1.00,1.28,2,0,2,0.72,49.30,54.36,50.72,0.84,0.28,193,18,25,12,29.76,42.86,7.71,6,3,22,8,17,142.8,79.16,51.2,60.76,232.07,82.01,1,Benfica II 2-0 Oliveirense,2025-12-06
Porto II,1.67,1.93,-0.26,0.91,1.73,-0.82,0.00,0.21,-0.21,0.91,1.93,-1.02,4,2,2,2.26,40.30,29.15,40.82,0.23,1.35,99,4,8,22,34.78,16.3,11.97,0,9,8,0,15,17.4,8.88,70.73,75.14,50.1,30.46,0,Leixões 2-4 Porto II,2025-12-06
Leixões,1.93,1.67,0.26,1.73,0.91,0.82,0.21,0.00,0.21,1.93,0.91,1.02,2,4,-2,-2.26,59.70,70.85,52.79,1.35,0.23,276,19,22,8,16.3,34.78,5.80,9,0,37,9,16,178.6,91.12,23.4,24.86,114.37,69.54,0,Leixões 2-4 Porto II,2025-12-06
Torreense,0.71,2.45,-1.74,0.71,2.05,-1.34,0.00,0.40,-0.40,0.71,2.45,-1.74,0,2,-2,-0.26,40.40,33.55,41.79,0.47,1.35,114,7,7,21,14.89,15.56,12.77,3,4,14,2,17,23.1,11.2,36.0,53.2,13.1,5.75,0,Marítimo 2-0 Torreense,2025-12-06
Marítimo,2.45,0.71,1.74,2.05,0.71,1.34,0.40,0.00,0.40,2.45,0.71,1.74,2,0,2,0.26,59.60,66.45,53.52,1.35,0.47,256,21,21,7,15.56,14.89,9.31,4,3,28,6,12,183.1,88.8,31.67,46.8,214.57,94.25,3,Marítimo 2-0 Torreense,2025-12-06
Sporting CP II,2.07,1.58,0.49,1.79,1.38,0.41,0.28,0.21,0.07,2.07,1.58,0.49,2,0,2,1.51,44.10,29.53,42.71,0.4,0.98,96,7,8,14,20.0,14.29,9.54,2,8,12,5,19,37.6,22.24,18.87,48.38,37.8,25.04,0,Felgueiras 1932 0-2 Sporting CP II,2025-12-06
Felgueiras 1932,1.58,2.07,-0.49,1.38,1.79,-0.41,0.21,0.28,-0.07,1.58,2.07,-0.49,0,2,-2,-1.51,55.90,70.47,55.82,0.98,0.4,210,18,14,8,14.29,20.0,5.43,8,2,38,7,13,131.5,77.76,20.13,51.62,113.17,74.96,3,Felgueiras 1932 0-2 Sporting CP II,2025-12-06
União de Leiria,1.57,0.66,0.91,1.30,0.49,0.81,0.27,0.17,0.10,1.57,0.66,0.91,0,1,-1,-1.91,60.50,66.79,49.64,0.85,0.29,240,15,18,15,21.18,51.72,9.81,3,3,26,7,9,179.8,76.77,30.4,33.83,150.27,73.55,2,Penafiel 1-0 União de Leiria,2025-12-05
Penafiel,0.66,1.57,-0.91,0.49,1.30,-0.81,0.17,0.27,-0.10,0.66,1.57,-0.91,1,0,1,1.91,39.50,33.21,40.47,0.29,0.85,107,8,15,18,51.72,21.18,14.04,3,3,12,6,18,54.4,23.23,59.47,66.17,54.03,26.45,3,Penafiel 1-0 União de Leiria,2025-12-05
Feirense,2.12,1.81,0.31,1.85,1.80,0.05,0.26,0.01,0.25,2.12,1.81,0.31,1,1,0,-0.31,39.40,47.48,46.64,0.78,0.84,129,12,17,10,21.79,11.9,9.10,4,2,19,5,26,86.4,54.27,80.4,80.62,129.83,78.21,3,Vizela 1-1 Feirense,2025-12-01
Vizela,1.81,2.12,-0.31,1.80,1.85,-0.05,0.01,0.26,-0.25,1.81,2.12,-0.31,1,1,0,0.31,60.60,52.52,45.03,0.84,0.78,179,8,10,17,11.9,21.79,5.58,2,4,17,3,14,72.8,45.73,19.33,19.38,36.17,21.79,0,Vizela 1-1 Feirense,2025-12-01
Felgueiras 1932,1.94,1.23,0.71,1.78,1.23,0.55,0.17,0.00,0.17,1.94,1.23,0.71,1,1,0,-0.71,47.70,51.98,50.07,0.68,0.79,160,18,23,10,33.82,12.66,7.68,5,1,20,5,12,112.6,68.2,34.8,70.35,134.93,76.39,7,Paços de Ferreira 1-1 Felgueiras 1932,2025-12-01
Paços de Ferreira,1.23,1.94,-0.71,1.23,1.78,-0.55,0.00,0.17,-0.17,1.23,1.94,-0.71,1,1,0,0.71,52.30,48.02,43.81,0.79,0.68,129,6,10,23,12.66,33.82,7.66,1,5,17,1,20,52.5,31.8,14.67,29.65,41.7,23.61,2,Paços de Ferreira 1-1 Felgueiras 1932,2025-12-01
Benfica II,2.69,2.96,-0.27,2.28,2.46,-0.18,0.41,0.49,-0.08,2.69,2.96,-0.27,2,2,0,0.27,46.70,47.06,44.03,0.38,0.91,157,15,16,15,42.11,16.48,7.00,5,4,13,7,11,100.1,47.58,45.33,48.16,90.23,45.2,2,União de Leiria 2-2 Benfica II,2025-11-30
União de Leiria,2.96,2.69,0.27,2.46,2.28,0.18,0.49,0.41,0.08,2.96,2.69,0.27,2,2,0,-0.27,53.30,52.94,49.34,0.91,0.38,207,10,15,16,16.48,42.11,8.59,4,5,19,3,18,110.3,52.42,48.8,51.84,109.4,54.8,0,União de Leiria 2-2 Benfica II,2025-11-30
Farense,3.96,1.31,2.65,3.12,1.31,1.81,0.84,0.00,0.84,3.96,1.31,2.65,1,3,-2,-4.65,56.90,67.73,46.84,0.98,0.31,262,15,19,11,19.39,35.48,9.69,9,4,26,9,12,139.6,75.09,37.07,31.47,101.06,43.69,0,Sporting CP II 3-1 Farense,2025-11-30
Sporting CP II,1.31,3.96,-2.65,1.31,3.12,-1.81,0.00,0.84,-0.84,1.31,3.96,-2.65,3,1,2,4.65,43.10,32.27,40.52,0.31,0.98,124,5,11,19,35.48,19.39,15.26,4,9,7,1,7,46.3,24.91,80.73,68.53,130.23,56.31,0,Sporting CP II 3-1 Farense,2025-11-30
Marítimo,1.81,0.78,1.03,1.81,0.71,1.10,0.01,0.06,-0.05,1.81,0.78,1.03,2,0,2,0.97,47.40,65.33,49.79,0.75,0.18,193,7,16,9,21.33,50.0,10.79,6,5,13,3,13,135.7,78.12,73.87,79.89,190.47,90.15,6,Portimonense 0-2 Marítimo,2025-11-30
Portimonense,0.78,1.81,-1.03,0.71,1.81,-1.10,0.06,0.01,0.05,0.78,1.81,-1.03,0,2,-2,-0.97,52.60,34.67,41.53,0.18,0.75,130,6,9,16,50.0,21.33,8.97,5,6,13,5,10,38.0,21.88,18.6,20.11,20.8,9.85,6,Portimonense 0-2 Marítimo,2025-11-30
Lusitânia Lourosa,2.00,1.79,0.21,1.94,0.86,1.08,0.05,0.93,-0.88,2.00,1.79,0.21,2,1,1,0.79,55.30,58.76,48.42,0.42,0.83,254,7,11,7,26.19,8.43,10.14,3,5,26,2,11,134.1,67.15,40.33,34.24,96.57,62.32,0,Porto II 1-2 Lusitânia Lourosa,2025-11-30
Porto II,1.79,2.00,-0.21,0.86,1.94,-1.08,0.93,0.05,0.88,1.79,2.00,-0.21,1,2,-1,-0.79,44.70,41.24,42.78,0.83,0.42,147,12,7,11,8.43,26.19,15.56,5,3,21,2,15,65.6,32.85,77.47,65.76,58.4,37.68,0,Porto II 1-2 Lusitânia Lourosa,2025-11-30
Chaves,3.73,0.36,3.37,2.11,0.34,1.77,0.10,0.02,0.08,2.21,0.36,1.85,2,0,2,-1.37,65.90,65.61,48.26,1.33,0.31,239,13,15,6,11.28,19.35,5.19,10,1,21,6,17,159.2,92.08,24.93,19.05,102.1,79.02,1,Torreense 0-2 Chaves,2025-11-30
Torreense,0.36,3.73,-3.37,0.34,2.11,-1.77,0.02,0.10,-0.08,0.36,2.21,-1.85,0,2,-2,1.37,34.10,34.39,41.16,0.31,1.33,87,7,6,15,19.35,11.28,16.29,1,10,10,4,13,13.7,7.92,105.93,80.95,27.1,20.98,0,Torreense 0-2 Chaves,2025-11-30
Leixões,1.35,2.29,-0.94,1.35,1.53,-0.18,0.00,0.00,0.00,1.35,1.53,-0.18,0,2,-2,-1.06,52.60,55.64,43.77,0.74,1.03,163,10,10,14,13.51,13.59,7.87,7,3,20,2,22,52.2,35.39,36.87,45.26,47.07,25.41,1,Oliveirense 2-0 Leixões,2025-11-29
Oliveirense,2.29,1.35,0.94,1.53,1.35,0.18,0.00,0.00,0.00,1.53,1.35,0.18,2,0,2,1.06,47.40,44.36,42.12,1.03,0.74,115,13,14,10,13.59,13.51,8.00,3,7,15,0,14,95.3,64.61,44.6,54.74,138.2,74.59,1,Oliveirense 2-0 Leixões,2025-11-29
Penafiel,0.56,2.55,-1.99,0.45,2.38,-1.93,0.10,0.17,-0.07,0.56,2.55,-1.99,0,2,-2,-0.01,43.50,41.84,45.14,0.22,0.8,130,9,9,20,40.91,25.0,8.97,10,3,17,3,16,40.1,23.69,57.07,73.04,43.27,28.89,5,Academico Viseu 2-0 Penafiel,2025-11-29
Academico Viseu,2.55,0.56,1.99,2.38,0.45,1.93,0.17,0.10,0.07,2.55,0.56,1.99,2,0,2,0.01,56.50,58.16,44.38,0.8,0.22,167,14,20,9,25.0,40.91,9.54,3,10,21,9,14,129.2,76.31,21.07,26.96,106.5,71.11,0,Academico Viseu 2-0 Penafiel,2025-11-29
Penafiel,1.25,2.47,-1.22,0.32,2.37,-2.05,0.16,0.10,0.06,0.49,2.47,-1.98,1,2,-1,0.22,32.10,33.07,41.46,0.16,0.89,72,5,6,17,37.5,19.1,11.06,2,6,5,4,20,28.4,16.24,82.73,91.92,47.9,27.91,4,Marítimo 2-1 Penafiel,2025-11-23
Marítimo,2.47,1.25,1.22,2.37,0.32,2.05,0.10,0.16,-0.06,2.47,0.49,1.98,2,1,1,-0.22,67.90,66.93,48.40,0.89,0.16,215,18,17,6,19.1,37.5,3.79,6,2,18,4,16,146.5,83.76,7.27,8.08,123.73,72.09,5,Marítimo 2-1 Penafiel,2025-11-23
Portimonense,0.65,1.57,-0.92,0.65,1.45,-0.80,0.00,0.11,-0.11,0.65,1.57,-0.92,0,1,-1,-0.08,54.10,56.32,45.96,0.41,0.44,202,8,11,11,26.83,25.0,7.60,6,4,17,3,15,87.5,55.0,36.93,34.95,52.73,39.84,1,Porto II 1-0 Portimonense,2025-11-23
Porto II,1.57,0.65,0.92,1.45,0.65,0.80,0.11,0.00,0.11,1.57,0.65,0.92,1,0,1,0.08,45.90,43.68,42.72,0.44,0.41,169,7,11,11,25.0,26.83,9.42,4,6,20,8,23,71.6,45.0,68.73,65.05,79.63,60.16,1,Porto II 1-0 Portimonense,2025-11-23
Sporting CP II,1.02,0.93,0.09,1.02,0.93,0.09,0.00,0.00,0.00,1.02,0.93,0.09,0,0,0,-0.09,47.10,38.1,44.04,0.4,0.55,180,5,10,9,25.0,16.36,16.25,5,11,7,1,12,66.6,34.51,53.8,48.91,51.2,31.11,2,Chaves 0-0 Sporting CP II,2025-11-23
Chaves,0.93,1.02,-0.09,0.93,1.02,-0.09,0.00,0.00,0.00,0.93,1.02,-0.09,0,0,0,0.09,52.90,61.9,49.11,0.55,0.4,266,11,9,10,16.36,25.0,9.60,11,5,26,3,12,126.4,65.49,56.2,51.09,113.4,68.89,2,Chaves 0-0 Sporting CP II,2025-11-23
Chaves,2.54,1.82,0.72,2.54,1.57,0.97,0.00,0.24,-0.24,2.54,1.82,0.72,1,0,1,0.28,44.60,44.73,43.98,0.56,1.2,127,9,15,17,26.79,14.17,8.39,5,4,13,3,22,70.8,44.53,76.07,70.44,89.33,47.18,0,Leixões 0-1 Chaves,2025-11-16
Leixões,1.82,2.54,-0.72,1.57,2.54,-0.97,0.24,0.00,0.24,1.82,2.54,-0.72,0,1,-1,-0.28,55.40,55.27,46.11,1.2,0.56,185,12,17,15,14.17,26.79,8.35,4,5,30,10,11,88.2,55.47,31.93,29.56,100.0,52.82,1,Leixões 0-1 Chaves,2025-11-16
Farense,1.20,1.71,-0.51,0.52,0.63,-0.11,0.68,0.32,0.36,1.20,0.95,0.25,1,1,0,0.51,49.20,42.74,43.26,0.78,0.75,135,12,11,15,14.1,20.0,8.41,1,5,15,5,14,60.5,33.5,14.07,31.41,51.07,27.18,3,Felgueiras 1932 1-1 Farense,2025-11-16
Felgueiras 1932,1.71,1.20,0.51,0.63,0.52,0.11,0.32,0.68,-0.36,0.95,1.20,-0.25,1,1,0,-0.51,50.80,57.26,53.75,0.75,0.78,200,12,15,11,20.0,14.1,9.03,5,1,24,4,10,120.1,66.5,30.73,68.59,136.83,72.82,4,Felgueiras 1932 1-1 Farense,2025-11-16
União de Leiria,1.53,0.95,0.58,1.41,0.35,1.06,0.12,0.59,-0.47,1.53,0.95,0.58,1,1,0,-0.58,48.90,49.51,50.31,0.51,0.74,215,9,10,14,19.61,18.92,13.07,5,2,16,5,13,77.6,44.37,53.0,60.97,87.17,49.68,0,Lusitânia Lourosa 1-1 União de Leiria,2025-11-09
Lusitânia Lourosa,0.95,1.53,-0.58,0.35,1.41,-1.06,0.59,0.12,0.47,0.95,1.53,-0.58,1,1,0,0.58,51.10,50.49,44.67,0.74,0.51,191,15,14,10,18.92,19.61,11.79,2,5,26,8,11,97.3,55.63,33.93,39.03,88.3,50.32,1,Lusitânia Lourosa 1-1 União de Leiria,2025-11-09
Paços de Ferreira,0.09,2.45,-2.36,0.08,2.34,-2.26,0.01,0.12,-0.11,0.09,2.45,-2.36,0,2,-2,0.36,48.80,29.37,38.71,0.14,1.71,91,3,2,20,14.29,11.7,7.97,3,14,11,1,12,7.3,3.44,19.87,23.86,2.1,0.63,1,Marítimo 2-0 Paços de Ferreira,2025-11-09
Marítimo,2.45,0.09,2.36,2.34,0.08,2.26,0.12,0.01,0.11,2.45,0.09,2.36,2,0,2,-0.36,51.20,70.63,54.26,1.71,0.14,244,19,20,2,11.7,14.29,6.61,14,3,25,3,25,205.0,96.56,63.4,76.14,333.6,99.37,3,Marítimo 2-0 Paços de Ferreira,2025-11-09
Academico Viseu,4.23,0.97,3.26,3.93,0.81,3.12,0.30,0.16,0.14,4.23,0.97,3.26,3,1,2,-1.26,56.70,41.23,39.07,1.01,0.58,112,15,17,12,16.83,20.69,8.86,0,6,18,5,15,106.6,52.08,8.27,7.94,87.47,43.84,0,Felgueiras 1932 1-3 Academico Viseu,2025-11-09
Felgueiras 1932,0.97,4.23,-3.26,0.81,3.93,-3.12,0.16,0.30,-0.14,0.97,4.23,-3.26,1,3,-2,1.26,43.30,58.77,51.75,0.58,1.01,172,12,12,17,20.69,16.83,9.33,6,0,23,6,14,98.1,47.92,95.93,92.06,112.03,56.16,2,Felgueiras 1932 1-3 Academico Viseu,2025-11-09
Torreense,1.20,0.80,0.40,1.17,0.80,0.37,0.03,0.00,0.03,1.20,0.80,0.40,0,1,-1,-1.40,48.10,68.4,49.78,0.88,0.54,224,19,16,10,18.18,18.52,16.96,3,5,28,9,10,139.3,75.58,76.87,71.93,167.03,83.68,0,Leixões 1-0 Torreense,2025-11-09
Leixões,0.80,1.20,-0.40,0.80,1.17,-0.37,0.00,0.03,-0.03,0.80,1.20,-0.40,1,0,1,1.40,51.90,31.6,41.85,0.54,0.88,164,10,10,16,18.52,18.18,15.86,5,3,9,0,5,45.0,24.42,30.0,28.07,32.57,16.32,0,Leixões 1-0 Torreense,2025-11-09
Vizela,1.80,1.63,0.17,0.34,1.19,-0.85,0.70,0.44,0.26,1.04,1.63,-0.59,2,1,1,0.83,47.80,39.31,43.83,0.3,1.22,155,5,11,16,36.67,13.11,11.41,1,4,15,8,14,49.4,28.33,44.47,52.03,60.07,33.49,0,Benfica II 1-2 Vizela,2025-11-08
Benfica II,1.63,1.80,-0.17,1.19,0.34,0.85,0.44,0.70,-0.26,1.63,1.04,0.59,1,2,-1,-0.83,52.20,60.69,49.07,1.22,0.3,206,14,16,11,13.11,36.67,8.59,4,1,27,9,15,125.0,71.67,41.0,47.97,119.3,66.51,4,Benfica II 1-2 Vizela,2025-11-08
Porto II,0.39,1.73,-1.34,0.39,1.52,-1.13,0.00,0.21,-0.21,0.39,1.73,-1.34,1,0,1,2.34,35.70,25.94,41.57,0.22,0.92,85,6,9,14,40.91,15.22,12.37,2,7,14,6,16,34.1,17.02,98.13,83.97,61.6,42.4,0,Chaves 0-1 Porto II,2025-11-08
Chaves,1.73,0.39,1.34,1.52,0.39,1.13,0.21,0.00,0.21,1.73,0.39,1.34,0,1,-1,-2.34,64.30,74.06,52.85,0.92,0.22,293,11,14,9,15.22,40.91,6.36,7,2,27,11,16,166.3,82.98,18.73,16.03,83.7,57.6,3,Chaves 0-1 Porto II,2025-11-08
Oliveirense,1.19,3.07,-1.88,1.12,1.61,-0.49,0.07,0.70,-0.63,1.19,2.31,-1.12,1,1,0,1.88,43.50,34.57,41.95,0.33,1.02,112,8,10,19,30.3,18.63,10.10,1,2,16,6,13,33.6,17.73,38.73,52.01,42.67,22.38,2,Portimonense 1-1 Oliveirense,2025-11-08
Portimonense,3.07,1.19,1.88,1.61,1.12,0.49,0.70,0.07,0.63,2.31,1.19,1.12,1,1,0,-1.88,56.50,65.43,50.58,1.02,0.33,219,23,19,10,18.63,30.3,6.11,2,1,32,10,17,155.9,82.27,35.73,47.99,147.97,77.62,14,Portimonense 1-1 Oliveirense,2025-11-08
Sporting CP II,2.05,0.97,1.08,2.02,0.52,1.50,0.03,0.45,-0.42,2.05,0.97,1.08,1,1,0,-1.08,58.00,46.94,44.95,0.63,0.61,221,8,16,10,25.4,16.39,10.72,4,1,13,3,19,89.6,60.66,15.53,16.84,71.53,39.92,1,Penafiel 1-1 Sporting CP II,2025-11-08
Penafiel,0.97,2.05,-1.08,0.52,2.02,-1.50,0.45,0.03,0.42,0.97,2.05,-1.08,1,1,0,1.08,42.00,53.06,43.70,0.61,0.63,135,9,10,16,16.39,25.4,14.56,1,4,14,3,10,58.1,39.34,76.67,83.16,107.67,60.08,4,Penafiel 1-1 Sporting CP II,2025-11-08
Farense,2.00,1.19,0.81,1.82,0.83,0.99,0.18,0.36,-0.18,2.00,1.19,0.81,0,0,0,-0.81,55.60,53.18,44.18,1.01,0.77,163,15,16,17,15.84,22.08,6.17,5,3,24,4,12,116.6,61.96,13.87,18.51,94.23,49.42,5,Feirense 0-0 Farense,2025-11-07
Feirense,1.19,2.00,-0.81,0.83,1.82,-0.99,0.36,0.18,0.18,1.19,2.00,-0.81,0,0,0,0.81,44.40,46.82,45.03,0.77,1.01,137,10,17,16,22.08,15.84,8.59,3,5,22,6,17,71.6,38.04,61.07,81.49,96.43,50.58,4,Feirense 0-0 Farense,2025-11-07
Lusitânia Lourosa,2.07,2.42,-0.35,0.72,1.99,-1.27,0.58,0.43,0.15,1.31,2.42,-1.11,2,3,-1,-0.65,60.70,59.04,45.92,0.9,0.82,214,8,15,15,16.67,18.29,12.09,2,2,35,7,10,105.4,54.7,34.07,28.89,83.07,48.54,1,Academico Viseu 3-2 Lusitânia Lourosa,2025-11-04
Academico Viseu,2.42,2.07,0.35,1.99,0.72,1.27,0.43,0.58,-0.15,2.42,1.31,1.11,3,2,1,0.65,39.30,40.96,44.01,0.82,0.9,122,13,15,15,18.29,16.67,14.78,2,2,19,5,13,87.3,45.3,83.87,71.11,88.07,51.46,2,Academico Viseu 3-2 Lusitânia Lourosa,2025-11-04
Felgueiras 1932,0.94,2.03,-1.09,0.85,1.92,-1.07,0.08,0.11,-0.03,0.94,2.03,-1.09,0,2,-2,-0.91,58.90,61.77,49.44,0.88,0.17,259,12,17,8,19.32,47.06,7.41,10,1,38,4,11,115.9,72.98,19.13,20.47,79.17,48.32,1,Torreense 2-0 Felgueiras 1932,2025-11-04
Torreense,2.03,0.94,1.09,1.92,0.85,1.07,0.11,0.08,0.03,2.03,0.94,1.09,2,0,2,0.91,41.10,38.23,41.79,0.17,0.88,139,7,8,17,47.06,19.32,14.55,1,10,9,3,18,42.9,27.02,74.33,79.53,84.67,51.68,0,Torreense 2-0 Felgueiras 1932,2025-11-04
Chaves,0.86,1.20,-0.34,0.84,0.97,-0.13,0.02,0.23,-0.21,0.86,1.20,-0.34,1,2,-1,-0.66,39.50,30.28,42.15,0.36,0.85,127,6,8,12,22.22,14.12,12.87,1,4,6,1,12,25.5,14.14,77.47,68.72,39.5,27.95,4,União de Leiria 2-1 Chaves,2025-11-03
União de Leiria,1.20,0.86,0.34,0.97,0.84,0.13,0.23,0.02,0.21,1.20,0.86,0.34,2,1,1,0.66,60.50,69.72,51.36,0.85,0.36,288,14,12,8,14.12,22.22,8.49,4,1,32,10,16,154.8,85.86,35.27,31.28,101.8,72.05,1,União de Leiria 2-1 Chaves,2025-11-03
Marítimo,2.07,0.84,1.23,1.22,0.69,0.53,0.09,0.15,-0.06,1.31,0.84,0.47,2,0,2,0.77,44.30,49.69,47.77,1.03,0.48,183,12,16,11,15.53,22.92,10.23,8,4,23,4,17,126.8,59.95,84.87,89.65,193.33,88.36,2,Oliveirense 0-2 Marítimo,2025-11-03
Oliveirense,0.84,2.07,-1.23,0.69,1.22,-0.53,0.15,0.09,0.06,0.84,1.31,-0.47,0,2,-2,-0.77,55.70,50.31,42.37,0.48,1.03,188,12,11,16,22.92,15.53,10.31,4,8,19,5,9,84.7,40.05,9.8,10.35,25.47,11.64,0,Oliveirense 0-2 Marítimo,2025-11-03
Leixões,0.72,1.06,-0.34,0.21,1.00,-0.79,0.51,0.06,0.45,0.72,1.06,-0.34,1,3,-2,-1.66,50.80,40.91,42.49,0.4,0.47,139,5,11,13,27.5,27.66,8.94,3,8,20,7,17,52.9,38.0,31.2,34.72,37.87,22.96,0,Paços de Ferreira 3-1 Leixões,2025-11-03
Paços de Ferreira,1.06,0.72,0.34,1.00,0.21,0.79,0.06,0.51,-0.45,1.06,0.72,0.34,3,1,2,1.66,49.20,59.09,49.17,0.47,0.4,182,12,13,11,27.66,27.5,8.14,8,3,21,4,14,86.3,62.0,58.67,65.28,127.1,77.04,3,Paços de Ferreira 3-1 Leixões,2025-11-03
Benfica II,0.58,2.91,-2.33,0.43,2.75,-2.32,0.15,0.16,-0.01,0.58,2.91,-2.33,3,4,-1,1.33,41.60,37.64,41.37,0.15,1.1,118,5,10,24,66.67,21.82,12.10,3,2,13,5,10,25.8,15.8,54.13,66.39,24.1,17.03,4,Farense 4-3 Benfica II,2025-11-02
Farense,2.91,0.58,2.33,2.75,0.43,2.32,0.16,0.15,0.01,2.91,0.58,2.33,4,3,1,-1.33,58.40,62.36,48.76,1.1,0.15,224,21,24,10,21.82,66.67,8.45,2,3,32,6,13,137.5,84.2,27.4,33.61,117.4,82.97,4,Farense 4-3 Benfica II,2025-11-02
Penafiel,1.01,1.67,-0.66,0.90,0.99,-0.09,0.11,0.69,-0.58,1.01,1.67,-0.66,3,1,2,2.66,29.30,26.9,40.71,0.29,0.59,76,3,9,23,31.03,38.98,12.65,1,8,10,1,16,20.4,10.14,139.2,98.63,69.97,49.78,1,Vizela 1-3 Penafiel,2025-11-02
Vizela,1.67,1.01,0.66,0.99,0.90,0.09,0.69,0.11,0.58,1.67,1.01,0.66,1,3,-2,-2.66,70.70,73.1,49.25,0.59,0.29,278,12,23,9,38.98,31.03,5.15,8,1,35,8,17,180.7,89.86,1.93,1.37,70.6,50.22,2,Vizela 1-3 Penafiel,2025-11-02
Feirense,1.23,2.88,-1.65,1.13,1.62,-0.49,0.10,0.50,-0.40,1.23,2.12,-0.89,2,3,-1,0.65,50.70,57.42,49.76,0.61,0.88,199,14,16,22,26.23,25.0,15.81,4,2,16,5,10,101.4,49.78,49.73,54.53,86.77,46.86,1,Sporting CP II 3-2 Feirense,2025-11-01
Sporting CP II,2.88,1.23,1.65,1.62,1.13,0.49,0.50,0.10,0.40,2.12,1.23,0.89,3,2,1,-0.65,49.30,42.58,41.94,0.88,0.61,143,14,22,16,25.0,26.23,14.27,2,4,19,7,7,102.3,50.22,41.47,45.47,98.4,53.14,2,Sporting CP II 3-2 Feirense,2025-11-01
União de Leiria,1.91,1.74,0.17,1.91,1.37,0.54,0.00,0.37,-0.37,1.91,1.74,0.17,3,1,2,1.83,46.20,37.81,42.74,0.63,0.96,128,5,7,16,11.11,16.67,9.84,3,6,12,2,14,37.4,26.39,15.27,26.7,27.13,16.09,2,Marítimo 1-3 União de Leiria,2025-10-30
Marítimo,1.74,1.91,-0.17,1.37,1.91,-0.54,0.37,0.00,0.37,1.74,1.91,-0.17,1,3,-2,-1.83,53.80,62.19,48.78,0.96,0.63,204,12,16,7,16.67,11.11,7.40,6,3,27,6,18,104.3,73.61,41.93,73.3,141.5,83.91,2,Marítimo 1-3 União de Leiria,2025-10-30
Academico Viseu,2.98,0.41,2.57,2.44,0.39,2.05,0.54,0.02,0.52,2.98,0.41,2.57,5,1,4,1.43,66.30,57.89,41.14,0.83,0.49,184,13,22,8,26.51,16.33,7.59,1,7,16,7,14,99.6,82.79,15.4,9.41,77.3,50.65,0,Leixões 1-5 Academico Viseu,2025-10-30
Leixões,0.41,2.98,-2.57,0.39,2.44,-2.05,0.02,0.54,-0.52,0.41,2.98,-2.57,1,5,-4,-1.43,33.70,42.11,44.86,0.49,0.83,129,9,8,22,16.33,26.51,11.45,7,1,16,3,17,20.7,17.21,148.33,90.59,75.33,49.35,0,Leixões 1-5 Academico Viseu,2025-10-30
Paços de Ferreira,0.68,1.63,-0.95,0.57,1.48,-0.91,0.11,0.15,-0.04,0.68,1.63,-0.95,1,2,-1,-0.05,48.00,36.95,42.29,0.2,0.65,137,5,11,16,55.0,24.62,11.10,3,7,15,4,15,49.9,30.82,53.4,51.84,46.27,25.64,0,Benfica II 2-1 Paços de Ferreira,2025-10-30
Benfica II,1.63,0.68,0.95,1.48,0.57,0.91,0.15,0.11,0.04,1.63,0.68,0.95,2,1,1,0.05,52.00,63.05,47.13,0.65,0.2,200,12,16,11,24.62,55.0,8.90,7,3,26,11,17,112.0,69.18,49.6,48.16,134.17,74.36,2,Benfica II 2-1 Paços de Ferreira,2025-10-30
Torreense,1.37,0.60,0.77,1.29,0.60,0.69,0.08,0.00,0.08,1.37,0.60,0.77,1,0,1,0.23,44.70,57.32,48.47,0.42,0.56,158,12,12,6,28.57,10.71,9.82,4,5,10,5,12,98.0,81.94,82.0,82.66,161.03,92.04,4,Portimonense 0-1 Torreense,2025-10-30
Portimonense,0.60,1.37,-0.77,0.60,1.29,-0.69,0.00,0.08,-0.08,0.60,1.37,-0.77,0,1,-1,-0.23,55.30,42.68,38.47,0.56,0.42,115,8,6,12,10.71,28.57,7.94,5,4,9,1,14,21.6,18.06,17.2,17.34,13.93,7.96,6,Portimonense 0-1 Torreense,2025-10-30
Porto II,0.81,0.95,-0.14,0.42,0.84,-0.42,0.39,0.11,0.28,0.81,0.95,-0.14,0,1,-1,-0.86,60.60,58.97,46.84,0.84,0.71,256,15,13,8,15.48,11.27,7.70,6,6,17,8,16,100.7,63.86,10.8,10.33,51.83,32.25,1,Oliveirense 1-0 Porto II,2025-10-29
Oliveirense,0.95,0.81,0.14,0.84,0.42,0.42,0.11,0.39,-0.28,0.95,0.81,0.14,1,0,1,0.86,39.40,41.03,43.13,0.71,0.84,137,9,8,13,11.27,15.48,10.62,6,6,16,5,20,57.0,36.14,93.73,89.67,108.87,67.75,0,Oliveirense 1-0 Porto II,2025-10-29
Vizela,1.63,0.89,0.74,1.63,0.86,0.77,0.00,0.04,-0.04,1.63,0.89,0.74,1,1,0,-0.74,53.70,44.14,42.57,0.64,0.82,168,7,11,12,17.19,14.63,11.81,3,5,19,2,14,65.5,42.23,32.53,27.49,50.43,30.43,0,Lusitânia Lourosa 1-1 Vizela,2025-10-29
Lusitânia Lourosa,0.89,1.63,-0.74,0.86,1.63,-0.77,0.04,0.00,0.04,0.89,1.63,-0.74,1,1,0,0.74,46.30,55.86,50.92,0.82,0.64,232,14,12,11,14.63,17.19,10.40,5,3,23,4,14,89.6,57.77,85.8,72.51,115.3,69.57,1,Lusitânia Lourosa 1-1 Vizela,2025-10-29
Penafiel,1.82,1.22,0.60,1.36,0.66,0.70,0.46,0.55,-0.09,1.82,1.22,0.60,0,0,0,-0.60,34.10,33.6,44.51,0.24,0.87,93,8,14,17,58.33,19.54,10.28,2,0,10,6,16,24.5,14.27,72.47,94.03,53.37,33.03,6,Farense 0-0 Penafiel,2025-10-26
Farense,1.22,1.82,-0.60,0.66,1.36,-0.70,0.55,0.46,0.09,1.22,1.82,-0.60,0,0,0,0.60,65.90,66.4,48.46,0.87,0.24,210,16,17,14,19.54,58.33,6.06,0,2,21,5,15,147.2,85.73,4.6,5.97,108.2,66.97,4,Farense 0-0 Penafiel,2025-10-26
Benfica II,1.20,0.62,0.58,0.58,0.53,0.05,0.62,0.09,0.53,1.20,0.62,0.58,2,0,2,1.42,40.50,29.43,39.40,0.23,0.55,88,5,14,14,60.87,25.45,8.57,5,6,11,4,18,34.1,20.21,67.67,66.21,54.5,36.46,1,Feirense 0-2 Benfica II,2025-10-25
Feirense,0.62,1.20,-0.58,0.53,0.58,-0.05,0.09,0.62,-0.53,0.62,1.20,-0.58,0,2,-2,-1.42,59.50,70.57,48.56,0.55,0.23,198,9,14,14,25.45,60.87,6.73,6,5,23,6,13,134.6,79.79,34.53,33.79,94.97,63.54,3,Feirense 0-2 Benfica II,2025-10-25
Chaves,0.27,1.13,-0.86,0.27,1.01,-0.74,0.00,0.12,-0.12,0.27,1.13,-0.86,0,1,-1,-0.14,44.50,49.21,45.13,0.26,0.65,163,5,8,15,30.77,23.08,10.51,10,3,15,3,14,55.7,42.26,83.87,80.9,90.97,65.79,4,Academico Viseu 1-0 Chaves,2025-10-25
Academico Viseu,1.13,0.27,0.86,1.01,0.27,0.74,0.12,0.00,0.12,1.13,0.27,0.86,1,0,1,0.14,55.50,50.79,42.95,0.65,0.26,172,7,15,8,23.08,30.77,9.35,3,10,7,3,13,76.1,57.74,19.8,19.1,47.3,34.21,1,Academico Viseu 1-0 Chaves,2025-10-25
Portimonense,1.11,2.41,-1.30,0.95,1.61,-0.66,0.16,0.04,0.12,1.11,1.65,-0.54,1,4,-3,-1.70,65.10,55.98,45.20,0.68,0.28,195,11,18,18,26.47,64.29,4.74,4,6,23,8,11,91.8,60.75,6.6,5.86,43.7,26.11,2,Paços de Ferreira 4-1 Portimonense,2025-10-25
Paços de Ferreira,2.41,1.11,1.30,1.61,0.95,0.66,0.04,0.16,-0.12,1.65,1.11,0.54,4,1,3,1.70,34.90,44.02,46.16,0.28,0.68,110,9,18,18,64.29,26.47,11.84,6,4,15,5,16,59.3,39.25,106.0,94.14,123.7,73.89,2,Paços de Ferreira 4-1 Portimonense,2025-10-25
Lusitânia Lourosa,0.58,1.90,-1.32,0.55,1.84,-1.29,0.03,0.05,-0.02,0.58,1.90,-1.32,0,4,-4,-2.68,33.20,21.13,41.27,0.24,1.15,99,6,8,20,33.33,17.39,10.70,2,4,14,2,15,5.3,2.01,101.87,89.78,6.9,1.87,0,Sporting CP II 4-0 Lusitânia Lourosa,2025-10-25
Sporting CP II,1.90,0.58,1.32,1.84,0.55,1.29,0.05,0.03,0.02,1.90,0.58,1.32,4,0,4,2.68,66.80,78.87,56.14,1.15,0.24,353,11,20,8,17.39,33.33,7.18,4,2,34,6,16,258.3,97.99,11.6,10.22,362.72,98.13,0,Sporting CP II 4-0 Lusitânia Lourosa,2025-10-25
Leixões,1.28,1.45,-0.17,1.28,1.05,0.23,0.00,0.40,-0.40,1.28,1.45,-0.17,3,1,2,2.17,36.60,38.53,45.87,0.66,1.18,122,10,14,18,21.21,15.25,10.46,2,2,14,2,13,73.9,33.74,75.6,94.03,134.43,75.16,0,União de Leiria 1-3 Leixões,2025-10-25
União de Leiria,1.45,1.28,0.17,1.05,1.28,-0.23,0.40,0.00,0.40,1.45,1.28,0.17,1,3,-2,-2.17,63.40,61.47,50.91,1.18,0.66,249,21,18,14,15.25,21.21,6.64,2,2,31,10,16,145.1,66.26,4.8,5.97,44.43,24.84,1,União de Leiria 1-3 Leixões,2025-10-25
Felgueiras 1932,1.97,1.79,0.18,1.14,1.66,-0.52,0.83,0.13,0.70,1.97,1.79,0.18,2,2,0,-0.18,47.00,56.6,51.89,1.2,0.67,183,8,12,17,10.0,25.37,6.17,7,1,19,4,25,102.1,65.2,65.2,77.87,116.73,74.73,2,Vizela 2-2 Felgueiras 1932,2025-10-24
Vizela,1.79,1.97,-0.18,1.66,1.14,0.52,0.13,0.83,-0.70,1.79,1.97,-0.18,2,2,0,0.18,53.00,43.4,43.38,0.67,1.2,147,7,17,12,25.37,10.0,6.41,1,7,14,5,18,54.5,34.8,18.53,22.13,39.47,25.27,0,Vizela 2-2 Felgueiras 1932,2025-10-24
Oliveirense,1.26,2.37,-1.11,1.04,1.98,-0.94,0.22,0.39,-0.17,1.26,2.37,-1.11,2,3,-1,0.11,50.10,40.75,46.01,0.48,1.15,178,12,14,24,29.17,20.87,16.18,1,7,23,6,9,55.3,22.11,38.2,38.02,59.43,23.16,1,Torreense 3-2 Oliveirense,2025-10-24
Torreense,2.37,1.26,1.11,1.98,1.04,0.94,0.39,0.22,0.17,2.37,1.26,1.11,3,2,1,-0.11,49.90,59.25,53.63,1.15,0.48,244,21,24,14,20.87,29.17,12.22,7,1,23,5,11,194.8,77.89,62.27,61.98,197.2,76.84,1,Torreense 3-2 Oliveirense,2025-10-24
Feirense,2.03,0.65,1.38,1.99,0.65,1.34,0.03,0.00,0.03,2.03,0.65,1.38,2,1,1,-0.38,40.50,52.11,46.82,0.33,0.54,130,9,18,10,54.55,18.52,8.09,5,6,25,6,23,82.9,63.14,81.0,82.54,148.87,91.46,0,Penafiel 1-2 Feirense,2025-10-19
Penafiel,0.65,2.03,-1.38,0.65,1.99,-1.34,0.00,0.03,-0.03,0.65,2.03,-1.38,1,2,-1,0.38,59.50,47.89,44.63,0.54,0.33,177,8,10,18,18.52,54.55,6.52,6,5,24,5,11,48.4,36.86,17.13,17.46,13.9,8.54,4,Penafiel 1-2 Feirense,2025-10-19
Marítimo,1.53,0.72,0.81,1.51,0.61,0.90,0.02,0.12,-0.10,1.53,0.72,0.81,0,1,-1,-1.81,66.80,76.8,52.99,0.78,0.16,291,16,16,12,20.51,75.0,5.31,9,2,26,9,17,202.9,85.32,11.6,14.99,168.6,80.82,1,Porto II 1-0 Marítimo,2025-10-19
Porto II,0.72,1.53,-0.81,0.61,1.51,-0.90,0.12,0.02,0.10,0.72,1.53,-0.81,1,0,1,1.81,33.20,23.2,39.02,0.16,0.78,91,6,12,16,75.0,20.51,10.11,2,9,8,3,16,34.9,14.68,65.8,85.01,40.0,19.18,1,Porto II 1-0 Marítimo,2025-10-19
Oliveirense,0.83,1.81,-0.98,0.69,1.64,-0.95,0.15,0.17,-0.02,0.83,1.81,-0.98,0,0,0,0.98,35.60,28.62,41.94,0.67,0.89,96,7,8,20,11.94,22.47,17.18,2,5,19,3,13,16.9,8.93,90.27,92.55,42.93,27.13,0,União de Leiria 0-0 Oliveirense,2025-10-11
União de Leiria,1.81,0.83,0.98,1.64,0.69,0.95,0.17,0.15,0.02,1.81,0.83,0.98,0,0,0,-0.98,64.40,71.38,52.68,0.89,0.67,308,17,20,8,22.47,11.94,6.54,5,2,37,8,9,172.3,91.07,7.27,7.45,115.33,72.87,4,União de Leiria 0-0 Oliveirense,2025-10-11
Penafiel,3.58,1.58,2.00,2.75,1.49,1.26,0.07,0.09,-0.02,2.82,1.58,1.24,2,0,2,0.00,38.70,31.8,41.12,0.81,0.89,86,9,13,17,16.05,19.1,10.87,2,6,12,4,16,33.7,19.14,67.0,77.07,54.4,35.67,3,Benfica II 0-2 Penafiel,2025-10-05
Benfica II,1.58,3.58,-2.00,1.49,2.75,-1.26,0.09,0.07,0.02,1.58,2.82,-1.24,0,2,-2,0.00,61.30,68.2,49.13,0.89,0.81,213,12,17,13,19.1,16.05,7.65,6,2,25,7,13,142.4,80.86,19.93,22.93,98.13,64.33,2,Benfica II 0-2 Penafiel,2025-10-05
Sporting CP II,1.94,1.21,0.73,1.18,1.19,-0.01,0.00,0.02,-0.02,1.18,1.21,-0.03,4,0,4,3.27,39.20,30.04,39.14,0.3,0.36,92,3,11,11,36.67,30.56,17.29,1,6,5,3,14,43.9,30.92,68.47,71.22,144.13,75.44,1,Leixões 0-4 Sporting CP II,2025-10-05
Leixões,1.21,1.94,-0.73,1.19,1.18,0.01,0.02,0.00,0.02,1.21,1.18,0.03,0,4,-4,-3.27,60.80,69.96,49.13,0.36,0.3,260,12,11,11,30.56,36.67,8.53,6,1,22,4,11,98.1,69.08,27.67,28.78,46.93,24.56,0,Leixões 0-4 Sporting CP II,2025-10-05
Feirense,0.65,3.66,-3.01,0.55,2.49,-1.94,0.10,0.41,-0.31,0.65,2.90,-2.25,0,2,-2,1.01,48.30,35.61,42.39,0.36,1.19,97,8,10,22,27.78,18.49,6.50,1,0,15,5,15,20.1,12.73,19.53,32.02,13.47,6.89,0,Felgueiras 1932 2-0 Feirense,2025-10-05
Felgueiras 1932,3.66,0.65,3.01,2.49,0.55,1.94,0.41,0.10,0.31,2.90,0.65,2.25,2,0,2,-1.01,51.70,64.39,53.64,1.19,0.36,167,24,22,10,18.49,27.78,8.38,0,1,28,7,13,137.8,87.27,41.47,67.98,182.1,93.11,5,Felgueiras 1932 2-0 Feirense,2025-10-05
Torreense,1.91,1.32,0.59,0.24,0.56,-0.32,0.16,0.00,0.16,0.39,0.56,-0.17,3,2,1,0.41,54.00,63.64,48.86,0.51,0.3,207,8,9,11,17.65,36.67,9.59,7,5,24,5,12,97.5,66.78,48.33,50.84,97.57,65.57,0,Porto II 2-3 Torreense,2025-10-05
Porto II,1.32,1.91,-0.59,0.56,0.24,0.32,0.00,0.16,-0.16,0.56,0.39,0.17,2,3,-1,-0.41,46.00,36.36,39.88,0.3,0.51,103,4,11,9,36.67,17.65,12.00,5,7,10,1,12,48.5,33.22,46.73,49.16,51.23,34.43,1,Porto II 2-3 Torreense,2025-10-05
Paços de Ferreira,1.00,1.13,-0.13,0.91,1.10,-0.19,0.09,0.04,0.05,1.00,1.13,-0.13,2,2,0,0.13,49.20,45.83,45.63,0.6,0.47,138,15,16,10,26.67,21.28,6.02,4,2,21,3,21,79.3,51.26,56.47,73.97,82.4,54.82,6,Oliveirense 2-2 Paços de Ferreira,2025-10-05
Oliveirense,1.13,1.00,0.13,1.10,0.91,0.19,0.04,0.09,-0.05,1.13,1.00,0.13,2,2,0,-0.13,50.80,54.17,43.63,0.47,0.6,149,9,10,16,21.28,26.67,6.98,2,4,18,5,22,75.4,48.74,19.87,26.03,67.9,45.18,2,Oliveirense 2-2 Paços de Ferreira,2025-10-05
União de Leiria,1.76,1.96,-0.20,1.18,1.45,-0.27,0.58,0.52,0.06,1.76,1.96,-0.20,1,1,0,0.20,56.60,46.42,43.34,0.18,0.64,135,10,10,15,55.56,23.44,4.95,11,13,22,6,19,72.2,35.64,19.87,22.56,61.23,23.33,3,Portimonense 1-1 União de Leiria,2025-10-04
Portimonense,1.96,1.76,0.20,1.45,1.18,0.27,0.52,0.58,-0.06,1.96,1.76,0.20,1,1,0,-0.20,43.40,53.58,51.34,0.64,0.18,153,25,15,10,23.44,55.56,5.44,13,11,21,7,22,130.4,64.36,68.2,77.44,201.27,76.67,6,Portimonense 1-1 União de Leiria,2025-10-04
Vizela,1.46,2.01,-0.55,1.40,1.54,-0.14,0.05,0.47,-0.42,1.46,2.01,-0.55,0,1,-1,-0.45,42.60,31.37,46.42,0.42,0.82,175,3,12,23,28.57,28.05,14.00,2,11,12,2,8,80.2,23.03,64.27,55.63,56.43,16.79,0,Chaves 1-0 Vizela,2025-10-04
Chaves,2.01,1.46,0.55,1.54,1.40,0.14,0.47,0.05,0.42,2.01,1.46,0.55,1,0,1,0.45,57.40,68.63,56.85,0.82,0.42,349,18,23,12,28.05,28.57,7.63,11,2,28,12,13,268.1,76.97,51.27,44.37,279.73,83.21,2,Chaves 1-0 Vizela,2025-10-04
Farense,2.19,1.58,0.61,1.43,0.69,0.74,0.00,0.13,-0.13,1.43,0.82,0.61,2,1,1,0.39,39.50,45.16,43.45,0.29,0.62,118,7,10,12,34.48,19.35,11.23,2,5,9,0,18,53.2,37.84,83.73,85.44,95.83,72.82,3,Lusitânia Lourosa 1-2 Farense,2025-10-04
Lusitânia Lourosa,1.58,2.19,-0.61,0.69,1.43,-0.74,0.13,0.00,0.13,0.82,1.43,-0.61,1,2,-1,-0.39,60.50,54.84,44.08,0.62,0.29,178,13,12,10,19.35,34.48,6.38,5,2,34,7,18,87.4,62.16,14.27,14.56,35.77,27.18,4,Lusitânia Lourosa 1-2 Farense,2025-10-04
Academico Viseu,1.83,2.19,-0.36,1.03,1.09,-0.06,0.04,0.34,-0.30,1.07,1.43,-0.36,2,2,0,0.36,36.00,30.34,38.96,0.59,0.65,84,7,8,17,13.56,26.15,13.32,7,9,12,5,14,34.6,16.96,77.67,85.79,48.67,34.68,1,Marítimo 2-2 Academico Viseu,2025-10-03
Marítimo,2.19,1.83,0.36,1.09,1.03,0.06,0.34,0.04,0.30,1.43,1.07,0.36,2,2,0,-0.36,64.00,69.66,50.53,0.65,0.59,258,10,17,8,26.15,13.56,5.97,9,7,21,6,8,169.4,83.04,12.87,14.21,91.67,65.32,1,Marítimo 2-2 Academico Viseu,2025-10-03
Porto II,1.69,0.98,0.71,1.50,0.96,0.54,0.19,0.02,0.17,1.69,0.98,0.71,2,2,0,-0.71,61.50,57.53,52.99,0.72,0.51,231,17,22,12,30.56,23.53,6.60,1,2,22,6,20,179.1,72.98,24.13,20.84,125.03,65.53,0,Paços de Ferreira 2-2 Porto II,2025-09-29
Paços de Ferreira,0.98,1.69,-0.71,0.96,1.50,-0.54,0.02,0.19,-0.17,0.98,1.69,-0.71,2,2,0,0.71,38.50,42.47,49.15,0.51,0.72,127,9,12,22,23.53,30.56,9.75,2,1,20,3,12,66.3,27.02,91.67,79.16,65.77,34.47,2,Paços de Ferreira 2-2 Porto II,2025-09-29
Chaves,2.89,0.84,2.05,2.75,0.84,1.91,0.13,0.00,0.13,2.89,0.84,2.05,2,0,2,-0.05,53.80,53.25,46.83,0.72,0.44,169,12,12,12,16.67,27.27,8.14,4,7,10,2,11,94.2,61.33,40.87,44.94,97.5,61.83,1,Farense 0-2 Chaves,2025-09-28
Farense,0.84,2.89,-2.05,0.84,2.75,-1.91,0.00,0.13,-0.13,0.84,2.89,-2.05,0,2,-2,0.05,46.20,46.75,43.30,0.44,0.72,143,8,12,12,27.27,16.67,8.20,7,4,19,4,21,59.4,38.67,50.07,55.06,60.2,38.17,2,Farense 0-2 Chaves,2025-09-28
Lusitânia Lourosa,1.40,1.61,-0.21,1.20,0.62,0.58,0.20,0.23,-0.03,1.40,0.85,0.55,2,1,1,1.21,41.60,32.35,43.58,0.36,0.26,99,9,8,15,22.22,57.69,8.31,3,6,10,4,19,43.5,29.47,54.27,74.61,65.57,51.37,3,Feirense 1-2 Lusitânia Lourosa,2025-09-28
Feirense,1.61,1.40,0.21,0.62,1.20,-0.58,0.23,0.20,0.03,0.85,1.40,-0.55,1,2,-1,-1.21,58.40,67.65,49.97,0.26,0.36,188,8,15,8,57.69,22.22,5.58,6,3,38,12,15,104.1,70.53,18.47,25.39,62.07,48.63,11,Feirense 1-2 Lusitânia Lourosa,2025-09-28
Portimonense,1.75,0.95,0.80,0.53,0.92,-0.39,0.46,0.03,0.43,0.99,0.95,0.04,3,2,1,0.20,46.10,34.0,39.85,0.19,0.98,106,2,10,14,52.63,14.29,10.21,4,5,7,3,13,55.5,31.21,36.73,50.04,69.4,43.64,2,Academico Viseu 2-3 Portimonense,2025-09-27
Academico Viseu,0.95,1.75,-0.80,0.92,0.53,0.39,0.03,0.46,-0.43,0.95,0.99,-0.04,2,3,-1,-0.20,53.90,66.0,47.71,0.98,0.19,203,15,14,10,14.29,52.63,11.03,5,4,30,6,13,122.3,68.79,36.67,49.96,89.63,56.36,4,Academico Viseu 2-3 Portimonense,2025-09-27
Marítimo,2.36,1.73,0.63,1.49,1.60,-0.11,0.11,0.14,-0.03,1.60,1.73,-0.13,1,0,1,0.37,48.30,60.59,46.46,0.84,0.75,189,13,17,11,20.24,14.67,7.91,12,4,17,6,20,109.4,62.98,105.87,72.51,168.2,75.61,0,Sporting CP II 0-1 Marítimo,2025-09-27
Sporting CP II,1.73,2.36,-0.63,1.60,1.49,0.11,0.14,0.11,0.03,1.73,1.60,0.13,0,1,-1,-0.37,51.70,39.41,35.07,0.75,0.84,104,9,11,17,14.67,20.24,8.95,4,12,15,4,18,64.3,37.02,40.13,27.49,54.27,24.39,2,Sporting CP II 0-1 Marítimo,2025-09-27
Felgueiras 1932,1.53,2.12,-0.59,1.34,1.77,-0.43,0.19,0.34,-0.15,1.53,2.12,-0.59,0,2,-2,-1.41,57.20,61.32,50.84,0.7,0.69,205,15,12,12,17.14,17.39,5.52,13,2,28,6,15,94.0,68.97,10.6,14.34,69.33,45.93,2,Penafiel 2-0 Felgueiras 1932,2025-09-27
Penafiel,2.12,1.53,0.59,1.77,1.34,0.43,0.34,0.19,0.15,2.12,1.53,0.59,2,0,2,1.41,42.80,38.68,46.40,0.69,0.7,126,13,12,12,17.39,17.14,9.32,2,13,16,6,17,42.3,31.03,63.33,85.66,81.63,54.07,3,Penafiel 2-0 Felgueiras 1932,2025-09-27
Torreense,2.01,1.64,0.37,1.64,1.44,0.20,0.37,0.19,0.18,2.01,1.64,0.37,3,3,0,-0.37,42.50,36.46,42.79,0.65,0.64,121,15,17,20,26.15,31.25,10.53,5,5,15,5,17,74.3,35.48,70.87,67.66,96.43,51.8,0,Benfica II 3-3 Torreense,2025-09-27
Benfica II,1.64,2.01,-0.37,1.44,1.64,-0.20,0.19,0.37,-0.18,1.64,2.01,-0.37,3,3,0,0.37,57.50,63.54,48.34,0.64,0.65,227,10,20,17,31.25,26.15,10.52,5,5,26,7,7,135.1,64.52,33.87,32.34,89.73,48.2,1,Benfica II 3-3 Torreense,2025-09-27
Leixões,1.35,1.42,-0.07,1.32,1.13,0.19,0.03,0.29,-0.26,1.35,1.42,-0.07,0,2,-2,-1.93,49.20,56.15,48.76,0.81,0.3,194,10,13,11,16.05,36.67,7.75,6,0,18,5,17,86.2,55.19,50.4,76.13,102.13,61.65,1,Vizela 2-0 Leixões,2025-09-26
Vizela,1.42,1.35,0.07,1.13,1.32,-0.19,0.29,0.03,0.26,1.42,1.35,0.07,2,0,2,1.93,50.80,43.85,43.17,0.3,0.81,137,2,11,13,36.67,16.05,7.71,0,6,11,6,18,70.0,44.81,15.8,23.87,63.53,38.35,0,Vizela 2-0 Leixões,2025-09-26
Academico Viseu,1.78,1.42,0.36,1.61,1.37,0.24,0.17,0.05,0.12,1.78,1.42,0.36,2,2,0,-0.36,55.80,47.54,44.08,1.09,0.36,168,13,14,8,12.84,22.22,8.71,4,2,21,4,13,85.8,53.19,8.13,11.82,55.03,37.23,2,Oliveirense 2-2 Academico Viseu,2025-09-15
Oliveirense,1.42,1.78,-0.36,1.37,1.61,-0.24,0.05,0.17,-0.12,1.42,1.78,-0.36,2,2,0,0.36,44.20,52.46,48.26,0.36,1.09,151,9,8,14,22.22,12.84,10.74,2,4,18,3,13,75.5,46.81,60.67,88.18,92.77,62.77,3,Oliveirense 2-2 Academico Viseu,2025-09-15
Feirense,0.79,2.20,-1.41,0.78,0.59,0.19,0.01,0.85,-0.84,0.79,1.44,-0.65,1,1,0,1.41,40.10,55.35,48.98,0.36,0.39,118,13,12,14,33.33,35.9,7.98,5,3,20,5,23,74.9,48.29,65.87,83.52,112.33,67.22,8,Chaves 1-1 Feirense,2025-09-14
Chaves,2.20,0.79,1.41,0.59,0.78,-0.19,0.85,0.01,0.84,1.44,0.79,0.65,1,1,0,-1.41,59.90,44.65,43.16,0.39,0.36,144,12,14,12,35.9,33.33,5.05,3,5,20,4,15,80.2,51.71,13.0,16.48,54.77,32.78,3,Chaves 1-1 Feirense,2025-09-14
União de Leiria,1.69,0.68,1.01,1.34,0.68,0.66,0.34,0.00,0.34,1.69,0.68,1.01,2,1,1,-0.01,61.70,66.8,48.59,1.08,0.26,218,14,16,10,14.81,38.46,7.03,3,3,25,7,15,144.2,87.18,16.2,20.59,95.93,57.84,0,Porto II 1-2 União de Leiria,2025-09-14
Porto II,0.68,1.69,-1.01,0.68,1.34,-0.66,0.00,0.34,-0.34,0.68,1.69,-1.01,1,2,-1,0.01,38.30,33.2,40.59,0.26,1.08,94,1,10,16,38.46,14.81,10.15,3,3,5,0,16,21.2,12.82,62.47,79.41,69.93,42.16,1,Porto II 1-2 União de Leiria,2025-09-14
Paços de Ferreira,0.37,1.22,-0.85,0.27,0.81,-0.54,0.10,0.41,-0.31,0.37,1.22,-0.85,0,0,0,0.85,47.40,34.65,37.13,0.04,0.89,103,4,10,16,250.0,17.98,10.93,2,9,25,9,15,32.0,19.37,44.47,42.87,27.93,16.25,0,Torreense 0-0 Paços de Ferreira,2025-09-14
Torreense,1.22,0.37,0.85,0.81,0.27,0.54,0.41,0.10,0.31,1.22,0.37,0.85,0,0,0,-0.85,52.60,65.35,49.27,0.89,0.04,195,20,16,10,17.98,250.0,7.71,9,2,24,7,14,133.2,80.63,59.27,57.13,143.93,83.75,0,Torreense 0-0 Paços de Ferreira,2025-09-14
Vizela,1.84,1.62,0.22,1.08,1.55,-0.47,0.00,0.07,-0.07,1.08,1.62,-0.54,1,1,0,-0.22,49.10,35.77,40.45,0.36,0.3,107,6,10,13,27.78,43.33,11.43,1,9,10,1,13,39.4,27.98,15.13,20.54,31.0,22.0,1,Marítimo 1-1 Vizela,2025-09-14
Marítimo,1.62,1.84,-0.22,1.55,1.08,0.47,0.07,0.00,0.07,1.62,1.08,0.54,1,1,0,0.22,50.90,64.23,53.14,0.3,0.36,209,10,13,10,43.33,27.78,7.09,9,1,22,5,15,101.4,72.02,58.53,79.46,109.9,78.0,1,Marítimo 1-1 Vizela,2025-09-14
Sporting CP II,4.56,2.21,2.35,3.00,1.68,1.32,0.04,0.53,-0.49,3.04,2.21,0.83,2,1,1,-1.35,42.80,44.25,45.32,0.48,0.24,120,11,15,23,31.25,95.83,7.52,2,4,9,3,22,59.2,35.41,67.47,64.83,61.0,37.93,0,Portimonense 1-2 Sporting CP II,2025-09-14
Portimonense,2.21,4.56,-2.35,1.68,3.00,-1.32,0.53,0.04,0.49,2.21,3.04,-0.83,1,2,-1,1.35,57.20,55.75,47.02,0.24,0.48,177,15,23,15,95.83,31.25,5.98,4,2,23,9,12,108.0,64.59,36.6,35.17,99.83,62.07,2,Portimonense 1-2 Sporting CP II,2025-09-14
Farense,2.24,0.79,1.45,2.18,0.61,1.57,0.06,0.18,-0.12,2.24,0.79,1.45,2,0,2,0.55,45.10,41.79,43.62,1.11,0.53,127,15,15,14,13.51,26.42,9.39,8,6,14,3,18,70.2,49.33,55.6,61.87,96.27,58.81,1,Leixões 0-2 Farense,2025-09-13
Leixões,0.79,2.24,-1.45,0.61,2.18,-1.57,0.18,0.06,0.12,0.79,2.24,-1.45,0,2,-2,-0.55,54.90,58.21,47.24,0.53,1.11,200,11,14,15,26.42,13.51,9.78,6,8,23,5,11,72.1,50.67,34.27,38.13,67.43,41.19,0,Leixões 0-2 Farense,2025-09-13
Penafiel,0.63,2.81,-2.18,0.58,2.04,-1.46,0.05,0.77,-0.72,0.63,2.81,-2.18,0,0,0,2.18,34.20,30.35,40.00,0.23,1.07,71,3,9,22,39.13,20.56,14.46,1,2,11,1,14,31.3,15.53,90.4,89.15,63.53,34.05,3,Lusitânia Lourosa 0-0 Penafiel,2025-09-13
Lusitânia Lourosa,2.81,0.63,2.18,2.04,0.58,1.46,0.77,0.05,0.72,2.81,0.63,2.18,0,0,0,-2.18,65.80,69.65,49.67,1.07,0.23,241,18,22,9,20.56,39.13,5.55,2,1,39,9,21,170.2,84.47,11.0,10.85,123.03,65.95,4,Lusitânia Lourosa 0-0 Penafiel,2025-09-13
Benfica II,1.38,1.95,-0.57,1.33,1.95,-0.62,0.05,0.00,0.05,1.38,1.95,-0.57,1,2,-1,-0.43,50.80,43.82,44.85,0.82,0.47,138,10,11,10,13.41,21.28,6.00,2,9,21,4,17,53.2,40.83,32.07,42.91,55.03,36.24,3,Felgueiras 1932 2-1 Benfica II,2025-09-13
Felgueiras 1932,1.95,1.38,0.57,1.95,1.33,0.62,0.00,0.05,-0.05,1.95,1.38,0.57,2,1,1,0.43,49.20,56.18,50.79,0.47,0.82,182,9,10,11,21.28,13.41,6.52,9,2,18,4,19,77.1,59.17,42.67,57.09,96.83,63.76,3,Felgueiras 1932 2-1 Benfica II,2025-09-13
Oliveirense,0.93,1.68,-0.75,0.93,1.44,-0.51,0.00,0.25,-0.25,0.93,1.68,-0.75,0,1,-1,-0.25,47.70,47.29,47.55,0.67,0.68,153,12,10,14,14.93,20.59,6.61,8,3,14,3,17,66.4,42.48,69.93,70.31,70.37,46.1,1,Vizela 1-0 Oliveirense,2025-08-31
Vizela,1.68,0.93,0.75,1.44,0.93,0.51,0.25,0.00,0.25,1.68,0.93,0.75,1,0,1,0.25,52.30,52.71,47.44,0.68,0.67,180,8,14,10,20.59,14.93,6.98,3,8,6,2,19,89.9,57.52,29.53,29.69,82.27,53.9,4,Vizela 1-0 Oliveirense,2025-08-31
Porto II,0.97,3.44,-2.47,0.93,3.24,-2.31,0.04,0.20,-0.16,0.97,3.44,-2.47,0,2,-2,0.47,52.70,49.29,42.37,0.38,0.67,137,5,10,16,26.32,23.88,8.35,4,9,12,3,13,44.6,34.63,40.53,50.88,60.1,33.88,2,Academico Viseu 2-0 Porto II,2025-08-31
Academico Viseu,3.44,0.97,2.47,3.24,0.93,2.31,0.20,0.04,0.16,3.44,0.97,2.47,2,0,2,-0.47,47.30,50.71,44.66,0.67,0.38,137,9,16,10,23.88,26.32,7.35,9,4,20,6,17,84.2,65.37,39.13,49.12,117.3,66.12,0,Academico Viseu 2-0 Porto II,2025-08-31
Paços de Ferreira,0.21,3.55,-3.34,0.21,3.06,-2.85,0.00,0.49,-0.49,0.21,3.55,-3.34,0,3,-3,0.34,43.70,36.95,41.34,0.14,1.23,149,6,4,24,28.57,19.51,13.93,3,6,9,1,10,44.6,19.18,73.27,66.01,46.93,16.06,1,Sporting CP II 3-0 Paços de Ferreira,2025-08-31
Sporting CP II,3.55,0.21,3.34,3.06,0.21,2.85,0.49,0.00,0.49,3.55,0.21,3.34,3,0,3,-0.34,56.30,63.05,46.24,1.23,0.14,212,15,24,4,19.51,28.57,9.46,6,3,16,7,17,187.9,80.82,37.73,33.99,245.24,83.94,0,Sporting CP II 3-0 Paços de Ferreira,2025-08-31
Marítimo,1.55,1.39,0.16,1.55,0.60,0.95,0.00,0.79,-0.79,1.55,1.39,0.16,2,0,2,1.84,50.90,45.95,47.00,0.18,0.91,168,1,9,9,50.0,9.89,8.45,4,4,19,2,14,64.2,49.05,30.33,53.91,92.4,66.24,1,Farense 0-2 Marítimo,2025-08-31
Farense,1.39,1.55,-0.16,0.60,1.55,-0.95,0.79,0.00,0.79,1.39,1.55,-0.16,0,2,-2,-1.84,49.10,54.05,46.48,0.91,0.18,163,13,9,9,9.89,50.0,7.86,4,4,18,4,12,66.7,50.95,25.93,46.09,47.1,33.76,5,Farense 0-2 Marítimo,2025-08-31
Portimonense,1.69,3.48,-1.79,1.69,3.31,-1.62,0.00,0.17,-0.17,1.69,3.48,-1.79,2,1,1,2.79,31.80,17.97,38.00,0.29,1.49,60,5,9,33,31.03,22.15,14.87,1,5,2,0,10,28.7,7.51,44.8,63.75,28.23,10.56,2,Benfica II 1-2 Portimonense,2025-08-30
Benfica II,3.48,1.69,1.79,3.31,1.69,1.62,0.17,0.00,0.17,3.48,1.69,1.79,1,2,-1,-2.79,68.20,82.03,62.03,1.49,0.29,333,27,33,9,22.15,31.03,6.10,5,1,45,14,13,353.7,92.49,25.47,36.25,239.0,89.44,2,Benfica II 1-2 Portimonense,2025-08-30
Leixões,1.05,1.54,-0.49,0.29,0.61,-0.32,0.00,0.16,-0.16,0.29,0.78,-0.49,0,2,-2,-1.51,53.00,48.24,44.97,0.19,0.49,139,2,8,16,42.11,32.65,5.26,6,4,15,2,16,47.3,39.55,20.87,34.86,36.13,25.55,2,Feirense 2-0 Leixões,2025-08-30
Feirense,1.54,1.05,0.49,0.61,0.29,0.32,0.16,0.00,0.16,0.78,0.29,0.49,2,0,2,1.51,47.00,51.76,48.55,0.49,0.19,129,11,16,8,32.65,42.11,6.76,4,6,20,6,21,72.3,60.45,39.0,65.14,105.27,74.45,6,Feirense 2-0 Leixões,2025-08-30
Lusitânia Lourosa,1.70,1.78,-0.08,1.68,1.45,0.23,0.02,0.33,-0.31,1.70,1.78,-0.08,1,3,-2,-1.92,54.10,50.16,48.34,0.8,0.6,194,6,12,9,15.0,15.0,6.14,4,4,39,8,15,74.9,43.42,18.8,23.64,33.31,15.38,2,Felgueiras 1932 3-1 Lusitânia Lourosa,2025-08-30
Felgueiras 1932,1.78,1.70,0.08,1.45,1.68,-0.23,0.33,0.02,0.31,1.78,1.70,0.08,3,1,2,1.92,45.90,49.84,49.08,0.6,0.8,170,10,9,12,15.0,15.0,6.89,4,4,14,1,17,97.6,56.58,60.73,76.36,183.26,84.62,6,Felgueiras 1932 3-1 Lusitânia Lourosa,2025-08-30
Chaves,2.70,0.71,1.99,2.68,0.70,1.98,0.02,0.01,0.01,2.70,0.71,1.99,2,0,2,0.01,50.00,51.33,43.32,0.5,0.48,154,15,16,10,32.0,20.83,11.75,4,8,17,9,12,84.3,61.53,29.67,33.49,109.5,64.05,3,Penafiel 0-2 Chaves,2025-08-30
Penafiel,0.71,2.70,-1.99,0.70,2.68,-1.98,0.01,0.02,-0.01,0.71,2.70,-1.99,0,2,-2,-0.01,50.00,48.67,46.07,0.48,0.5,170,9,10,16,20.83,32.0,8.00,8,4,26,3,15,52.7,38.47,58.93,66.51,61.47,35.95,2,Penafiel 0-2 Chaves,2025-08-30
Torreense,1.36,1.44,-0.08,1.23,1.42,-0.19,0.13,0.02,0.11,1.36,1.44,-0.08,0,1,-1,-0.92,58.20,71.84,53.35,0.99,0.44,276,18,14,9,14.14,20.45,8.39,5,1,33,12,13,164.4,87.08,38.8,41.87,147.9,76.88,3,União de Leiria 1-0 Torreense,2025-08-29
União de Leiria,1.44,1.36,0.08,1.42,1.23,0.19,0.02,0.13,-0.11,1.44,1.36,0.08,1,0,1,0.92,41.80,28.16,41.74,0.44,0.99,125,7,9,14,20.45,14.14,12.29,1,5,8,2,11,24.4,12.92,53.87,58.13,44.47,23.12,0,União de Leiria 1-0 Torreense,2025-08-29
Benfica II,1.00,2.94,-1.94,0.98,0.55,0.43,0.02,2.38,-2.36,1.00,2.94,-1.94,1,1,0,1.94,44.40,40.49,45.32,0.38,0.58,160,4,8,16,21.05,27.59,12.07,1,6,11,6,13,51.5,27.97,63.2,61.2,57.33,31.39,1,Lusitânia Lourosa 1-1 Benfica II,2025-08-25
Lusitânia Lourosa,2.94,1.00,1.94,0.55,0.98,-0.43,2.38,0.02,2.36,2.94,1.00,1.94,1,1,0,-1.94,55.60,59.51,49.54,0.58,0.38,233,10,16,8,27.59,21.05,8.19,6,1,38,9,15,132.6,72.03,40.07,38.8,125.3,68.61,3,Lusitânia Lourosa 1-1 Benfica II,2025-08-25
Feirense,0.78,0.70,0.08,0.78,0.38,0.40,0.00,0.33,-0.33,0.78,0.70,0.08,0,1,-1,-1.08,41.10,49.58,45.11,0.35,0.77,118,7,11,6,31.43,7.79,9.76,6,0,15,5,19,49.0,39.45,52.47,80.06,63.43,44.84,11,Marítimo 1-0 Feirense,2025-08-24
Marítimo,0.70,0.78,-0.08,0.38,0.78,-0.40,0.33,0.00,0.33,0.70,0.78,-0.08,1,0,1,1.08,58.90,50.42,44.71,0.77,0.35,158,13,6,11,7.79,31.43,6.49,0,6,19,2,13,75.2,60.55,13.07,19.94,78.03,55.16,0,Marítimo 1-0 Feirense,2025-08-24
Penafiel,1.84,2.07,-0.23,1.02,1.51,-0.49,0.05,0.57,-0.52,1.08,2.07,-0.99,2,3,-1,-0.77,46.20,53.12,50.53,0.89,0.49,189,24,14,13,15.73,26.53,7.55,3,3,25,6,19,80.3,50.0,74.13,73.69,69.13,35.88,4,Leixões 3-2 Penafiel,2025-08-24
Leixões,2.07,1.84,0.23,1.51,1.02,0.49,0.57,0.05,0.52,2.07,1.08,0.99,3,2,1,0.77,53.80,46.88,44.16,0.49,0.89,155,8,13,14,26.53,15.73,9.12,3,3,16,5,15,80.3,50.0,26.47,26.31,123.53,64.12,0,Leixões 3-2 Penafiel,2025-08-24
Farense,1.53,0.92,0.61,1.42,0.80,0.62,0.10,0.12,-0.02,1.53,0.92,0.61,2,0,2,1.39,38.80,45.06,43.62,0.62,0.52,107,12,17,12,27.42,23.08,7.64,5,2,13,7,20,81.7,51.71,124.73,87.68,115.33,48.94,0,Porto II 0-2 Farense,2025-08-24
Porto II,0.92,1.53,-0.61,0.80,1.42,-0.62,0.12,0.10,0.02,0.92,1.53,-0.61,0,2,-2,-1.39,61.20,54.94,41.95,0.52,0.62,157,5,12,17,23.08,27.42,6.49,2,5,23,6,22,76.3,48.29,17.53,12.32,120.33,51.06,0,Porto II 0-2 Farense,2025-08-24
Sporting CP II,1.17,0.98,0.19,1.13,0.66,0.47,0.04,0.32,-0.28,1.17,0.98,0.19,0,1,-1,-1.19,61.10,61.23,49.84,0.97,0.65,311,15,14,10,14.43,15.38,8.32,9,2,31,10,14,133.1,70.24,21.47,19.48,82.43,51.09,0,Oliveirense 1-0 Sporting CP II,2025-08-24
Oliveirense,0.98,1.17,-0.19,0.66,1.13,-0.47,0.32,0.04,0.28,0.98,1.17,-0.19,1,0,1,1.19,38.90,38.77,44.47,0.65,0.97,143,10,10,14,15.38,14.43,13.44,2,9,16,4,14,56.4,29.76,88.73,80.52,78.9,48.91,0,Oliveirense 1-0 Sporting CP II,2025-08-24
Academico Viseu,1.20,1.33,-0.13,0.69,1.12,-0.43,0.51,0.21,0.30,1.20,1.33,-0.13,1,2,-1,-0.87,44.60,50.0,45.90,0.52,0.29,169,13,12,15,23.08,51.72,16.38,2,8,21,4,14,91.0,45.55,83.0,67.74,94.77,71.22,2,Torreense 2-1 Academico Viseu,2025-08-23
Torreense,1.33,1.20,0.13,1.12,0.69,0.43,0.21,0.51,-0.30,1.33,1.20,0.13,2,1,1,0.87,55.40,50.0,46.12,0.29,0.52,203,13,15,12,51.72,23.08,8.69,8,2,19,6,10,108.8,54.45,39.53,32.26,38.3,28.78,1,Torreense 2-1 Academico Viseu,2025-08-23
União de Leiria,0.71,0.85,-0.14,0.71,0.78,-0.07,0.00,0.07,-0.07,0.71,0.85,-0.14,0,0,0,0.14,62.00,43.5,43.51,0.49,0.43,169,4,6,11,12.24,25.58,5.74,3,11,18,5,15,39.4,31.12,5.4,5.37,23.07,12.56,1,Paços de Ferreira 0-0 União de Leiria,2025-08-23
Paços de Ferreira,0.85,0.71,0.14,0.78,0.71,0.07,0.07,0.00,0.07,0.85,0.71,0.14,0,0,0,-0.14,38.00,56.5,47.59,0.43,0.49,128,4,11,6,25.58,12.24,7.68,11,3,16,4,17,87.2,68.88,95.2,94.63,160.67,87.44,3,Paços de Ferreira 0-0 União de Leiria,2025-08-23
Vizela,1.95,1.63,0.32,1.62,1.37,0.25,0.34,0.26,0.08,1.95,1.63,0.32,1,1,0,-0.32,54.60,54.29,47.23,0.86,0.44,155,16,18,18,20.93,40.91,7.15,0,7,16,9,14,107.6,56.78,18.67,31.71,84.73,45.95,7,Portimonense 1-1 Vizela,2025-08-23
Portimonense,1.63,1.95,-0.32,1.37,1.62,-0.25,0.26,0.34,-0.08,1.63,1.95,-0.32,1,1,0,0.32,45.40,45.71,42.48,0.44,0.86,92,13,18,18,40.91,20.93,6.89,7,0,13,9,18,81.9,43.22,40.2,68.29,99.67,54.05,5,Portimonense 1-1 Vizela,2025-08-23
Felgueiras 1932,1.44,1.81,-0.37,0.68,1.81,-1.13,0.00,0.00,0.00,0.68,1.81,-1.13,1,1,0,0.37,49.80,58.89,48.69,0.7,0.79,219,11,11,8,15.71,10.13,10.71,5,2,25,5,14,115.1,66.69,56.73,67.43,121.33,76.2,5,Chaves 1-1 Felgueiras 1932,2025-08-22
Chaves,1.81,1.44,0.37,1.81,0.68,1.13,0.00,0.00,0.00,1.81,0.68,1.13,1,1,0,-0.37,50.20,41.11,43.77,0.79,0.7,177,4,8,11,10.13,15.71,11.66,2,5,14,3,14,57.5,33.31,27.4,32.57,37.9,23.8,6,Chaves 1-1 Felgueiras 1932,2025-08-22
Leixões,1.78,1.60,0.18,1.78,1.35,0.43,0.00,0.25,-0.25,1.78,1.60,0.18,1,1,0,-0.18,37.10,32.0,40.93,0.22,0.81,92,5,8,14,36.36,17.28,12.32,2,4,16,4,11,24.6,15.27,69.53,74.44,38.53,34.62,0,Benfica II 1-1 Leixões,2025-08-17
Benfica II,1.60,1.78,-0.18,1.35,1.78,-0.43,0.25,0.00,0.25,1.60,1.78,-0.18,1,1,0,0.18,62.90,68.0,51.73,0.81,0.22,267,14,14,8,17.28,36.36,5.88,4,2,25,8,21,136.5,84.73,23.87,25.56,72.77,65.38,1,Benfica II 1-1 Leixões,2025-08-17
Oliveirense,0.80,0.64,0.16,0.80,0.64,0.16,0.00,0.00,0.00,0.80,0.64,0.16,0,0,0,-0.16,44.50,42.24,42.58,0.63,1.02,136,7,10,11,15.87,10.78,13.68,3,6,14,2,8,48.1,26.71,40.87,49.44,53.4,27.87,2,Penafiel 0-0 Oliveirense,2025-08-17
Penafiel,0.64,0.80,-0.16,0.64,0.80,-0.16,0.00,0.00,0.00,0.64,0.80,-0.16,0,0,0,0.16,55.50,57.76,47.07,1.02,0.63,217,18,11,10,10.78,15.87,13.54,6,3,24,4,13,132.0,73.29,41.8,50.56,138.23,72.13,3,Penafiel 0-0 Oliveirense,2025-08-17
União de Leiria,2.24,1.19,1.05,2.15,1.16,0.99,0.09,0.04,0.05,2.24,1.19,1.05,0,1,-1,-2.05,53.00,54.72,45.51,0.97,0.58,177,14,17,8,17.53,13.79,6.95,8,8,27,9,19,110.9,60.3,39.8,46.46,107.07,54.94,3,Sporting CP II 1-0 União de Leiria,2025-08-17
Sporting CP II,1.19,2.24,-1.05,1.16,2.15,-0.99,0.04,0.09,-0.05,1.19,2.24,-1.05,1,0,1,2.05,47.00,45.28,43.33,0.58,0.97,133,16,8,17,13.79,17.53,6.68,8,8,12,4,20,73.0,39.7,45.87,53.54,87.83,45.06,3,Sporting CP II 1-0 União de Leiria,2025-08-17
Torreense,1.07,1.10,-0.03,1.07,1.07,0.00,0.00,0.02,-0.02,1.07,1.10,-0.03,3,0,3,3.03,37.10,33.13,42.39,0.53,0.75,106,11,9,13,16.98,17.33,13.38,6,3,5,1,10,30.3,18.53,68.4,81.69,87.77,58.18,2,Farense 0-3 Torreense,2025-08-17
Farense,1.10,1.07,0.03,1.07,1.07,0.00,0.02,0.00,0.02,1.10,1.07,0.03,0,3,-3,-3.03,62.90,66.87,50.97,0.75,0.53,273,11,13,9,17.33,16.98,8.63,3,6,29,6,10,133.2,81.47,15.33,18.31,63.1,41.82,3,Farense 0-3 Torreense,2025-08-17
Chaves,0.43,1.25,-0.82,0.34,0.66,-0.32,0.09,0.59,-0.50,0.43,1.25,-0.82,2,2,0,0.82,44.80,51.87,46.31,0.39,0.36,137,7,9,15,23.08,41.67,7.93,5,2,16,7,16,69.1,44.01,56.33,78.31,85.73,52.67,7,Lusitânia Lourosa 2-2 Chaves,2025-08-16
Lusitânia Lourosa,1.25,0.43,0.82,0.66,0.34,0.32,0.59,0.09,0.50,1.25,0.43,0.82,2,2,0,-0.82,55.20,48.13,46.05,0.36,0.39,180,9,15,9,41.67,23.08,7.66,2,5,24,8,15,87.9,55.99,15.6,21.69,77.03,47.33,1,Lusitânia Lourosa 2-2 Chaves,2025-08-16
Paços de Ferreira,0.41,1.03,-0.62,0.27,0.97,-0.70,0.14,0.05,0.09,0.41,1.03,-0.62,0,0,0,0.62,38.40,28.57,36.77,0.2,0.93,74,3,7,19,35.0,20.43,11.03,5,7,6,2,12,14.5,9.27,59.67,73.36,35.73,22.2,1,Academico Viseu 0-0 Paços de Ferreira,2025-08-16
Academico Viseu,1.03,0.41,0.62,0.97,0.27,0.70,0.05,0.14,-0.09,1.03,0.41,0.62,0,0,0,-0.62,61.60,71.43,47.25,0.93,0.2,205,10,19,7,20.43,35.0,5.87,7,5,24,4,21,142.0,90.73,21.67,26.64,125.23,77.8,1,Academico Viseu 0-0 Paços de Ferreira,2025-08-16
Porto II,0.73,4.92,-4.19,0.34,3.85,-3.51,0.39,1.07,-0.68,0.73,4.92,-4.19,0,4,-4,0.19,41.00,37.92,44.37,0.38,1.44,120,10,7,17,18.42,11.81,12.96,4,6,17,7,6,35.6,22.73,77.4,85.05,28.93,15.61,1,Vizela 4-0 Porto II,2025-08-16
Vizela,4.92,0.73,4.19,3.85,0.34,3.51,1.07,0.39,0.68,4.92,0.73,4.19,4,0,4,-0.19,59.00,62.08,46.69,1.44,0.38,202,11,17,7,11.81,18.42,8.10,6,4,15,3,14,121.0,77.27,13.6,14.95,156.38,84.39,2,Vizela 4-0 Porto II,2025-08-16
Marítimo,0.91,0.79,0.12,0.68,0.72,-0.04,0.23,0.07,0.16,0.91,0.79,0.12,1,0,1,0.88,58.80,56.97,45.79,0.36,0.68,155,15,14,11,38.89,16.18,6.30,2,6,24,10,16,64.3,57.56,8.8,12.72,54.0,38.33,1,Felgueiras 1932 0-1 Marítimo,2025-08-16
Felgueiras 1932,0.79,0.91,-0.12,0.72,0.68,0.04,0.07,0.23,-0.16,0.79,0.91,-0.12,0,1,-1,-0.88,41.20,43.03,48.19,0.68,0.36,111,9,11,14,16.18,38.89,5.79,6,2,20,7,25,47.4,42.44,60.4,87.28,86.9,61.67,2,Felgueiras 1932 0-1 Marítimo,2025-08-16
Portimonense,0.41,2.43,-2.02,0.41,1.53,-1.12,0.00,0.15,-0.15,0.41,1.67,-1.26,1,4,-3,-0.98,49.10,33.57,42.42,0.37,0.66,104,4,3,20,8.11,30.3,6.62,2,5,14,2,14,21.5,13.09,15.4,29.28,19.8,11.59,5,Feirense 4-1 Portimonense,2025-08-15
Feirense,2.43,0.41,2.02,1.53,0.41,1.12,0.15,0.00,0.15,1.67,0.41,1.26,4,1,3,0.98,50.90,66.43,54.25,0.66,0.37,172,19,20,3,30.3,8.11,5.43,5,2,29,6,20,142.7,86.91,37.2,70.72,151.0,88.41,16,Feirense 4-1 Portimonense,2025-08-15
Farense,0.81,1.88,-1.07,0.60,1.12,-0.52,0.21,0.00,0.21,0.81,1.12,-0.31,1,1,0,1.07,63.70,67.1,50.97,0.8,0.36,289,20,16,8,20.0,22.22,7.41,2,2,38,10,13,158.3,77.52,14.2,14.83,102.53,59.1,2,Oliveirense 1-1 Farense,2025-08-11
Oliveirense,1.88,0.81,1.07,1.12,0.60,0.52,0.00,0.21,-0.21,1.12,0.81,0.31,1,1,0,-1.07,36.30,32.9,42.58,0.36,0.8,114,4,8,16,22.22,20.0,15.00,2,2,5,1,13,45.9,22.48,81.53,85.17,70.97,40.9,4,Oliveirense 1-1 Farense,2025-08-11
Feirense,1.86,0.44,1.42,0.74,0.44,0.30,1.12,0.00,1.12,1.86,0.44,1.42,0,0,0,-1.42,34.20,57.08,46.72,0.23,0.28,122,7,16,8,69.57,28.57,11.62,8,2,23,6,18,65.8,66.4,138.27,98.62,175.2,96.49,13,Porto II 0-0 Feirense,2025-08-10
Porto II,0.44,1.86,-1.42,0.44,0.74,-0.30,0.00,1.12,-1.12,0.44,1.86,-1.42,0,0,0,1.42,65.80,42.92,37.37,0.28,0.23,117,2,8,16,28.57,69.57,7.80,2,8,14,4,8,33.3,33.6,1.93,1.38,6.37,3.51,2,Porto II 0-0 Feirense,2025-08-10
Academico Viseu,1.68,0.55,1.13,1.33,0.41,0.92,0.36,0.14,0.22,1.68,0.55,1.13,2,3,-1,-2.13,34.80,36.8,43.78,0.53,0.55,120,9,10,8,18.87,14.55,12.79,4,1,8,6,17,62.3,33.75,76.4,80.42,84.8,55.97,2,União de Leiria 3-2 Academico Viseu,2025-08-10
União de Leiria,0.55,1.68,-1.13,0.41,1.33,-0.92,0.14,0.36,-0.22,0.55,1.68,-1.13,3,2,1,2.13,65.20,63.2,50.82,0.55,0.53,277,6,8,10,14.55,18.87,6.57,1,4,20,7,12,122.3,66.25,18.6,19.58,66.7,44.03,1,União de Leiria 3-2 Academico Viseu,2025-08-10
Felgueiras 1932,1.64,3.50,-1.86,1.55,3.30,-1.75,0.09,0.20,-0.11,1.64,3.50,-1.86,0,3,-3,-1.14,62.80,62.5,51.36,1.5,0.26,244,24,17,16,11.33,61.54,5.35,5,4,30,5,15,123.2,72.73,10.8,14.25,71.57,41.63,3,Leixões 3-0 Felgueiras 1932,2025-08-10
Leixões,3.50,1.64,1.86,3.30,1.55,1.75,0.20,0.09,0.11,3.50,1.64,1.86,3,0,3,1.14,37.20,37.5,48.59,0.26,1.5,119,9,16,17,61.54,11.33,8.97,4,5,14,4,18,46.2,27.27,65.0,85.75,100.36,58.37,1,Leixões 3-0 Felgueiras 1932,2025-08-10
Lusitânia Lourosa,2.06,0.78,1.28,1.61,0.77,0.84,0.45,0.01,0.44,2.06,0.78,1.28,1,0,1,-0.28,44.80,33.89,41.23,0.6,0.74,127,9,12,18,20.0,24.32,14.50,4,9,14,5,11,45.4,25.68,62.4,63.07,44.27,29.78,1,Marítimo 0-1 Lusitânia Lourosa,2025-08-10
Marítimo,0.78,2.06,-1.28,0.77,1.61,-0.84,0.01,0.45,-0.44,0.78,2.06,-1.28,0,1,-1,0.28,55.20,66.11,52.33,0.74,0.6,280,10,18,12,24.32,20.0,9.75,9,4,22,3,16,131.4,74.32,36.53,36.93,104.4,70.22,2,Marítimo 0-1 Lusitânia Lourosa,2025-08-10
Benfica II,0.98,2.77,-1.79,0.19,2.74,-2.55,0.02,0.03,-0.01,0.22,2.77,-2.55,1,1,0,1.79,30.70,30.96,40.21,0.22,1.17,71,4,6,19,27.27,16.24,10.05,5,5,7,3,21,19.9,11.14,117.4,98.71,57.83,44.28,4,Chaves 1-1 Benfica II,2025-08-10
Chaves,2.77,0.98,1.79,2.74,0.19,2.55,0.03,0.02,0.01,2.77,0.22,2.55,1,1,0,-1.79,69.30,69.04,46.95,1.17,0.22,224,13,19,6,16.24,27.27,4.92,5,5,21,3,11,158.7,88.86,1.53,1.29,72.77,55.72,2,Chaves 1-1 Benfica II,2025-08-10
Penafiel,0.97,3.25,-2.28,0.69,2.98,-2.29,0.28,0.27,0.01,0.97,3.25,-2.28,1,2,-1,1.28,48.90,48.41,41.51,0.39,0.42,132,11,10,23,25.64,54.76,8.94,4,9,12,6,21,32.0,22.78,57.2,59.21,49.0,27.79,7,Portimonense 2-1 Penafiel,2025-08-09
Portimonense,3.25,0.97,2.28,2.98,0.69,2.29,0.27,0.28,-0.01,3.25,0.97,2.28,2,1,1,-1.28,51.10,51.59,46.25,0.42,0.39,156,16,23,10,54.76,25.64,4.89,9,4,18,6,17,108.5,77.22,39.4,40.79,127.3,72.21,4,Portimonense 2-1 Penafiel,2025-08-09
Sporting CP II,1.22,0.90,0.32,1.14,0.78,0.36,0.08,0.12,-0.04,1.22,0.90,0.32,1,0,1,0.68,54.30,42.09,42.82,0.74,0.51,150,11,9,11,12.16,21.57,13.05,2,4,10,4,6,61.1,38.99,22.07,24.02,50.67,27.78,0,Torreense 0-1 Sporting CP II,2025-08-09
Torreense,0.90,1.22,-0.32,0.78,1.14,-0.36,0.12,0.08,0.04,0.90,1.22,-0.32,0,1,-1,-0.68,45.70,57.91,47.50,0.51,0.74,178,7,11,9,21.57,12.16,13.69,4,2,17,5,14,95.6,61.01,69.8,75.98,131.7,72.22,0,Torreense 0-1 Sporting CP II,2025-08-09
Vizela,1.62,0.54,1.08,1.37,0.44,0.93,0.26,0.09,0.17,1.62,0.54,1.08,2,1,1,-0.08,63.30,61.48,45.62,0.36,0.27,197,7,16,10,44.44,37.04,5.50,5,7,13,4,21,127.6,74.88,18.0,13.92,88.6,49.6,0,Paços de Ferreira 1-2 Vizela,2025-08-09
Paços de Ferreira,0.54,1.62,-1.08,0.44,1.37,-0.93,0.09,0.26,-0.17,0.54,1.62,-1.08,1,2,-1,0.08,36.70,38.52,45.27,0.27,0.36,106,3,10,16,37.04,44.44,9.78,7,5,12,4,19,42.8,25.12,111.33,86.08,90.03,50.4,2,Paços de Ferreira 1-2 Vizela,2025-08-09
